-- --------------------------------------------------------
-- Host:                         124.81.122.36
-- Server version:               5.7.25 - MySQL Community Server (GPL)
-- Server OS:                    Linux
-- HeidiSQL Version:             10.2.0.5599
-- --------------------------------------------------------

/*!40101 SET @OLD_CHARACTER_SET_CLIENT=@@CHARACTER_SET_CLIENT */;
/*!40101 SET NAMES utf8 */;
/*!50503 SET NAMES utf8mb4 */;
/*!40014 SET @OLD_FOREIGN_KEY_CHECKS=@@FOREIGN_KEY_CHECKS, FOREIGN_KEY_CHECKS=0 */;
/*!40101 SET @OLD_SQL_MODE=@@SQL_MODE, SQL_MODE='NO_AUTO_VALUE_ON_ZERO' */;


-- Dumping database structure for rtmdb
CREATE DATABASE IF NOT EXISTS `rtmdb` /*!40100 DEFAULT CHARACTER SET latin1 */;
USE `rtmdb`;

-- Dumping structure for table rtmdb.migrations
CREATE TABLE IF NOT EXISTS `migrations` (
  `id` int(10) unsigned NOT NULL AUTO_INCREMENT,
  `migration` varchar(255) COLLATE utf8mb4_unicode_ci NOT NULL,
  `batch` int(11) NOT NULL,
  PRIMARY KEY (`id`)
) ENGINE=InnoDB AUTO_INCREMENT=4 DEFAULT CHARSET=utf8mb4 COLLATE=utf8mb4_unicode_ci;

-- Dumping data for table rtmdb.migrations: ~3 rows (approximately)
/*!40000 ALTER TABLE `migrations` DISABLE KEYS */;
INSERT INTO `migrations` (`id`, `migration`, `batch`) VALUES
	(1, '2014_10_12_000000_create_users_table', 1),
	(2, '2014_10_12_100000_create_password_resets_table', 1),
	(3, '2019_07_29_163140_create_permission_tables', 1);
/*!40000 ALTER TABLE `migrations` ENABLE KEYS */;

-- Dumping structure for table rtmdb.model_has_permissions
CREATE TABLE IF NOT EXISTS `model_has_permissions` (
  `permission_id` int(10) unsigned NOT NULL,
  `model_type` varchar(255) COLLATE utf8mb4_unicode_ci NOT NULL,
  `model_id` bigint(20) unsigned NOT NULL,
  PRIMARY KEY (`permission_id`,`model_id`,`model_type`),
  KEY `model_has_permissions_model_id_model_type_index` (`model_id`,`model_type`),
  CONSTRAINT `model_has_permissions_permission_id_foreign` FOREIGN KEY (`permission_id`) REFERENCES `permissions` (`id`) ON DELETE CASCADE
) ENGINE=InnoDB DEFAULT CHARSET=utf8mb4 COLLATE=utf8mb4_unicode_ci;

-- Dumping data for table rtmdb.model_has_permissions: ~0 rows (approximately)
/*!40000 ALTER TABLE `model_has_permissions` DISABLE KEYS */;
/*!40000 ALTER TABLE `model_has_permissions` ENABLE KEYS */;

-- Dumping structure for table rtmdb.model_has_roles
CREATE TABLE IF NOT EXISTS `model_has_roles` (
  `role_id` int(10) unsigned NOT NULL,
  `model_type` varchar(255) COLLATE utf8mb4_unicode_ci NOT NULL,
  `model_id` bigint(20) unsigned NOT NULL,
  PRIMARY KEY (`role_id`,`model_id`,`model_type`),
  KEY `model_has_roles_model_id_model_type_index` (`model_id`,`model_type`),
  CONSTRAINT `model_has_roles_role_id_foreign` FOREIGN KEY (`role_id`) REFERENCES `roles` (`id`) ON DELETE CASCADE
) ENGINE=InnoDB DEFAULT CHARSET=utf8mb4 COLLATE=utf8mb4_unicode_ci;

-- Dumping data for table rtmdb.model_has_roles: ~19 rows (approximately)
/*!40000 ALTER TABLE `model_has_roles` DISABLE KEYS */;
INSERT INTO `model_has_roles` (`role_id`, `model_type`, `model_id`) VALUES
	(2, 'App\\user', 1),
	(2, 'App\\user', 2),
	(2, 'App\\user', 3),
	(2, 'App\\user', 4),
	(2, 'App\\user', 5),
	(2, 'App\\user', 6),
	(2, 'App\\user', 7),
	(2, 'App\\user', 8),
	(2, 'App\\user', 9),
	(2, 'App\\user', 10),
	(2, 'App\\user', 11),
	(2, 'App\\user', 12),
	(2, 'App\\user', 13),
	(2, 'App\\user', 14),
	(2, 'App\\user', 15),
	(2, 'App\\user', 16),
	(2, 'App\\user', 17),
	(2, 'App\\user', 18),
	(1, 'App\\user', 19);
/*!40000 ALTER TABLE `model_has_roles` ENABLE KEYS */;

-- Dumping structure for table rtmdb.password_resets
CREATE TABLE IF NOT EXISTS `password_resets` (
  `email` varchar(255) COLLATE utf8mb4_unicode_ci NOT NULL,
  `token` varchar(255) COLLATE utf8mb4_unicode_ci NOT NULL,
  `created_at` timestamp NULL DEFAULT NULL,
  KEY `password_resets_email_index` (`email`)
) ENGINE=InnoDB DEFAULT CHARSET=utf8mb4 COLLATE=utf8mb4_unicode_ci;

-- Dumping data for table rtmdb.password_resets: ~0 rows (approximately)
/*!40000 ALTER TABLE `password_resets` DISABLE KEYS */;
/*!40000 ALTER TABLE `password_resets` ENABLE KEYS */;

-- Dumping structure for table rtmdb.permissions
CREATE TABLE IF NOT EXISTS `permissions` (
  `id` int(10) unsigned NOT NULL AUTO_INCREMENT,
  `name` varchar(255) COLLATE utf8mb4_unicode_ci NOT NULL,
  `guard_name` varchar(255) COLLATE utf8mb4_unicode_ci NOT NULL,
  `created_at` timestamp NULL DEFAULT NULL,
  `updated_at` timestamp NULL DEFAULT NULL,
  PRIMARY KEY (`id`)
) ENGINE=InnoDB AUTO_INCREMENT=5 DEFAULT CHARSET=utf8mb4 COLLATE=utf8mb4_unicode_ci;

-- Dumping data for table rtmdb.permissions: ~4 rows (approximately)
/*!40000 ALTER TABLE `permissions` DISABLE KEYS */;
INSERT INTO `permissions` (`id`, `name`, `guard_name`, `created_at`, `updated_at`) VALUES
	(1, 'view post', 'web', '2019-08-01 20:53:03', '2019-08-01 20:53:04'),
	(2, 'edit post', 'web', '2019-08-01 20:53:14', '2019-08-01 20:53:16'),
	(3, 'delete post', 'web', '2019-08-01 20:53:26', '2019-08-01 20:53:27'),
	(4, 'add post', 'web', '2019-09-16 09:56:19', '2019-09-16 09:56:20');
/*!40000 ALTER TABLE `permissions` ENABLE KEYS */;

-- Dumping structure for table rtmdb.roles
CREATE TABLE IF NOT EXISTS `roles` (
  `id` int(10) unsigned NOT NULL AUTO_INCREMENT,
  `name` varchar(255) COLLATE utf8mb4_unicode_ci NOT NULL,
  `guard_name` varchar(255) COLLATE utf8mb4_unicode_ci NOT NULL,
  `created_at` timestamp NULL DEFAULT NULL,
  `updated_at` timestamp NULL DEFAULT NULL,
  PRIMARY KEY (`id`)
) ENGINE=InnoDB AUTO_INCREMENT=5 DEFAULT CHARSET=utf8mb4 COLLATE=utf8mb4_unicode_ci;

-- Dumping data for table rtmdb.roles: ~4 rows (approximately)
/*!40000 ALTER TABLE `roles` DISABLE KEYS */;
INSERT INTO `roles` (`id`, `name`, `guard_name`, `created_at`, `updated_at`) VALUES
	(1, 'admin', 'web', '2019-08-01 20:51:35', '2019-08-01 20:51:38'),
	(2, 'unit', 'web', '2019-08-01 20:52:03', '2019-08-01 20:52:04'),
	(3, 'viewer', 'web', '2019-08-01 20:52:15', '2019-08-01 20:52:16'),
	(4, 'writer', 'web', '2019-08-01 14:10:34', '2019-08-01 14:10:34');
/*!40000 ALTER TABLE `roles` ENABLE KEYS */;

-- Dumping structure for table rtmdb.role_has_permissions
CREATE TABLE IF NOT EXISTS `role_has_permissions` (
  `permission_id` int(10) unsigned NOT NULL,
  `role_id` int(10) unsigned NOT NULL,
  PRIMARY KEY (`permission_id`,`role_id`),
  KEY `role_has_permissions_role_id_foreign` (`role_id`),
  CONSTRAINT `role_has_permissions_permission_id_foreign` FOREIGN KEY (`permission_id`) REFERENCES `permissions` (`id`) ON DELETE CASCADE,
  CONSTRAINT `role_has_permissions_role_id_foreign` FOREIGN KEY (`role_id`) REFERENCES `roles` (`id`) ON DELETE CASCADE
) ENGINE=InnoDB DEFAULT CHARSET=utf8mb4 COLLATE=utf8mb4_unicode_ci;

-- Dumping data for table rtmdb.role_has_permissions: ~6 rows (approximately)
/*!40000 ALTER TABLE `role_has_permissions` DISABLE KEYS */;
INSERT INTO `role_has_permissions` (`permission_id`, `role_id`) VALUES
	(1, 1),
	(2, 1),
	(3, 1),
	(1, 2),
	(2, 2),
	(1, 3);
/*!40000 ALTER TABLE `role_has_permissions` ENABLE KEYS */;

-- Dumping structure for table rtmdb.rtm_uraian
CREATE TABLE IF NOT EXISTS `rtm_uraian` (
  `rtm_id` int(5) NOT NULL,
  `uraian_id` int(5) NOT NULL,
  `status` smallint(6) DEFAULT '0',
  KEY `rtm_id` (`rtm_id`),
  KEY `uraian_id` (`uraian_id`)
) ENGINE=InnoDB DEFAULT CHARSET=latin1;

-- Dumping data for table rtmdb.rtm_uraian: ~4 rows (approximately)
/*!40000 ALTER TABLE `rtm_uraian` DISABLE KEYS */;
INSERT INTO `rtm_uraian` (`rtm_id`, `uraian_id`, `status`) VALUES
	(1, 1, 1),
	(2, 3, 1),
	(2, 2, 1),
	(1, 4, 1);
/*!40000 ALTER TABLE `rtm_uraian` ENABLE KEYS */;

-- Dumping structure for table rtmdb.tb_departemen
CREATE TABLE IF NOT EXISTS `tb_departemen` (
  `id` int(5) NOT NULL AUTO_INCREMENT,
  `departemen` varchar(100) DEFAULT NULL,
  PRIMARY KEY (`id`)
) ENGINE=InnoDB AUTO_INCREMENT=19 DEFAULT CHARSET=latin1;

-- Dumping data for table rtmdb.tb_departemen: ~18 rows (approximately)
/*!40000 ALTER TABLE `tb_departemen` DISABLE KEYS */;
INSERT INTO `tb_departemen` (`id`, `departemen`) VALUES
	(1, 'Divisi Inventarisasi dan Pengendalian Aset'),
	(2, 'Sekretariat Perusahaan'),
	(3, 'Divisi Sumber Daya Manusia'),
	(4, 'Divisi Umum dan PKBL'),
	(5, 'Divisi Keuangan dan Akuntansi'),
	(6, 'Divisi Pengendalian Kinerja dan Sistem Manajemen'),
	(7, 'Satuan Pengawasan Intern'),
	(8, 'Divisi Pengelolaan Proyek'),
	(9, 'Divisi SDA dan SDL'),
	(10, 'Divisi Rencana Strategis dan Litbang'),
	(11, 'Divisi Pengusahaan dan Pelayanan Pelanggan'),
	(12, 'Unit Usaha Wilayah II'),
	(13, 'Unit Usaha PLTA'),
	(14, 'Unit Usaha Pariwisata dan AMDK'),
	(15, 'Unit Usaha Wilayah I'),
	(16, 'Unit Usaha Wilayah IV'),
	(17, 'Unit Usaha Wilayah III'),
	(18, 'Unit Layanan Pengadaan');
/*!40000 ALTER TABLE `tb_departemen` ENABLE KEYS */;

-- Dumping structure for table rtmdb.tb_index
CREATE TABLE IF NOT EXISTS `tb_index` (
  `id` int(11) NOT NULL AUTO_INCREMENT,
  `index_masalah` text,
  `created_at` timestamp NULL DEFAULT NULL,
  `updated_at` timestamp NULL DEFAULT NULL,
  PRIMARY KEY (`id`)
) ENGINE=InnoDB AUTO_INCREMENT=30 DEFAULT CHARSET=latin1;

-- Dumping data for table rtmdb.tb_index: ~6 rows (approximately)
/*!40000 ALTER TABLE `tb_index` DISABLE KEYS */;
INSERT INTO `tb_index` (`id`, `index_masalah`, `created_at`, `updated_at`) VALUES
	(1, 'Hasil Audit', '2019-08-13 10:11:34', '2019-08-13 10:11:35'),
	(2, 'Umpan Balik (Feedback) Pelanggan', '2019-08-13 10:11:58', '2019-08-13 10:11:58'),
	(3, 'Kinerja Proses dan Kesesuaian Produk', '2019-08-13 10:15:47', '2019-08-13 10:15:49'),
	(4, 'Status Tindakan Koreksi dan Tindakan Pencegahan', '2019-08-13 10:15:48', '2019-08-13 10:15:49'),
	(5, 'Perubahan yang dapat mempengaruhi pada sistem manajemen', '2019-08-13 10:15:52', '2019-08-13 10:15:50'),
	(6, 'Saran untuk koreksi', '2019-08-13 10:15:51', '2019-08-13 10:15:51');
/*!40000 ALTER TABLE `tb_index` ENABLE KEYS */;

-- Dumping structure for table rtmdb.tb_menu
CREATE TABLE IF NOT EXISTS `tb_menu` (
  `id` int(5) unsigned NOT NULL AUTO_INCREMENT,
  `name` varchar(50) NOT NULL DEFAULT '0',
  `link` varchar(50) NOT NULL DEFAULT '0',
  `icon` varchar(50) DEFAULT '0',
  `is_parent` varchar(50) NOT NULL DEFAULT '0',
  `role` varchar(20) DEFAULT NULL,
  PRIMARY KEY (`id`)
) ENGINE=InnoDB AUTO_INCREMENT=7 DEFAULT CHARSET=latin1;

-- Dumping data for table rtmdb.tb_menu: ~6 rows (approximately)
/*!40000 ALTER TABLE `tb_menu` DISABLE KEYS */;
INSERT INTO `tb_menu` (`id`, `name`, `link`, `icon`, `is_parent`, `role`) VALUES
	(1, 'Beranda', '/', 'icon-home', '0', 'admin,unit,viewer'),
	(2, 'User', 'user', 'icon-users', '6', 'admin'),
	(3, 'Dokumen', 'dokumen', 'icon-docs', '0', ''),
	(4, 'Daftar Permasalahan', '/masalah', 'icon-docs', '0', 'admin,unit,viewer'),
	(5, 'Daftar Rtm', '/rtm', 'icon-bar-chart', '0', 'admin,unit,viewer'),
	(6, 'Menu Admin', '#', 'icon-user', '0', 'admin');
/*!40000 ALTER TABLE `tb_menu` ENABLE KEYS */;

-- Dumping structure for table rtmdb.tb_progres
CREATE TABLE IF NOT EXISTS `tb_progres` (
  `id` int(11) NOT NULL AUTO_INCREMENT,
  `target` float NOT NULL DEFAULT '0',
  `realisasi` float NOT NULL DEFAULT '0',
  `competitor` float NOT NULL DEFAULT '0',
  `year` varchar(20) NOT NULL DEFAULT '',
  `uraian_id` varchar(20) NOT NULL DEFAULT '',
  `created_at` timestamp NULL DEFAULT NULL,
  `updated_at` timestamp NULL DEFAULT NULL,
  PRIMARY KEY (`id`)
) ENGINE=InnoDB AUTO_INCREMENT=11 DEFAULT CHARSET=latin1;

-- Dumping data for table rtmdb.tb_progres: ~10 rows (approximately)
/*!40000 ALTER TABLE `tb_progres` DISABLE KEYS */;
INSERT INTO `tb_progres` (`id`, `target`, `realisasi`, `competitor`, `year`, `uraian_id`, `created_at`, `updated_at`) VALUES
	(1, 80, 50, 100, '2018', '1', '2019-09-15 15:44:33', '2019-09-15 15:44:33'),
	(2, 80, 60, 100, '2019', '1', '2019-09-15 15:44:33', '2019-09-15 15:44:33'),
	(3, 50, 30, 40, '2017', '6', '2019-09-22 15:46:41', '2019-09-22 15:46:41'),
	(4, 50, 40, 40, '2018', '6', '2019-09-22 15:46:41', '2019-09-22 15:46:41'),
	(5, 50, 50, 40, '2019', '6', '2019-09-22 22:56:45', '2019-09-22 22:56:46'),
	(6, 80, 70, 100, '2020', '1', '2019-09-26 15:29:12', '2019-09-26 15:29:12'),
	(7, 80, 80, 100, '2020', '1', '2019-09-26 15:37:20', '2019-09-26 15:37:20'),
	(8, 80, 90, 100, '2019', '2', '2019-09-26 15:40:25', '2019-09-26 15:40:25'),
	(9, 80, 100, 90, '2020', '2', '2019-09-26 15:41:40', '2019-09-26 15:41:40'),
	(10, 80, 100, 100, '2020', '2', '2019-09-26 15:41:40', '2019-09-26 15:41:40');
/*!40000 ALTER TABLE `tb_progres` ENABLE KEYS */;

-- Dumping structure for table rtmdb.tb_rtm
CREATE TABLE IF NOT EXISTS `tb_rtm` (
  `id` int(11) NOT NULL AUTO_INCREMENT,
  `rtm_ke` int(5) DEFAULT NULL,
  `tingkat` varchar(20) DEFAULT NULL,
  `rkt` varchar(5) DEFAULT NULL,
  `tahun` varchar(5) DEFAULT NULL,
  `created_at` timestamp NULL DEFAULT NULL,
  `updated_at` timestamp NULL DEFAULT NULL,
  PRIMARY KEY (`id`)
) ENGINE=InnoDB AUTO_INCREMENT=3 DEFAULT CHARSET=latin1;

-- Dumping data for table rtmdb.tb_rtm: ~2 rows (approximately)
/*!40000 ALTER TABLE `tb_rtm` DISABLE KEYS */;
INSERT INTO `tb_rtm` (`id`, `rtm_ke`, `tingkat`, `rkt`, `tahun`, `created_at`, `updated_at`) VALUES
	(1, 72, 'Pusat', 'I', '2020', '2019-09-15 16:05:50', '2019-09-15 16:05:50'),
	(2, 73, 'Pusat', 'II', '2020', '2019-09-16 13:48:09', '2019-09-16 13:48:09');
/*!40000 ALTER TABLE `tb_rtm` ENABLE KEYS */;

-- Dumping structure for table rtmdb.tb_uraian
CREATE TABLE IF NOT EXISTS `tb_uraian` (
  `id` int(5) NOT NULL AUTO_INCREMENT,
  `uraian` mediumtext,
  `analisis` text,
  `r_uraian` text,
  `r_target` text,
  `r_pic` text,
  `ket` text,
  `tindak` text,
  `p_rencana` text,
  `p_realisasi` text,
  `index_id` int(5) DEFAULT NULL,
  `status` tinyint(1) DEFAULT NULL,
  `created_at` timestamp NULL DEFAULT NULL,
  `updated_at` timestamp NULL DEFAULT NULL,
  PRIMARY KEY (`id`)
) ENGINE=InnoDB AUTO_INCREMENT=21 DEFAULT CHARSET=latin1;

-- Dumping data for table rtmdb.tb_uraian: ~15 rows (approximately)
/*!40000 ALTER TABLE `tb_uraian` DISABLE KEYS */;
INSERT INTO `tb_uraian` (`id`, `uraian`, `analisis`, `r_uraian`, `r_target`, `r_pic`, `ket`, `tindak`, `p_rencana`, `p_realisasi`, `index_id`, `status`, `created_at`, `updated_at`) VALUES
	(1, '1. Sebagai seorang karyawan, umumnya Anda menghabiskan sekitar 8 jam untuk bekerja. Suka atau tidak suka, sejumlah masalah akan muncul saat Anda bekerja.', 'Tentunya,&nbsp; setiap masalah tidak boleh dibiarkan berlarut-larut. Mengapa? Ketika Anda membiarkannya, akan timbul masalah-masalah baru sehingga Anda terjerembab pada kubangan masalah.', 'Jangan khawatir jika Anda tidak tahu akan solusi masalah yang sedang Anda hadapi. Berikut 7 contoh masalah di tempat kerja lengkap dengan solusi cerdasnya.', '30 Hari', '2', NULL, 'Jangan khawatir jika Anda tidak tahu akan solusi masalah yang sedang Anda hadapi. Berikut 7 contoh masalah di tempat kerja lengkap dengan solusi cerdasnya.', 'Jangan khawatir jika Anda tidak tahu akan solusi masalah yang sedang Anda hadapi. Berikut 7 contoh masalah di tempat kerja lengkap dengan solusi cerdasnya.', 'Jangan khawatir jika Anda tidak tahu akan solusi masalah yang sedang Anda hadapi. Berikut 7 contoh masalah di tempat kerja lengkap dengan solusi cerdasnya.', 1, 1, '2019-09-15 15:44:33', '2019-09-26 15:37:20'),
	(2, '2. Sebagai seorang karyawan, umumnya Anda menghabiskan sekitar 8 jam untuk bekerja. Suka atau tidak suka, sejumlah masalah akan muncul saat Anda bekerja.', 'Tentunya,&nbsp; setiap masalah tidak boleh dibiarkan berlarut-larut. Mengapa? Ketika Anda membiarkannya, akan timbul masalah-masalah baru sehingga Anda terjerembab pada kubangan masalah.', 'Jangan khawatir jika Anda tidak tahu akan solusi masalah yang sedang Anda hadapi. Berikut 7 contoh masalah di tempat kerja lengkap dengan solusi cerdasnya.', '30 Hari', '2', NULL, 'Jangan khawatir jika Anda tidak tahu akan solusi masalah yang sedang Anda hadapi. Berikut 7 contoh masalah di tempat kerja lengkap dengan solusi cerdasnya.', 'Jangan khawatir jika Anda tidak tahu akan solusi masalah yang sedang Anda hadapi. Berikut 7 contoh masalah di tempat kerja lengkap dengan solusi cerdasnya.', 'Jangan khawatir jika Anda tidak tahu akan solusi masalah yang sedang Anda hadapi. Berikut 7 contoh masalah di tempat kerja lengkap dengan solusi cerdasnya.', 2, 1, '2019-09-15 15:44:34', '2019-09-26 15:41:40'),
	(3, '3. Sebagai seorang karyawan, umumnya Anda menghabiskan sekitar 8 jam untuk bekerja. Suka atau tidak suka, sejumlah masalah akan muncul saat Anda bekerja.', 'Tentunya,&nbsp; setiap masalah tidak boleh dibiarkan berlarut-larut. Mengapa? Ketika Anda membiarkannya, akan timbul masalah-masalah baru sehingga Anda terjerembab pada kubangan masalah.', 'Jangan khawatir jika Anda tidak tahu akan solusi masalah yang sedang Anda hadapi. Berikut 7 contoh masalah di tempat kerja lengkap dengan solusi cerdasnya.', '30 Hari', '2', NULL, 'Jangan khawatir jika Anda tidak tahu akan solusi masalah yang sedang Anda hadapi. Berikut 7 contoh masalah di tempat kerja lengkap dengan solusi cerdasnya.', 'Jangan khawatir jika Anda tidak tahu akan solusi masalah yang sedang Anda hadapi. Berikut 7 contoh masalah di tempat kerja lengkap dengan solusi cerdasnya.', 'Jangan khawatir jika Anda tidak tahu akan solusi masalah yang sedang Anda hadapi. Berikut 7 contoh masalah di tempat kerja lengkap dengan solusi cerdasnya.', 3, 1, '2019-09-15 15:44:35', '2019-09-15 15:44:35'),
	(4, 'Foxconn Dituding Eksploitasi Buruh Demi iPhone 11', '<div style="text-align: justify; ">Jakarta - Lembaga pengawasan buruh Chinese Labor Watch (CLW), memperingatkan pabrik Foxconn melanggar undang-undang buruh China. Tudingan eksploitasi buruh kembali dialamatkan pada Foxconn.</div><div style="text-align: justify;"><br></div><div style="text-align: justify;">Untuk diketahui, Foxconn adalah pabrik perakitan gadget dengan Apple sebagai pelanggan terbesarnya. Tak heran, Foxconn juga sering disebut sebagai pembuat iPhone.</div><div style="text-align: justify;"><br></div><div style="text-align: justify; ">Diduga, Foxconn memeras tenaga buruhnya demi kejar setoran memenuhi kapasitas produksi iPhone 11 yang baru dirilis. Apple sendiri langsung melakukan investigasi dan mengakui bahwa terjadi sejumlah pelanggaran, namun tidak semua.</div>', '<div style="text-align: justify;">Jakarta - Lembaga pengawasan buruh Chinese Labor Watch (CLW), memperingatkan pabrik Foxconn melanggar undang-undang buruh China. Tudingan eksploitasi buruh kembali dialamatkan pada Foxconn.</div><div style="text-align: justify;"><br></div><div style="text-align: justify;">Untuk diketahui, Foxconn adalah pabrik perakitan gadget dengan Apple sebagai pelanggan terbesarnya. Tak heran, Foxconn juga sering disebut sebagai pembuat iPhone.</div><div style="text-align: justify;"><br></div><div style="text-align: justify;">Diduga, Foxconn memeras tenaga buruhnya demi kejar setoran memenuhi kapasitas produksi iPhone 11 yang baru dirilis. Apple sendiri langsung melakukan investigasi dan mengakui bahwa terjadi sejumlah pelanggaran, namun tidak semua.</div>', '<div style="text-align: justify;">Jakarta - Lembaga pengawasan buruh Chinese Labor Watch (CLW), memperingatkan pabrik Foxconn melanggar undang-undang buruh China. Tudingan eksploitasi buruh kembali dialamatkan pada Foxconn.</div><div style="text-align: justify;"><br></div><div style="text-align: justify;">Untuk diketahui, Foxconn adalah pabrik perakitan gadget dengan Apple sebagai pelanggan terbesarnya. Tak heran, Foxconn juga sering disebut sebagai pembuat iPhone.</div><div style="text-align: justify;"><br></div><div style="text-align: justify;">Diduga, Foxconn memeras tenaga buruhnya demi kejar setoran memenuhi kapasitas produksi iPhone 11 yang baru dirilis. Apple sendiri langsung melakukan investigasi dan mengakui bahwa terjadi sejumlah pelanggaran, namun tidak semua.</div>', '1,2,3,4,5,6,7,8,9,10,11,12,13,14,15,16,17,18', NULL, '<div style="text-align: justify;">Jakarta - Lembaga pengawasan buruh Chinese Labor Watch (CLW), memperingatkan pabrik Foxconn melanggar undang-undang buruh China. Tudingan eksploitasi buruh kembali dialamatkan pada Foxconn.</div><div style="text-align: justify;"><br></div><div style="text-align: justify;">Untuk diketahui, Foxconn adalah pabrik perakitan gadget dengan Apple sebagai pelanggan terbesarnya. Tak heran, Foxconn juga sering disebut sebagai pembuat iPhone.</div><div style="text-align: justify;"><br></div><div style="text-align: justify;">Diduga, Foxconn memeras tenaga buruhnya demi kejar setoran memenuhi kapasitas produksi iPhone 11 yang baru dirilis. Apple sendiri langsung melakukan investigasi dan mengakui bahwa terjadi sejumlah pelanggaran, namun tidak semua.</div>', '<div style="text-align: justify;">Jakarta - Lembaga pengawasan buruh Chinese Labor Watch (CLW), memperingatkan pabrik Foxconn melanggar undang-undang buruh China. Tudingan eksploitasi buruh kembali dialamatkan pada Foxconn.</div><div style="text-align: justify;"><br></div><div style="text-align: justify;">Untuk diketahui, Foxconn adalah pabrik perakitan gadget dengan Apple sebagai pelanggan terbesarnya. Tak heran, Foxconn juga sering disebut sebagai pembuat iPhone.</div><div style="text-align: justify;"><br></div><div style="text-align: justify;">Diduga, Foxconn memeras tenaga buruhnya demi kejar setoran memenuhi kapasitas produksi iPhone 11 yang baru dirilis. Apple sendiri langsung melakukan investigasi dan mengakui bahwa terjadi sejumlah pelanggaran, namun tidak semua.</div>', '<div style="text-align: justify;">Jakarta - Lembaga pengawasan buruh Chinese Labor Watch (CLW), memperingatkan pabrik Foxconn melanggar undang-undang buruh China. Tudingan eksploitasi buruh kembali dialamatkan pada Foxconn.</div><div style="text-align: justify;"><br></div><div style="text-align: justify;">Untuk diketahui, Foxconn adalah pabrik perakitan gadget dengan Apple sebagai pelanggan terbesarnya. Tak heran, Foxconn juga sering disebut sebagai pembuat iPhone.</div><div style="text-align: justify;"><br></div><div style="text-align: justify;">Diduga, Foxconn memeras tenaga buruhnya demi kejar setoran memenuhi kapasitas produksi iPhone 11 yang baru dirilis. Apple sendiri langsung melakukan investigasi dan mengakui bahwa terjadi sejumlah pelanggaran, namun tidak semua.</div>', 3, 0, '2019-09-16 02:10:40', '2019-09-16 02:10:40'),
	(10, '<div style="text-align: justify;">Adanya pihak lain yang mengakui dan menguasai lahan milik PJT II&nbsp; di Kampung Pangkalan Bambu, Kelurahan Margajaya, Kecamatan Bekasi Selatan, Kota Bekasi, seluas 33.740 m2 (tiga puluh tiga ribu tujuh ratus empat puluh meter persegi)</div>', '<p class="MsoListParagraphCxSpFirst" style="text-align: justify; margin-left: 14.45pt;"><!--[if !supportLists]-->·<span style="font-variant-numeric: normal; font-variant-east-asian: normal; font-stretch: normal; line-height: normal;">&nbsp;&nbsp;&nbsp;&nbsp;&nbsp; </span><!--[endif]--><span lang="EN-US" style="">Faktor eksternal: laju&nbsp; pertumbuhan ekonomi dan penduduk yang\r\nmengakibatkan kebutuhan akan tanah meningkat sehingga nilai tanah pun relatif\r\nnaik;</span><o:p></o:p></p>\r\n\r\n<p class="MsoListParagraphCxSpMiddle" style="text-align: justify; margin-left: 14.45pt;"><!--[if !supportLists]--><span lang="EN-US" style="line-height: 115%;">·<span style="font-variant-numeric: normal; font-variant-east-asian: normal; font-stretch: normal; line-height: normal;">&nbsp;&nbsp;&nbsp;&nbsp;&nbsp;&nbsp;\r\n</span></span><!--[endif]--><span lang="EN-US" style="">Faktor\r\ninternal : <span style="background-image: initial; background-position: initial; background-size: initial; background-repeat: initial; background-attachment: initial; background-origin: initial; background-clip: initial;">pengendalian dan pengawasan atas\r\ndata yuridis (bukti-bukti perolehan yang menjadi dasar pemberian alas hak)\r\nserta data fisik (tindakan penguasaan fisik dan rencana fungsi/ peruntukan\r\ntanah yang belum efektif dan komprehensif.</span></span><span lang="EN-US" style="line-height: 115%; background-image: initial; background-position: initial; background-size: initial; background-repeat: initial; background-attachment: initial; background-origin: initial; background-clip: initial;"><o:p></o:p></span></p>\r\n\r\n<p class="MsoListParagraphCxSpMiddle" style="text-align: justify; margin-left: 11.95pt;"><!--[if !supportLists]--><span lang="EN-US" style="">·<span style="font-variant-numeric: normal; font-variant-east-asian: normal; font-stretch: normal; line-height: normal;">&nbsp;&nbsp;&nbsp;&nbsp;\r\n</span></span><!--[endif]-->ada pihak yang telah menguasai dan memperjual\r\nbelikan secara melawan hukum dan tanpa hak atas tanah Pangkalan Bambu tanpa\r\nsepengetahuan dan tanpa seijin PJT II<span lang="EN-US" style=""><o:p></o:p></span></p>\r\n\r\n<p class="MsoListParagraphCxSpLast" style="text-align: justify; margin-left: 11.95pt;"><!--[if !supportLists]--><span lang="EN-US" style="">·<span style="font-variant-numeric: normal; font-variant-east-asian: normal; font-stretch: normal; line-height: normal;">&nbsp;&nbsp;&nbsp;&nbsp;\r\n</span></span><!--[endif]-->proses sertifikasi yang diajukan oleh PJT II\r\ndikembalikan oleh BPN Kota Bekasi<span lang="EN-US" style="font-family: Arial, sans-serif;"><o:p></o:p></span></p>', '<p class="MsoListParagraphCxSpFirst" style="text-align: justify; margin-left: 14.45pt;"><!--[if !supportLists]--><span lang="EN-US" style="">·<span style="font-variant-numeric: normal; font-variant-east-asian: normal; font-stretch: normal; line-height: normal;">&nbsp;&nbsp;&nbsp;&nbsp;&nbsp;\r\n</span></span><!--[endif]-->Mengajukan gugatan perdata di Peng<span lang="EN-US" style="">a</span>dilan\r\nNegeri Bekasi (Bukti dari Pihak Tergugat)<span lang="EN-US" style=""><o:p></o:p></span></p>\r\n\r\n<p class="MsoListParagraphCxSpMiddle" style="text-align: justify; margin-left: 14.45pt;"><!--[if !supportLists]--><span lang="EN-US" style="">·<span style="font-variant-numeric: normal; font-variant-east-asian: normal; font-stretch: normal; line-height: normal;">&nbsp;&nbsp;&nbsp;&nbsp;&nbsp;\r\n</span></span><!--[endif]-->Penggunaan Jasa Kepengacaraan Ronggur<span lang="EN-GB" style="">,</span> Roberto<span lang="EN-GB" style="">,</span> Michael Hutagalung<span lang="EN-US" style=""><o:p></o:p></span></p>\r\n\r\n<p class="MsoListParagraphCxSpMiddle" style="text-align: justify; margin-left: 14.45pt;"><!--[if !supportLists]--><span lang="EN-US" style="">·<span style="font-variant-numeric: normal; font-variant-east-asian: normal; font-stretch: normal; line-height: normal;">&nbsp;&nbsp;&nbsp;&nbsp;&nbsp;\r\n</span></span><!--[endif]--><span lang="EN-GB" style="">Telah ada putusan Pengadilan Negeri Bekasi\r\natas Gugatan Perdata terkait tanah yang terletak di Kampung Pangkalan Bambu, </span><span lang="EN-US" style="">Kelurahan Margajaya, Kecamatan Bekasi </span>Selatan<span lang="EN-US" style="">, Kota Bekasi yang pada intinya dalam amar putusannya menyatakan bahwa gugatan\r\nPenggugat tidak dapat diterima (nieton\r\nvan kelijkverklaard) artinya bahwa Gugatan yang diajukan oleh Perum\r\nJasa Tirta II selaku Penggugat tidak dapat diterima.</span><span lang="EN-US" style=""><o:p></o:p></span></p>\r\n\r\n<p class="MsoListParagraphCxSpMiddle" style="text-align: justify; margin-left: 14.45pt;"><!--[if !supportLists]--><span lang="EN-US" style="">·<span style="font-variant-numeric: normal; font-variant-east-asian: normal; font-stretch: normal; line-height: normal;">&nbsp;&nbsp;&nbsp;&nbsp;&nbsp;\r\n</span></span><!--[endif]--><span lang="EN-US" style="">Atas putusan Pengadilan Negeri Bekasi\r\ntersebut, Perum Jasa Tirta II menyampaikan upaya Banding.</span><span lang="EN-US" style=""><o:p></o:p></span></p>\r\n\r\n<p class="MsoListParagraphCxSpMiddle" style="text-align: justify; margin-left: 14.45pt;"><!--[if !supportLists]--><span lang="EN-US" style="">·<span style="font-variant-numeric: normal; font-variant-east-asian: normal; font-stretch: normal; line-height: normal;">&nbsp;&nbsp;&nbsp;&nbsp;&nbsp;\r\n</span></span><!--[endif]--><span lang="EN-US" style="">Surat\r\nDinas Direktur Utama Perum Jasa Tirta II kepada Jaksa Agung Republik Indonesia\r\nNomor&nbsp;&nbsp;&nbsp;&nbsp;&nbsp;&nbsp;&nbsp;&nbsp;&nbsp; 1/ DIR/ 87/ SD/ 2018\r\ntanggal 9 Mei 2018 perihal Permohonan bantuan hukum Datun terhadap aset lahan\r\nmilik dan lahan serah operasi Perum Jasa Tirta II (PJT II) yang dikuasai oleh\r\npihak yang tidak berhak/ melawan hukum,<o:p></o:p></span></p>\r\n\r\n<p class="MsoListParagraphCxSpMiddle" style="text-align: justify; margin-left: 14.45pt;"><!--[if !supportLists]--><span lang="EN-US" style="">·<span style="font-variant-numeric: normal; font-variant-east-asian: normal; font-stretch: normal; line-height: normal;">&nbsp;&nbsp;&nbsp;&nbsp;&nbsp;\r\n</span></span><!--[endif]--><span lang="EN-US" style="">Bahwa\r\nberdasarkan Surat Kuasa Khusus Nomor: 1DIR/11/SKS/2018 antara Direktur Utama\r\nPerusahaan Umum (Perum) Jasa Tirta II selaku P</span>EMBERI KUASA<span lang="EN-US" style=""> dan </span>Jaksa Agung Muda Perdata &amp;<span lang="EN-US" style=""><o:p></o:p></span></p>\r\n\r\n<p class="MsoListParagraphCxSpMiddle" style="text-align: justify; margin-left: 14.45pt;">Tata\r\nUsaha Negara Kejaksaan Agung Republik Indonesia selaku PENERIMA KUASA<span lang="EN-US" style=""> yang ditindaklanjuti dengan </span>Surat Kuasa\r\nSubtitusi Nomor: SK – 035/G/G.p.2/08/2108<span lang="EN-US" style=""> tanggal 09 Agustus 2018;<o:p></o:p></span></p>\r\n\r\n<p class="MsoListParagraphCxSpMiddle" style="text-align: justify; margin-left: 14.45pt;"><!--[if !supportLists]--><span lang="EN-US" style="">·<span style="font-variant-numeric: normal; font-variant-east-asian: normal; font-stretch: normal; line-height: normal;">&nbsp;&nbsp;&nbsp;&nbsp;&nbsp;\r\n</span></span><!--[endif]--><span lang="EN-US" style="">Telah\r\ndihasilkan suatu kesepakatan agenda kerja antara Tim Jaksa Pengacara Negara\r\nKejagung RI dan Tim Kegiatan Penyelesaian Permasalahan Hukum Pangkalan Bambu\r\nPJT II yang dituangkan di dalam notulen rapat tanggal 04 September 2018 <o:p></o:p></span></p>\r\n\r\n<p class="MsoListParagraphCxSpLast" style="text-align: justify; margin-left: 14.45pt;"><!--[if !supportLists]--><span lang="EN-US" style="">·<span style="font-variant-numeric: normal; font-variant-east-asian: normal; font-stretch: normal; line-height: normal;">&nbsp;&nbsp;&nbsp;&nbsp;&nbsp;\r\n</span></span><!--[endif]--><span lang="EN-US" style="">Telah\r\nditerbitkan KEPUTUSAN DIREKSI </span>PERUSAHAAN UMUM (<span lang="EN-US" style="">PERUM</span>)<span lang="EN-US" style=""> JASA TIRTA II NOMOR :1/</span>DIR/&nbsp; <span lang="EN-US" style="">141/KPT/20</span>18<span lang="EN-US" style="">\r\nTENTANG PEMBENTUKAN TIM KEGIATAN PENYELESAIAN PERMASALAHAN LAHAN MILIK PERUM\r\nJASA TIRTA II DI PANGKALAN BAMBU BEKASI<span style="font-family: Arial, sans-serif;"><o:p></o:p></span></span></p>', '<p class="MsoNormal" align="center" style="text-align: justify; "><span lang="EN-US" style="">Berkelanjutan<span style="font-family: Arial, sans-serif;"><o:p></o:p></span></span></p>', '1,2', 'Sekper. cq Bidang Bantuan Hukum, Divisi Inventarisasi &amp; Pengendalian Aset dan Unit Kerja lainnya yang terkait', '<p class="MsoListParagraphCxSpFirst" style="text-align: justify; margin-left: 14.45pt;"><!--[if !supportLists]--><span lang="EN-US" style="">·<span style="font-variant-numeric: normal; font-variant-east-asian: normal; font-stretch: normal; line-height: normal;">&nbsp;&nbsp;&nbsp;&nbsp;&nbsp;\r\n</span></span><!--[endif]-->Mengajukan gugatan perdata di Peng<span lang="EN-US" style="">a</span>dilan\r\nNegeri Bekasi (Bukti dari Pihak Tergugat)<span lang="EN-US" style=""><o:p></o:p></span></p>\r\n\r\n<p class="MsoListParagraphCxSpMiddle" style="text-align: justify; margin-left: 14.45pt;"><!--[if !supportLists]--><span lang="EN-US" style="">·<span style="font-variant-numeric: normal; font-variant-east-asian: normal; font-stretch: normal; line-height: normal;">&nbsp;&nbsp;&nbsp;&nbsp;&nbsp;\r\n</span></span><!--[endif]-->Penggunaan Jasa Kepengacaraan Ronggur<span lang="EN-GB" style="">,</span> Roberto<span lang="EN-GB" style="">,</span> Michael Hutagalung<span lang="EN-US" style=""><o:p></o:p></span></p>\r\n\r\n<p class="MsoListParagraphCxSpMiddle" style="text-align: justify; margin-left: 14.45pt;"><!--[if !supportLists]--><span lang="EN-US" style="">·<span style="font-variant-numeric: normal; font-variant-east-asian: normal; font-stretch: normal; line-height: normal;">&nbsp;&nbsp;&nbsp;&nbsp;&nbsp;\r\n</span></span><!--[endif]--><span lang="EN-GB" style="">Telah ada putusan Pengadilan Negeri Bekasi\r\natas Gugatan Perdata terkait tanah yang terletak di Kampung Pangkalan Bambu, </span><span lang="EN-US" style="">Kelurahan Margajaya, Kecamatan Bekasi </span>Selatan<span lang="EN-US" style="">, Kota Bekasi yang pada intinya dalam amar putusannya menyatakan bahwa gugatan\r\nPenggugat tidak dapat diterima (nieton\r\nvan kelijkverklaard) artinya bahwa Gugatan yang diajukan oleh Perum\r\nJasa Tirta II selaku Penggugat tidak dapat diterima.</span><span lang="EN-US" style=""><o:p></o:p></span></p>\r\n\r\n<p class="MsoListParagraphCxSpMiddle" style="text-align: justify; margin-left: 14.45pt;"><!--[if !supportLists]--><span lang="EN-US" style="">·<span style="font-variant-numeric: normal; font-variant-east-asian: normal; font-stretch: normal; line-height: normal;">&nbsp;&nbsp;&nbsp;&nbsp;&nbsp;\r\n</span></span><!--[endif]--><span lang="EN-US" style="">Atas putusan Pengadilan Negeri Bekasi\r\ntersebut, Perum Jasa Tirta II menyampaikan upaya Banding.</span><span lang="EN-US" style=""><o:p></o:p></span></p>\r\n\r\n<p class="MsoListParagraphCxSpMiddle" style="text-align: justify; margin-left: 14.45pt;"><!--[if !supportLists]--><span lang="EN-US" style="">·<span style="font-variant-numeric: normal; font-variant-east-asian: normal; font-stretch: normal; line-height: normal;">&nbsp;&nbsp;&nbsp;&nbsp;&nbsp;\r\n</span></span><!--[endif]--><span lang="EN-US" style="">Surat\r\nDinas Direktur Utama Perum Jasa Tirta II kepada Jaksa Agung Republik Indonesia\r\nNomor : 1/ DIR/ 87/ SD/ 2018 tanggal 9 Mei 2018 perihal Permohonan bantuan\r\nhukum Datun terhadap aset lahan milik dan lahan serah operasi Perum Jasa Tirta\r\nII (PJT II) yang dikuasai oleh pihak yang tidak berhak/ melawan hukum,<o:p></o:p></span></p>\r\n\r\n<p class="MsoListParagraphCxSpMiddle" style="text-align: justify; margin-left: 14.45pt;"><!--[if !supportLists]--><span lang="EN-US" style="">·<span style="font-variant-numeric: normal; font-variant-east-asian: normal; font-stretch: normal; line-height: normal;">&nbsp;&nbsp;&nbsp;&nbsp;&nbsp;\r\n</span></span><!--[endif]--><span lang="EN-US" style="">Bahwa\r\nberdasarkan Surat Kuasa Khusus Nomor: 1DIR/11/SKS/2018 antara Direktur Utama\r\nPerusahaan Umum (Perum) Jasa Tirta II selaku P</span>EMBERI KUASA<span lang="EN-US" style=""> dan </span>Jaksa Agung Muda Perdata &amp;<span lang="EN-US" style=""><o:p></o:p></span></p>\r\n\r\n<p class="MsoListParagraphCxSpMiddle" style="text-align: justify; margin-left: 14.45pt;">Tata Usaha Negara Kejaksaan Agung Republik Indonesia\r\nselaku PENERIMA KUASA<span lang="EN-US" style="">\r\nyang ditindaklanjuti dengan </span>Surat Kuasa Subtitusi Nomor: SK – 035/G/G.p.2/08/2108<span lang="EN-US" style=""> tanggal 09 Agustus 2018;<o:p></o:p></span></p>\r\n\r\n<p class="MsoListParagraphCxSpMiddle" style="text-align: justify; margin-left: 14.45pt;"><!--[if !supportLists]--><span lang="EN-US" style="">·<span style="font-variant-numeric: normal; font-variant-east-asian: normal; font-stretch: normal; line-height: normal;">&nbsp;&nbsp;&nbsp;&nbsp;&nbsp;\r\n</span></span><!--[endif]--><span lang="EN-US" style="">Telah\r\ndihasilkan suatu kesepakatan agenda kerja antara Tim Jaksa Pengacara Negara\r\nKejagung RI dan Tim Kegiatan Penyelesaian Permasalahan Hukum Pangkalan Bambu\r\nPJT II yang dituangkan di dalam notulen rapat tanggal 04 September 2018 <o:p></o:p></span></p>\r\n\r\n<p class="MsoListParagraphCxSpLast" style="text-align: justify; margin-left: 14.45pt;"><!--[if !supportLists]--><span lang="EN-US" style="">·<span style="font-variant-numeric: normal; font-variant-east-asian: normal; font-stretch: normal; line-height: normal;">&nbsp;&nbsp;&nbsp;&nbsp;&nbsp;\r\n</span></span><!--[endif]--><span lang="EN-US" style="">Telah\r\nditerbitkan KEPUTUSAN DIREKSI </span>PERUSAHAAN UMUM (<span lang="EN-US" style="">PERUM</span>)<span lang="EN-US" style=""> JASA TIRTA II NOMOR :1/</span>DIR/&nbsp; <span lang="EN-US" style="">141/KPT/20</span>18<span lang="EN-US" style="">\r\nTENTANG PEMBENTUKAN TIM KEGIATAN PENYELESAIAN PERMASALAHAN LAHAN MILIK PERUM\r\nJASA TIRTA II DI PANGKALAN BAMBU BEKASI<span style="font-family: Arial, sans-serif;"><o:p></o:p></span></span></p>', NULL, NULL, 5, 1, '2019-09-26 11:37:46', '2019-09-26 11:37:46'),
	(11, '<div style="text-align: justify;">Banyaknya gugatan/ laporan polisi/ terbitnya hak atas tanah (sertifikat)\r\ndengan nama pihak lain diatas lahan serah operasi Kementerian PUPR maupun lahan\r\nmilik Perusahaan yang sifatnya tidak dapat diprediksi/ berulang</div>', '<p class="MsoListParagraphCxSpFirst" style="text-align: justify; margin-left: 14.45pt;"><!--[if !supportLists]-->·<span style="font-variant-numeric: normal; font-variant-east-asian: normal; font-stretch: normal; line-height: normal;">&nbsp;&nbsp;&nbsp;&nbsp;&nbsp; </span><!--[endif]--><span lang="EN-US" style="">Faktor eksternal: laju&nbsp; pertumbuhan ekonomi dan penduduk yang\r\nmengakibatkan kebutuhan akan tanah meningkat sehingga nilai tanah pun relatif\r\nnaik;</span><o:p></o:p></p>\r\n\r\n<p class="MsoListParagraphCxSpMiddle" style="text-align: justify; margin-left: 14.45pt;"><!--[if !supportLists]--><span lang="EN-US" style="line-height: 115%;">·<span style="font-variant-numeric: normal; font-variant-east-asian: normal; font-stretch: normal; line-height: normal;">&nbsp;&nbsp;&nbsp;&nbsp;&nbsp;&nbsp;\r\n</span></span><!--[endif]--><span lang="EN-US" style="">Faktor\r\ninternal : <span style="background-image: initial; background-position: initial; background-size: initial; background-repeat: initial; background-attachment: initial; background-origin: initial; background-clip: initial;">pengendalian dan pengawasan atas\r\ndata yuridis (bukti-bukti perolehan yang menjadi dasar pemberian alas hak)\r\nserta data fisik (tindakan penguasaan fisik dan rencana fungsi/ peruntukan\r\ntanah yang belum efektif).</span></span><span lang="EN-US" style="line-height: 115%; background-image: initial; background-position: initial; background-size: initial; background-repeat: initial; background-attachment: initial; background-origin: initial; background-clip: initial;"><o:p></o:p></span></p>\r\n\r\n<p class="MsoListParagraphCxSpMiddle" style="text-align: justify; margin-left: 14.45pt;"><!--[if !supportLists]--><span lang="EN-US" style="">·<span style="font-variant-numeric: normal; font-variant-east-asian: normal; font-stretch: normal; line-height: normal;">&nbsp;&nbsp;&nbsp;&nbsp;&nbsp;\r\n</span></span><!--[endif]--><span lang="EN-US" style="">Kurangnya\r\npengamanan atas lahan-lahan PJT II baik dalam bentuk tindakan yang sifatnya\r\npecegahan meliputi: pendaftaran tanah, pengukuran ulang,&nbsp; pemasangan patok batas maupun papan plang\r\nyang menyatakan lahan-lahan tersebut milik/ serah operasi PJT II;<o:p></o:p></span></p>\r\n\r\n<p class="MsoListParagraphCxSpLast" style="text-align: justify; margin-left: 14.45pt;"><!--[if !supportLists]--><span lang="EN-US" style="">·<span style="font-variant-numeric: normal; font-variant-east-asian: normal; font-stretch: normal; line-height: normal;">&nbsp;&nbsp;&nbsp;&nbsp;&nbsp;\r\n</span></span><!--[endif]--><span lang="EN-US" style="">Belum\r\nsaling menunjangnya program kerja antar unit-unit kerja yang memiliki\r\nketerkaitan dalam penyelesaian permasalahan asset<span style="font-family: Arial, sans-serif;"><o:p></o:p></span></span></p>', '<p class="MsoListParagraphCxSpFirst" style="text-align: justify; margin-left: 14.45pt;"><!--[if !supportLists]-->·<span style="font-variant-numeric: normal; font-variant-east-asian: normal; font-stretch: normal; line-height: normal;">&nbsp;&nbsp;&nbsp;&nbsp;</span><span lang="EN-US" style="">Re-manajemen aset atas\r\nbukti-bukti perolehan aset (daftar aset)&nbsp;\r\ndan fisik aset<br></span>·<span style="font-variant-numeric: normal; font-variant-east-asian: normal; font-stretch: normal; line-height: normal;">&nbsp;&nbsp;&nbsp;&nbsp;</span><span lang="EN-US">Penataan fungsi/ peruntukkan\r\naset terhadap kegiatan operasional dan bisnis perusahaan;<br></span>·<span style="font-variant-numeric: normal; font-variant-east-asian: normal; font-stretch: normal; line-height: normal;">&nbsp;&nbsp;&nbsp;&nbsp;</span>Melakukan\r\npencegahan&nbsp; dengan melakukan koordinasi\r\ndan <span lang="EN-US">kerjasama\r\ndengan para stakeholders terutama\r\nkepada pihak BPN dan Pemda dalam</span> hal sinkronisasi <span lang="EN-US">data aset (pembebasan/ milik) dengan\r\nrencana tata ruang wilayah;</span></p><p class="MsoListParagraphCxSpMiddle" style="text-align: justify; margin-left: 14.45pt;"><o:p></o:p></p>\r\n\r\n<p class="MsoListParagraphCxSpMiddle" style="text-align: justify; margin-left: 14.45pt;"><!--[if !supportLists]-->·<span style="font-variant-numeric: normal; font-variant-east-asian: normal; font-stretch: normal; line-height: normal;">&nbsp;&nbsp;&nbsp;&nbsp;&nbsp; </span><!--[endif]--><span lang="EN-US" style="">Mengikuti dan menempuh upaya\r\nhukum&nbsp; dalam proses peradilan atau non\r\nlitigasi;<br></span>·<span style="font-variant-numeric: normal; font-variant-east-asian: normal; font-stretch: normal; line-height: normal;">&nbsp;&nbsp;&nbsp;&nbsp;&nbsp; </span><span lang="EN-GB">Mengikuti jalannya proses persidangan bila ada gugatan.<br></span>·<span style="font-variant-numeric: normal; font-variant-east-asian: normal; font-stretch: normal; line-height: normal;">&nbsp;&nbsp;&nbsp;&nbsp;&nbsp; </span><span lang="EN-GB">Melakukan pendampingan terhadap pejabat/ pegawai bila ada laporan\r\npolisi.<br></span>·<span style="font-variant-numeric: normal; font-variant-east-asian: normal; font-stretch: normal; line-height: normal;">&nbsp;&nbsp;&nbsp;&nbsp;&nbsp; </span><span lang="EN-GB">Untuk tindakan pengamanan atas lahan-lahan PJT II, diantaranya melakukan\r\nhal-hal sebagai berikut :</span>-<span style="font-variant-numeric: normal; font-variant-east-asian: normal; font-stretch: normal; line-height: normal;">&nbsp;&nbsp;&nbsp;&nbsp;&nbsp;\r\n</span><span lang="EN-GB">Sertifikasi terhadap lahan-lahan PJT II.</span></p><p class="MsoListParagraphCxSpMiddle" style="text-align: justify; margin-left: 30.05pt;">-<span style="font-variant-numeric: normal; font-variant-east-asian: normal; font-stretch: normal; line-height: normal;">&nbsp;&nbsp;&nbsp;&nbsp;&nbsp;\r\n</span><span lang="EN-GB">Pemasangan patok batas, </span><span lang="EN-US">seperti yang\r\ntelah dilakukan di UUW III Seksi STT<br></span>-<span style="font-variant-numeric: normal; font-variant-east-asian: normal; font-stretch: normal; line-height: normal;">&nbsp;&nbsp;&nbsp;&nbsp;&nbsp;\r\n</span><span lang="EN-GB">Pemasangan papan yang menunjukkan kepemilikan\r\nperusahaan dan/ atau papan larangan</span></p>', '<span lang="EN-US" style="line-height: 115%;">Berkelanjutan</span>', '2', '<p class="MsoNormal"><div style="text-align: justify;">Sesuai dengan Peraturan Direksi PJT II No. 1/11/PRT/2016 tentang SOTK<br><div style="text-indent: 0px;"><span lang="EN-US" style="text-indent: -6.75pt;">-<span style="font-variant-numeric: normal; font-variant-east-asian: normal; font-stretch: normal; line-height: normal;">&nbsp; </span></span><span lang="EN-US" style="text-indent: -6.75pt;">Sekper. cq&nbsp; Bidang Bantuan Hukum untuk gugatan dan\r\nlaporan polisi;<br></span><span lang="EN-US" style="text-indent: -6.75pt;">-<span style="font-variant-numeric: normal; font-variant-east-asian: normal; font-stretch: normal; line-height: normal;">&nbsp; </span></span><span lang="EN-US" style="text-indent: -6.75pt;">Sekper.c</span><span style="text-indent: -6.75pt;">q </span><span lang="EN-US" style="text-indent: -6.75pt;">Bidang </span><span style="text-indent: -6.75pt;">Bantuan Hukum</span><span lang="EN-US" style="text-indent: -6.75pt;">, Divisi Renstra Litbang,\r\nDivisi IPA dan UUW untuk tindakan, pencegahan, penguasaan/ pengamanan &amp;\r\npenataan aset dan Divisi SDA/L</span></div></div></p>', '<p style="text-align: justify; margin-left: 14.45pt;"><!--[if !supportLists]-->·<span style="font-variant-numeric: normal; font-variant-east-asian: normal; font-stretch: normal; line-height: normal;">&nbsp;&nbsp;&nbsp;&nbsp;&nbsp; </span><!--[endif]--><span lang="EN-US" style="">Re-manajemen aset atas\r\nbukti-bukti perolehan aset (daftar aset)&nbsp;\r\ndan fisik aset<br></span>·<span style="font-variant-numeric: normal; font-variant-east-asian: normal; font-stretch: normal; line-height: normal;">&nbsp;&nbsp;&nbsp;&nbsp;&nbsp; </span><span lang="EN-US">Penataan fungsi/ peruntukkan\r\naset terhadap kegiatan operasional dan bisnis perusahaan;<br></span>·<span style="font-variant-numeric: normal; font-variant-east-asian: normal; font-stretch: normal; line-height: normal;">&nbsp;&nbsp;&nbsp;&nbsp;&nbsp; </span>Melakukan\r\npencegahan&nbsp; dengan melakukan koordinasi\r\ndan <span lang="EN-US">kerjasama\r\ndengan para stakeholders terutama\r\nkepada pihak BPN dan Pemda dalam</span> hal sinkronisasi <span lang="EN-US">data aset (pembebasan/ milik) dengan\r\nrencana tata ruang wilayah;<br></span>·<span style="font-variant-numeric: normal; font-variant-east-asian: normal; font-stretch: normal; line-height: normal;">&nbsp;&nbsp;&nbsp;&nbsp;&nbsp; </span><span lang="EN-US">Mengikuti dan menempuh upaya\r\nhukum&nbsp; dalam proses peradilan atau non\r\nlitigasi;<br></span>·<span style="font-variant-numeric: normal; font-variant-east-asian: normal; font-stretch: normal; line-height: normal;">&nbsp;&nbsp;&nbsp;&nbsp;&nbsp; </span><span lang="EN-GB">Mengikuti jalannya proses persidangan bila ada gugatan.<br></span>·<span style="font-variant-numeric: normal; font-variant-east-asian: normal; font-stretch: normal; line-height: normal;">&nbsp;&nbsp;&nbsp;&nbsp;&nbsp; </span><span lang="EN-GB">Melakukan pendampingan terhadap pejabat/ pegawai bila ada laporan\r\npolisi.<br></span>·<span style="font-variant-numeric: normal; font-variant-east-asian: normal; font-stretch: normal; line-height: normal;">&nbsp;&nbsp;&nbsp;&nbsp;&nbsp; </span><span lang="EN-GB">Untuk tindakan pengamanan atas lahan-lahan PJT II, diantaranya melakukan\r\nhal-hal sebagai berikut :</span></p><p style="text-align: justify; margin-left: 14.45pt;"><o:p></o:p></p><p style="text-align: justify; margin-left: 30.05pt;"><!--[if !supportLists]-->-<span style="font-variant-numeric: normal; font-variant-east-asian: normal; font-stretch: normal; line-height: normal;">&nbsp;&nbsp;&nbsp;&nbsp;&nbsp;\r\n</span><!--[endif]--><span lang="EN-GB" style="">Sertifikasi terhadap lahan-lahan PJT II.<br></span>-<span style="font-variant-numeric: normal; font-variant-east-asian: normal; font-stretch: normal; line-height: normal;">&nbsp;&nbsp;&nbsp;&nbsp;&nbsp;\r\n</span><span lang="EN-GB">Pemasangan patok batas, </span><span lang="EN-US">seperti yang\r\ntelah dilakukan di UUW III Seksi STT</span></p><p style="text-align: justify; margin-left: 30.05pt;">-<span style="font-variant-numeric: normal; font-variant-east-asian: normal; font-stretch: normal; line-height: normal;">&nbsp;&nbsp;&nbsp;&nbsp;&nbsp;\r\n</span><span lang="EN-GB">Pemasangan papan yang menunjukkan kepemilikan\r\nperusahaan dan/ atau papan larangan</span></p>', '-', '-', 5, 1, '2019-09-26 11:51:26', '2019-09-26 11:51:26'),
	(12, '<p class="MsoNormal"><span lang="EN-US" style="">Tertundanya\r\nPenyelesaian Proses Harmonisasi Rancangan PP pengganti PP 7/2010 ttg PJT II\r\nterkait dengan rencana Pengembangan Wilayah Kerja PJT II<span style="font-family: Arial, sans-serif;"><o:p></o:p></span></span></p>', '<p class="MsoNormal"><span lang="EN-US" style="">Pihak\r\nKementerian BUMN masih belum memberikan tanggapan atas usulan / perubahaan\r\nsubstansi Rancangan PP yang disusulkan oleh Kementerian PUPR<span style="font-family: Arial, sans-serif;"><o:p></o:p></span></span></p>', '<p class="MsoListParagraphCxSpFirst" style="margin-left: 15.9pt;"><!--[if !supportLists]--><span lang="EN-US" style="">•<span style="font-variant-numeric: normal; font-variant-east-asian: normal; font-stretch: normal; line-height: normal;">&nbsp;&nbsp;&nbsp;&nbsp;&nbsp;\r\n</span></span><!--[endif]--><span lang="EN-US" style="">Proaktif\r\nmenyiapkan bahan / materi dan memberikan penjelasan / pembahasan yang\r\ndibutuhkan pihak Kementerian BUMN, PUPR maupun Hukum &amp; HAM, baik melalui formal\r\nmeeting maupun secara informal.<o:p></o:p></span></p>\r\n\r\n<p class="MsoListParagraphCxSpLast" style="margin-left: 15.9pt;"><!--[if !supportLists]--><span lang="EN-US" style="">•<span style="font-variant-numeric: normal; font-variant-east-asian: normal; font-stretch: normal; line-height: normal;">&nbsp;&nbsp;&nbsp;&nbsp;&nbsp;\r\n</span></span><!--[endif]--><span lang="EN-US" style="">Proaktif\r\nmemonitor progres pembahasan Rancangan PP oleh Pihak Internal Kementerian BUMN.<span style="font-family: Arial, sans-serif;"><o:p></o:p></span></span></p>', '<p class="MsoNormal" style="margin-left: 8.8pt;"><!--[if !supportLists]--><span lang="EN-US" style="">•<span style="font-variant-numeric: normal; font-variant-east-asian: normal; font-stretch: normal; line-height: normal;">&nbsp;&nbsp; </span></span><!--[endif]--><span lang="EN-US" style="">Minggu II Maret 2019 :\r\nKesepahaman antara Kemen.BUMN dan PUPR<o:p></o:p></span></p>\r\n\r\n<p class="MsoNormal" style="margin-left: 8.8pt;"><!--[if !supportLists]--><span lang="EN-US" style="">•<span style="font-variant-numeric: normal; font-variant-east-asian: normal; font-stretch: normal; line-height: normal;">&nbsp;&nbsp; </span></span><!--[endif]--><span lang="EN-US" style="">Minggu III Maret 2019 :\r\nKesepahaman pada Pleno Harmonisasi di Kemen.<o:p></o:p></span></p>\r\n\r\n<p class="MsoNormal" style="margin-left:8.8pt"><span lang="EN-US" style="">Hukum &amp; HAM<span style="font-family: Arial, sans-serif;"><o:p></o:p></span></span></p>', '10', '<p class="MsoNormal"><span lang="EN-US" style="">SE.Tk.\r\nI Bidang Pengembangan Wilayah/ Ketua Tim Pengembangan Wilayah<span style="font-family: Arial, sans-serif;"><o:p></o:p></span></span></p>', '<p class="MsoListParagraphCxSpFirst" style="margin-left: 15.9pt;"><!--[if !supportLists]--><span lang="EN-US" style="">•<span style="font-variant-numeric: normal; font-variant-east-asian: normal; font-stretch: normal; line-height: normal;">&nbsp;&nbsp;&nbsp;&nbsp;&nbsp; </span></span><!--[endif]--><span lang="EN-US" style="">Proaktif menyiapkan bahan /\r\nmateri dan memberikan penjelasan / pembahasan yang dibutuhkan pihak Kementerian\r\nBUMN, PUPR maupun Hukum &amp; HAM, baik melalui formal meeting maupun\r\nsecara informal.<o:p></o:p></span></p>\r\n\r\n<p class="MsoListParagraphCxSpLast" style="margin-left: 15.9pt;"><!--[if !supportLists]--><span lang="EN-US" style="">•<span style="font-variant-numeric: normal; font-variant-east-asian: normal; font-stretch: normal; line-height: normal;">&nbsp;&nbsp;&nbsp;&nbsp;&nbsp;\r\n</span></span><!--[endif]--><span lang="EN-US" style="">Proaktif\r\nmemonitor progres pembahasan Rancangan PP oleh Pihak Internal Kementerian BUMN.<span style="font-family: Arial, sans-serif;"><o:p></o:p></span></span></p>', '-', '-', 5, 1, '2019-09-26 11:54:47', '2019-09-26 11:54:47'),
	(13, '<p class="MsoNormal" style="text-align:justify"><span lang="EN-US" style="font-family:&quot;Arial&quot;,sans-serif">Tertundanya Proses Pelelangan Badan\r\nUsaha Pelaksana (BUP/Investor) SPAM Regional Jatiliuhur 1<o:p></o:p></span></p>', '<p class="MsoNormal" style="margin-left: 8.8pt;"><!--[if !supportLists]--><span lang="EN-US" style="">•<span style="font-variant-numeric: normal; font-variant-east-asian: normal; font-stretch: normal; line-height: normal;">&nbsp; </span></span><!--[endif]--><span lang="EN-US" style="">Belum terbitnya Surat\r\nPersetujuan Penjaminan Proyek oleh PT.PII, dimana PT. PII masih mendalami FS\r\ndan Dokumen RfP dari PJPK.<o:p></o:p></span></p>\r\n\r\n<p class="MsoNormal" style="margin-left: 8.8pt;"><!--[if !supportLists]--><span lang="EN-US" style="">•<span style="font-variant-numeric: normal; font-variant-east-asian: normal; font-stretch: normal; line-height: normal;">&nbsp; </span></span><!--[endif]--><span lang="EN-US" style="">Belum ditandatanganinya PKS\r\nRegional, dimana masih ada koreksi substansi dan narasi dari Pihak Pemerintah\r\nDaerah Kab.Bekasi dan DKI Jakarta.<span style="font-family: Arial, sans-serif;"><o:p></o:p></span></span></p>', '<p class="MsoListParagraphCxSpFirst" style="margin-left: 15.9pt;"><!--[if !supportLists]--><span lang="EN-US" style="">•<span style="font-variant-numeric: normal; font-variant-east-asian: normal; font-stretch: normal; line-height: normal;">&nbsp;&nbsp;&nbsp;&nbsp;&nbsp;\r\n</span></span><!--[endif]--><span lang="EN-US" style="">Proaktif\r\nmenyiapkan bahan / materi dan memberikan penjelasan / pembahasan yang\r\ndibutuhkan pihak PT.PII, baik melalui formal meeting maupun secara\r\ninformal.<o:p></o:p></span></p>\r\n\r\n<p class="MsoListParagraphCxSpLast" style="margin-left: 15.9pt;"><!--[if !supportLists]--><span lang="EN-US" style="">•<span style="font-variant-numeric: normal; font-variant-east-asian: normal; font-stretch: normal; line-height: normal;">&nbsp;&nbsp;&nbsp;&nbsp;&nbsp;\r\n</span></span><!--[endif]--><span lang="EN-US" style="">Proaktif\r\nmengikuti dan memonitor progres pembahasan PKS Regional yang di inisiasi oleh\r\nDit.SPAM DJCK dan BP2SPAM Kementerian PUPR.<span style="font-family: Arial, sans-serif;"><o:p></o:p></span></span></p>', '<p class="MsoNormal" style="margin-left: 8.8pt;"><!--[if !supportLists]--><span lang="EN-US" style="">•<span style="font-variant-numeric: normal; font-variant-east-asian: normal; font-stretch: normal; line-height: normal;">&nbsp;&nbsp; </span></span><!--[endif]--><span lang="EN-US" style="">Minggu I Maret 2019 :\r\nTerbitnya Surat Persetujuan Penjaminan Proyek oleh PT. PII<o:p></o:p></span></p>\r\n\r\n<p class="MsoNormal" style="margin-left: 8.8pt;"><!--[if !supportLists]--><span lang="EN-US" style="">•<span style="font-variant-numeric: normal; font-variant-east-asian: normal; font-stretch: normal; line-height: normal;">&nbsp;&nbsp; </span></span><!--[endif]--><span lang="EN-US" style="">Minggu II Maret 2019 :\r\nDitandatanganinya PKS Regional.<o:p></o:p></span></p>\r\n\r\n<p class="MsoNormal" style="margin-left: 8.8pt;"><!--[if !supportLists]--><span lang="EN-US" style="">•<span style="font-variant-numeric: normal; font-variant-east-asian: normal; font-stretch: normal; line-height: normal;">&nbsp;&nbsp; </span></span><!--[endif]--><span lang="EN-US" style="">20 Maret 2019 : Dilaksanakannya\r\nLelang BUP<span style="font-family: Arial, sans-serif;"><o:p></o:p></span></span></p>', '10', '<p class="MsoNormal"><span lang="EN-US" style="">Ketua\r\nTim KPBU SPAM Regional Jatiluhur 1<span style="font-family: Arial, sans-serif;"><o:p></o:p></span></span></p>', '<p class="MsoListParagraphCxSpFirst" style="margin-left: 15.9pt;"><!--[if !supportLists]--><span lang="EN-US" style="">•<span style="font-variant-numeric: normal; font-variant-east-asian: normal; font-stretch: normal; line-height: normal;">&nbsp;&nbsp;&nbsp;&nbsp;&nbsp; </span></span><!--[endif]--><span lang="EN-US" style="">Proaktif menyiapkan bahan /\r\nmateri dan memberikan penjelasan / pembahasan yang dibutuhkan pihak PT.PII,\r\nbaik melalui formal meeting maupun secara informal.<o:p></o:p></span></p>\r\n\r\n<p class="MsoListParagraphCxSpLast" style="margin-left: 15.9pt;"><!--[if !supportLists]--><span lang="EN-US" style="">•<span style="font-variant-numeric: normal; font-variant-east-asian: normal; font-stretch: normal; line-height: normal;">&nbsp;&nbsp;&nbsp;&nbsp;&nbsp;\r\n</span></span><!--[endif]--><span lang="EN-US" style="">Proaktif\r\nmengikuti dan memonitor progres pembahasan PKS Regional yang di inisiasi oleh\r\nDit.SPAM DJCK dan BP2SPAM Kementerian PUPR.<span style="font-family: Arial, sans-serif;"><o:p></o:p></span></span></p>', NULL, NULL, 5, 1, '2019-09-26 11:59:54', '2019-09-26 11:59:54'),
	(14, '<span lang="EN-US" style="line-height: 115%;">Bantuan Peternakan Ayam\r\nPetelur</span>', '<span lang="EN-US" style="line-height: 115%;">Program <span style="font-family: Arial, sans-serif; font-size: 11pt;">Zero</span> KJA dengan tujuan masyarakat tersebut\r\nberalih profesi dari petani jaring apung menjadi pengusaha ayam petelur</span>', '<p class="MsoNormal"><span lang="EN-US" style="">Bantuan pelatihan dan batuan bibit ayam petelur</span><span lang="EN-US" style="font-family:&quot;Arial&quot;,sans-serif"><o:p></o:p></span></p>', '<p class="MsoNormal" align="center" style="text-align: justify; "><span lang="EN-US" style="">31 Maret\r\n2019</span><span lang="EN-US" style="font-family:&quot;Arial&quot;,sans-serif"><o:p></o:p></span></p>', '4', '<span lang="EN-US" style="line-height: 115%;">Kadiv. Umum &amp; PKBL</span>', '<span lang="EN-US" style="line-height: 115%;">Bantuan pelatihan dan\r\nbatuan bibit ayam petelur</span>', NULL, NULL, NULL, 1, '2019-09-26 12:04:33', '2019-09-26 12:04:33'),
	(15, '<span style="line-height: 115%;" lang="EN-US">Pelaksanaan Peraturan Pemerintah&nbsp;</span><span style="line-height: 115%;" lang="EN-US">Nomor 101 Tahun 2014 tentang Pengelolaan Limbah Bahan Berbahaya dan\r\nBeracun</span>', '<span style="line-height: 115%;" lang="EN-US">Belum tersedianya prosedur&nbsp;</span><span style="line-height: 115%;" lang="EN-US">pengelolaan Limbah B3</span>', '<span style="line-height: 115%;" lang="EN-US">Penyusunan prosedur pengelolaan Limbah B3</span>', '<span style="line-height: 115%;" lang="EN-US">Juli 2019</span>', '6,13', '<ul><li style="margin-left: 8.8pt;"><span lang="EN-US" style="">GM\r\nPLTA</span></li><li style="margin-left: 8.8pt;">Kadiv. PKSM</li></ul>', '<span style="line-height: 115%;" lang="EN-US">Penyusunan prosedur pengelolaan Limbah B3</span>', NULL, '<span style="line-height: 115%;" lang="EN-US">Sudah dilaksanakan</span>', NULL, 1, '2019-09-26 12:09:24', '2019-09-26 13:37:30'),
	(16, '<span lang="EN-US" style="line-height: 115%;">Survey</span><span lang="EN-US" style="line-height: 115%;"> kepuasan pelanggan</span>', '<p class="MsoListParagraphCxSpFirst" style="margin-left: 0cm;">Analisa <span style="font-family: Arial, sans-serif;">Survey Kepuasan</span> Pelanggan<span lang="EN-US" style="">:</span><span lang="DE" style=""><o:p></o:p></span></p>\r\n\r\n<p class="MsoListParagraphCxSpMiddle" style="margin-left: 12.95pt;"><!--[if !supportLists]--><span lang="DE" style="">1.<span style="font-variant-numeric: normal; font-variant-east-asian: normal; font-stretch: normal; line-height: normal;">&nbsp;\r\n</span></span><!--[endif]-->semester II tahun 2018 <span lang="EN-US" style="">(belum terlaksana)</span><span lang="DE" style=""><o:p></o:p></span></p>\r\n\r\n<p class="MsoListParagraphCxSpLast" style="margin-left: 12.95pt;"><!--[if !supportLists]--><span lang="DE" style="">2.<span style="font-variant-numeric: normal; font-variant-east-asian: normal; font-stretch: normal; line-height: normal;">&nbsp;\r\n</span></span><!--[endif]-->semester I tahun 2019<span lang="EN-US" style=""> (diusulkan pelaksanaannya bulan Juli\r\n2019)</span><span lang="DE" style="font-family:&quot;Arial&quot;,sans-serif;mso-ansi-language:\r\nDE"><o:p></o:p></span></p>', '<p class="MsoNormal">S<span lang="EN-US" style="">urvey</span> Kepuasan Pelanggan\r\nsemester II tahun 2018 dan semester I tahun 2019 akan dilaksanakan pada akhir\r\nbulan Juli 2019<span lang="EN-US" style="font-family:&quot;Arial&quot;,sans-serif"><o:p></o:p></span></p>', '<p class="MsoNormal" align="center" style="text-align: justify; "><span lang="EN-US" style="">Semester II 2019<span style="font-family: Arial, sans-serif;"><o:p></o:p></span></span></p>', '11', NULL, '<p class="MsoNormal" style="">S<span lang="EN-US" style="">urvey</span> Kepuasan Pelanggan\r\nsemester II tahun 2018 dan semester I tahun 2019 akan dilaksanakan pada akhir\r\nbulan Juli 2019<span lang="EN-US" style="font-family:&quot;Arial&quot;,sans-serif"><o:p></o:p></span></p>', NULL, '<p class="MsoNormal" style=""><span lang="EN-US" style="">Survey Kepuasan Pelanggan Semester II\r\n2018 dilaksanakan pada semester II 2019, sedangkan semester I 2019 akan\r\ndilaksanakan pada bulan Nov 2019<span style="font-family: Arial, sans-serif;"><o:p></o:p></span></span></p>', NULL, 1, '2019-09-26 12:14:47', '2019-09-26 12:14:47'),
	(17, '<span style="line-height: 115%;">Belum disahkannya KPI Direktorat&nbsp; Perum\r\nJasa Tirta II&nbsp; Tahun 2019</span>', '<span style="line-height: 115%;">Berdasarkan rekomendasi Asesmen GCG, KPI\r\nkorporat agar di <span style="font-family: Arial, sans-serif; font-size: 11pt; letter-spacing: 0.05pt;">cascade </span>menjadi KPI Direktorat</span>', '<span style="line-height: 115%;">PKSM\r\nsudah menyusun 2 (dua) alternatif usulan KPI Direktorat untuk di bahas dan\r\ndisahkan oleh Direksi</span>', '<p class="MsoNormal" align="center" style="text-align: justify; "><span lang="EN-US" style="">Semester I 2019<span style="font-family: Arial, sans-serif;"><o:p></o:p></span></span></p>', '6', 'Kadiv PKSM', '<p class="MsoNormal" style="">PKSM\r\nsudah menyusun 2 (dua) alternatif usulan KPI Direktorat untuk di bahas dan\r\ndisahkan oleh Direksi<span lang="EN-US" style="font-family:&quot;Arial&quot;,sans-serif"><o:p></o:p></span></p>', '-', '<p class="MsoNormal" style=""><span lang="EN-US" style="">Direksi sudah setuju namun belum\r\ndisahkan oleh Direksi<span style="font-family: Arial, sans-serif;"><o:p></o:p></span></span></p>', NULL, 1, '2019-09-26 12:34:54', '2019-09-26 12:34:54'),
	(18, '<p class="MsoNoSpacing">Penyusunan\r\nBuku Aplikasi KPKU 2019<span lang="EN-US" style="font-family:&quot;Arial&quot;,sans-serif"><o:p></o:p></span></p>', '<span style="line-height: 115%;">Berdasarkan\r\nSurat Kementerian BUMN Nomor : S-08/D7.MBU/01/2019 Tanggal 23 Januari 2019\r\nPerihal Pelaksanaan Asesmen KPKU BUMN Tahun 2019</span>', '<p class="MsoNormal" style="margin-left: 12.6pt;"><!--[if !supportLists]-->•<span style="font-variant-numeric: normal; font-variant-east-asian: normal; font-stretch: normal; line-height: normal;">&nbsp;&nbsp;&nbsp;\r\n</span><!--[endif]--><span lang="EN-ID" style="">Refreshment</span><span lang="EN-ID" style=""> Pemahaman Champion\r\nTeam KPKU</span><o:p></o:p></p>\r\n\r\n<p class="MsoNormal" style="margin-left: 12.6pt;"><!--[if !supportLists]-->•<span style="font-variant-numeric: normal; font-variant-east-asian: normal; font-stretch: normal; line-height: normal;">&nbsp;&nbsp;&nbsp;\r\n</span><!--[endif]--><span lang="EN-ID" style="">Kompilasi Data Kinerja sesuai data yang diminta pada\r\nKategori 1 s.d 7 termasuk melakukan Benchmarking ke BUMN lain.</span><o:p></o:p></p>\r\n\r\n<p class="MsoNormal" style="margin-left: 12.6pt;"><!--[if !supportLists]-->•<span style="font-variant-numeric: normal; font-variant-east-asian: normal; font-stretch: normal; line-height: normal;">&nbsp;&nbsp;&nbsp;\r\n</span><!--[endif]--><span lang="EN-ID" style="">Penyusunan Buku Aplikasi KPKU PJT II 2019</span><span style="font-family:&quot;Arial&quot;,sans-serif;mso-bidi-font-family:&quot;Times New Roman&quot;;\r\nmso-bidi-theme-font:minor-bidi;mso-ansi-language:IN"><o:p></o:p></span></p>', '<span lang="EN-US" style="line-height: 115%;">Mei M-4</span>', '6', '<p class="MsoNormal"><span lang="EN-US" style="">Kadiv.\r\nPKSM &amp; Tim Champion<o:p></o:p></span></p>', '<p class="MsoNormal" style="margin-left: 12.6pt;"><!--[if !supportLists]-->•<span style="font-variant-numeric: normal; font-variant-east-asian: normal; font-stretch: normal; line-height: normal;">&nbsp;&nbsp;&nbsp;\r\n</span><!--[endif]--><span lang="EN-ID" style="">Refreshment</span><span lang="EN-ID" style=""> Pemahaman Champion\r\nTeam KPKU</span><o:p></o:p></p>\r\n\r\n<p class="MsoNormal" style="margin-left: 12.6pt;"><!--[if !supportLists]-->•<span style="font-variant-numeric: normal; font-variant-east-asian: normal; font-stretch: normal; line-height: normal;">&nbsp;&nbsp;&nbsp;\r\n</span><!--[endif]--><span lang="EN-ID" style="">Kompilasi Data Kinerja sesuai data yang diminta pada\r\nKategori 1 s.d 7 termasuk melakukan Benchmarking ke BUMN lain.</span><o:p></o:p></p>\r\n\r\n<p class="MsoNormal" style="margin-left: 12.6pt;"><!--[if !supportLists]-->•<span style="font-variant-numeric: normal; font-variant-east-asian: normal; font-stretch: normal; line-height: normal;">&nbsp;&nbsp;&nbsp;\r\n</span><!--[endif]--><span lang="EN-ID" style="">Penyusunan Buku Aplikasi KPKU PJT II 2019</span><span style="font-family:&quot;Arial&quot;,sans-serif;mso-bidi-font-family:&quot;Times New Roman&quot;;\r\nmso-bidi-theme-font:minor-bidi;mso-ansi-language:IN"><o:p></o:p></span></p>', '-', '<p class="MsoNormal" style=""><span lang="EN-US" style="">Sudah disusun buku aplikasi KPKU 2019<span style="font-family: Arial, sans-serif;"><o:p></o:p></span></span></p>', NULL, 1, '2019-09-26 12:40:40', '2019-09-26 13:12:36'),
	(19, '<span lang="EN-ID" style="line-height: 115%;">Pelaksanaan\r\nEvaluasi KPKU oleh Asesor Eksternal</span>', '<span style="line-height: 115%;">Berdasarkan\r\nSurat Kementerian BUMN Nomor : S-08/D7.MBU/01/2019 Tanggal 23 Januari 2019\r\nPerihal Pelaksanaan Asesmen KPKU BUMN Tahun 2019</span>', '<p class="MsoNormal" style="margin-left: 15.9pt;"><!--[if !supportLists]-->•<span style="font-variant-numeric: normal; font-variant-east-asian: normal; font-stretch: normal; line-height: normal;">&nbsp;&nbsp;&nbsp;&nbsp;&nbsp;\r\n</span><!--[endif]--><span lang="EN-ID" style="">Usulan revisi anggaran RKT I 2019 yang semula\r\nRp.100.000.000 menjadi Rp.200.000.000</span><o:p></o:p></p>\r\n\r\n<p class="MsoNormal" style="margin-left: 15.9pt;"><!--[if !supportLists]--><span lang="EN-ID" style="">•<span style="font-variant-numeric: normal; font-variant-east-asian: normal; font-stretch: normal; line-height: normal;">&nbsp;&nbsp;&nbsp;&nbsp;&nbsp;\r\n</span></span><!--[endif]--><span lang="EN-ID" style="">Berkoordinasi dengan Kementerian BUMN (Cq.FEB) terkait\r\npelaksanaan Evaluasi KPKU<o:p></o:p></span></p>\r\n\r\n<p class="MsoNormal" style="margin-left: 15.9pt;"><!--[if !supportLists]--><span lang="EN-ID" style="">•<span style="font-variant-numeric: normal; font-variant-east-asian: normal; font-stretch: normal; line-height: normal;">&nbsp;&nbsp;&nbsp;&nbsp;&nbsp;\r\n</span></span><!--[endif]--><span lang="EN-ID" style="">Koordinasi dengan calon Asesor dari FEB Pelaksanaan\r\nEvaluasi KPKU<span style="font-family: Arial, sans-serif;"><o:p></o:p></span></span></p>', '<span lang="EN-US" style="line-height: 115%;">Juni M-2</span>', '6', '<span lang="EN-US" style="line-height: 115%;">Kadiv. PKSM &amp; Tim Champion</span>', '<p class="MsoNormal" style="margin-left: 15.9pt;"><!--[if !supportLists]-->•<span style="font-variant-numeric: normal; font-variant-east-asian: normal; font-stretch: normal; line-height: normal;">&nbsp;&nbsp;&nbsp;&nbsp;&nbsp;\r\n</span><!--[endif]--><span lang="EN-ID" style="">Usulan revisi anggaran RKT I 2019 yang semula\r\nRp.100.000.000 menjadi Rp.200.000.000</span><o:p></o:p></p>\r\n\r\n<p class="MsoNormal" style="margin-left: 15.9pt;"><!--[if !supportLists]--><span lang="EN-ID" style="">•<span style="font-variant-numeric: normal; font-variant-east-asian: normal; font-stretch: normal; line-height: normal;">&nbsp;&nbsp;&nbsp;&nbsp;&nbsp;\r\n</span></span><!--[endif]--><span lang="EN-ID" style="">Berkoordinasi dengan Kementerian BUMN (Cq.FEB) terkait\r\npelaksanaan Evaluasi KPKU<o:p></o:p></span></p>\r\n\r\n<p class="MsoNormal" style="margin-left: 15.9pt;"><!--[if !supportLists]--><span lang="EN-ID" style="">•<span style="font-variant-numeric: normal; font-variant-east-asian: normal; font-stretch: normal; line-height: normal;">&nbsp;&nbsp;&nbsp;&nbsp;&nbsp;\r\n</span></span><!--[endif]--><span lang="EN-ID" style="">Koordinasi dengan calon Asesor dari FEB Pelaksanaan\r\nEvaluasi KPKU<span style="font-family: Arial, sans-serif;"><o:p></o:p></span></span></p>', NULL, '<span lang="EN-US" style="line-height: 115%;">Sudah dilaksanakan pada tanggal 29 Juni – 06 Juli 2019</span>', NULL, 1, '2019-09-26 13:17:19', '2019-09-26 13:17:19'),
	(20, '<span lang="EN-US" style="line-height: 115%;">Review </span><span style="line-height: 115%;">&amp;\r\nRevisi </span><span lang="EN-US" style="line-height: 115%;">Dokumen Sistem Manajemen (Pedoman, Prosedur, Instruksi Kerja)</span><span style="line-height: 115%;"> sesuai dengan Pedoman\r\nTata Naskah Dinas.</span>', '<span style="line-height: 115%;">Perubahan Pedoman&nbsp; Tata Naskah\r\nDinas Perum Jasa Tirta II dan belum terintegrasinya proses bisnis</span>', '<p class="MsoNormal" style="margin-left: 18pt;"><!--[if !supportLists]-->•<span style="font-variant-numeric: normal; font-variant-east-asian: normal; font-stretch: normal; line-height: normal;">&nbsp;&nbsp;&nbsp;&nbsp;&nbsp;&nbsp; </span><!--[endif]--><span lang="FI" style="">Rapat\r\nPersiapan Sosialiasisi Pedoman Tata Naskah Dinas (PTND) &amp; Pros. Penomoran\r\ndengan Sekper Cq. Bidang Layanan Hukum pada M-</span>3 &amp; M4 Februari <span lang="FI" style="">2019<br></span>•<span style="font-variant-numeric: normal; font-variant-east-asian: normal; font-stretch: normal; line-height: normal;">&nbsp;&nbsp;&nbsp;&nbsp;&nbsp;&nbsp; </span><span lang="FI">Sosialiasi\r\nPTND dan Pros Penomoran pada M-</span>1 Maret <span lang="FI">2019<br></span>•<span style="font-variant-numeric: normal; font-variant-east-asian: normal; font-stretch: normal; line-height: normal;">&nbsp;&nbsp;&nbsp;&nbsp;&nbsp;&nbsp; </span><span lang="FI">Ekspose\r\nkepada Direksi Prosedur Penyusunan Naskah Dinas pada M-</span>3 Maret<span lang="FI"> 2019<br></span>•<span style="font-variant-numeric: normal; font-variant-east-asian: normal; font-stretch: normal; line-height: normal;">&nbsp;&nbsp;&nbsp;&nbsp;&nbsp;&nbsp; </span><span lang="FI">Pembahasan\r\nLanjutan Revisi Pros 06 dan Pros 10 pada M-</span>2<span lang="FI"> Maret 2019 </span>(apabila SOTK baru\r\nsudah ditetapkan)<br>•<span style="font-variant-numeric: normal; font-variant-east-asian: normal; font-stretch: normal; line-height: normal;">&nbsp;&nbsp;&nbsp;&nbsp;&nbsp;&nbsp; </span>Penyusunan Pedoman,\r\nProsedur &amp; IK berdasarkan urutan prioritas dan sesuai PTND serta hasil <span style="font-family: Arial, sans-serif;">mapping</span> secara menyeluruh</p>', '<p class="MsoNormal" style="margin-left: 8.8pt;"><!--[if !supportLists]-->•<span style="font-variant-numeric: normal; font-variant-east-asian: normal; font-stretch: normal; line-height: normal;">&nbsp;&nbsp;\r\n</span><!--[endif]-->Sosialiasi PTND &amp; Pros Penomoran pada M-1 Maret 2019<br>•<span style="font-variant-numeric: normal; font-variant-east-asian: normal; font-stretch: normal; line-height: normal;">&nbsp;&nbsp;\r\n</span>Prosedur Penyusunan Naskah Dinas pada M-1 Maret 2019<br>•<span style="font-variant-numeric: normal; font-variant-east-asian: normal; font-stretch: normal; line-height: normal;">&nbsp;&nbsp;\r\n</span>Revisi Pros 06 &amp; Pros 10 – April 2019 (apabila SOTK\r\nbaru sudah ditetapkan)<br>•<span style="font-variant-numeric: normal; font-variant-east-asian: normal; font-stretch: normal; line-height: normal;">&nbsp;&nbsp;\r\n</span>Penyusunan Pedoman, Prosedur &amp; IK berdasarkan urutan\r\nprioritas dan sesuai PTND serta hasil <span style="font-family: Arial, sans-serif;">mapping\r\n</span>secara menyeluruh – Desember 2019</p>', '6', 'Kadiv PKSM', '<p class="MsoNormal" style="margin-left: 18pt;"><!--[if !supportLists]-->•<span style="font-variant-numeric: normal; font-variant-east-asian: normal; font-stretch: normal; line-height: normal;">&nbsp;&nbsp;&nbsp;&nbsp;&nbsp;&nbsp;\r\n</span><!--[endif]--><span lang="FI" style="">Rapat Persiapan Sosialiasisi Pedoman Tata Naskah Dinas\r\n(PTND) &amp; Pros. Penomoran dengan Sekper Cq. Bidang Layanan Hukum pada M-</span>3 &amp; M4 Februari\r\n<span lang="FI" style="">2019<br></span>•<span style="font-variant-numeric: normal; font-variant-east-asian: normal; font-stretch: normal; line-height: normal;">&nbsp;&nbsp;&nbsp;&nbsp;&nbsp;&nbsp;\r\n</span><span lang="FI">Sosialiasi PTND dan Pros Penomoran pada M-</span>1 Maret <span lang="FI">2019<br></span>•<span style="font-variant-numeric: normal; font-variant-east-asian: normal; font-stretch: normal; line-height: normal;">&nbsp;&nbsp;&nbsp;&nbsp;&nbsp;&nbsp;\r\n</span><span lang="FI">Ekspose kepada Direksi Prosedur Penyusunan Naskah Dinas\r\npada M-</span>3 Maret<span lang="FI"> 2019<br></span>•<span style="font-variant-numeric: normal; font-variant-east-asian: normal; font-stretch: normal; line-height: normal;">&nbsp;&nbsp;&nbsp;&nbsp;&nbsp;&nbsp;\r\n</span><span lang="FI">Pembahasan Lanjutan Revisi Pros 06 dan Pros 10 pada M-</span>2<span lang="FI"> Maret 2019\r\n</span>(apabila\r\nSOTK baru sudah ditetapkan)<br>•<span style="font-variant-numeric: normal; font-variant-east-asian: normal; font-stretch: normal; line-height: normal;">&nbsp;&nbsp;&nbsp;&nbsp;&nbsp;&nbsp;\r\n</span>Penyusunan Pedoman, Prosedur &amp; IK berdasarkan urutan\r\nprioritas dan sesuai PTND serta hasil <span style="font-family: Arial, sans-serif;">mapping</span>\r\nsecara menyeluruh</p>', NULL, '<p class="MsoListParagraphCxSpFirst" style="margin-left: 18.85pt;"><!--[if !supportLists]-->·<span style="font-variant-numeric: normal; font-variant-east-asian: normal; font-stretch: normal; line-height: normal;">&nbsp;&nbsp;&nbsp;&nbsp;&nbsp;&nbsp;&nbsp;&nbsp;\r\n</span><!--[endif]-->Sosialisasi PTND sudah dilaksanakan pada Maret 2019<br>·<span style="font-variant-numeric: normal; font-variant-east-asian: normal; font-stretch: normal; line-height: normal;">&nbsp;&nbsp;&nbsp;&nbsp;&nbsp;&nbsp;&nbsp;&nbsp;\r\n</span>Prosedur Penomoran sudah ditetapkan oleh Direksi pada 31\r\nDesember 2018 dan sudah disosialisasikan pada Maret 2019<br>·<span style="font-variant-numeric: normal; font-variant-east-asian: normal; font-stretch: normal; line-height: normal;">&nbsp;&nbsp;&nbsp;&nbsp;&nbsp;&nbsp;&nbsp;&nbsp;\r\n</span>Revisi Prosedur 06 sudah ditandatangani Direksi pada Mei\r\n2019. Namun akan disesuaikan kembali sesuai SOTK baru<br>·<span style="font-variant-numeric: normal; font-variant-east-asian: normal; font-stretch: normal; line-height: normal;">&nbsp;&nbsp;&nbsp;&nbsp;&nbsp;&nbsp;&nbsp;&nbsp;\r\n</span>Revisi Pros 10 sudah final dan akan disahkan setelah\r\nterbit SOTK Baru&nbsp;</p>', NULL, 1, '2019-09-26 13:30:32', '2019-09-26 13:30:32');
/*!40000 ALTER TABLE `tb_uraian` ENABLE KEYS */;

-- Dumping structure for table rtmdb.users
CREATE TABLE IF NOT EXISTS `users` (
  `id` bigint(20) unsigned NOT NULL AUTO_INCREMENT,
  `name` varchar(255) COLLATE utf8mb4_unicode_ci NOT NULL,
  `email` varchar(255) COLLATE utf8mb4_unicode_ci NOT NULL,
  `email_verified_at` timestamp NULL DEFAULT NULL,
  `password` varchar(255) COLLATE utf8mb4_unicode_ci NOT NULL,
  `remember_token` varchar(100) COLLATE utf8mb4_unicode_ci DEFAULT NULL,
  `departemen_id` int(5) DEFAULT NULL,
  `created_at` timestamp NULL DEFAULT NULL,
  `updated_at` timestamp NULL DEFAULT NULL,
  PRIMARY KEY (`id`),
  UNIQUE KEY `users_email_unique` (`email`)
) ENGINE=InnoDB AUTO_INCREMENT=151 DEFAULT CHARSET=utf8mb4 COLLATE=utf8mb4_unicode_ci;

-- Dumping data for table rtmdb.users: ~150 rows (approximately)
/*!40000 ALTER TABLE `users` DISABLE KEYS */;
INSERT INTO `users` (`id`, `name`, `email`, `email_verified_at`, `password`, `remember_token`, `departemen_id`, `created_at`, `updated_at`) VALUES
	(1, 'Divisi Inventarisasi dan Pengendalian Aset', 'ipa', '2019-07-29 16:42:00', '$2y$10$c57iAqV4J37/gx6AsUaOeuq2m/fzMM6Hgw2zPkW9W/noh6U5DYs8i', '', 1, '2019-07-29 16:42:00', '2019-07-29 16:42:00'),
	(2, 'Sekretariat Perusahaan', 'sekper', '2019-07-29 16:42:00', '$2y$10$5M0X5XM3ljhBQ/lG/7fwAuO0ZojCVFxSRwF3Kd65aoDWXNT/t9zhm', '', 2, '2019-07-29 16:42:01', '2019-07-29 16:42:01'),
	(3, 'Divisi Sumber Daya Manusia', 'sdm', '2019-07-29 16:42:01', '$2y$10$W17ALurAVFYMD6KZNG5zpu.x/Em2OfLc0c9c2Ubfv2FMCNtrnMsYK', '', 3, '2019-07-29 16:42:01', '2019-07-29 16:42:01'),
	(4, 'Divisi Umum dan PKBL', 'umum', '2019-07-29 16:42:01', '$2y$10$ePMxDtGzMn/yCF3AMV4pS.wDAMGjJXevP8c9nhkcto2rG0gFc/6lq', '', 4, '2019-07-29 16:42:01', '2019-07-29 16:42:01'),
	(5, 'Divisi Keuangan dan Akuntansi', 'akuntansi', '2019-07-29 16:42:01', '$2y$10$rblgLvhOICWjAWYgVfmz2.Vmw4XZfftX0IMlIO9mJoJszZatx1CWW', '', 5, '2019-07-29 16:42:01', '2019-07-29 16:42:01'),
	(6, 'Divisi Pengendalian Kinerja dan Sistem Manajemen', 'pksm', '2019-07-29 16:42:01', '$2y$10$Qw9sDg4QS6IP8etBz6ASSu5NUPaGAHjiWxPLeWO7E0rERq0UBjNKm', '', 6, '2019-07-29 16:42:01', '2019-07-29 16:42:01'),
	(7, 'Satuan Pengawasan Intern', 'spi', '2019-07-29 16:42:01', '$2y$10$8oFS2JVVPyGTY9Dxj6W0deJqcUD7Rc7ReQVDhLQjZtyYUwi8NL23S', '', 7, '2019-07-29 16:42:01', '2019-07-29 16:42:01'),
	(8, 'Divisi Pengelolaan Proyek', 'dpp', '2019-07-29 16:42:01', '$2y$10$J60R1Z.PqtUAy1a6IhuWVecl3kMNG9q8IjDq1VIXC4gGXvnuCk0.y', '', 8, '2019-07-29 16:42:01', '2019-07-29 16:42:01'),
	(9, 'Divisi SDA dan SDL', 'sdasdl', '2019-07-29 16:42:02', '$2y$10$oPDOwumhg9TizAh5jPu63ueB18X5NeDm4vbmM76Oo1ooripNPPcQG', '', 9, '2019-07-29 16:42:02', '2019-07-29 16:42:02'),
	(10, 'Divisi Rencana Strategis dan Litbang', 'renstra', '2019-07-29 16:42:02', '$2y$10$J7FEmRFqatzBgMafryDNKuNIuXWyjr20K3/7PhVgvBotiBVS/lyH.', '', 10, '2019-07-29 16:42:02', '2019-07-29 16:42:02'),
	(11, 'Divisi Pengusahaan dan Pelayanan Pelanggan', 'p3', '2019-07-29 16:42:02', '$2y$10$GctnIUblLrq/Wk0lIzw4ReZ3k.oylLv1Zm6XtECSeEvqvzqMoMnWa', '', 11, '2019-07-29 16:42:02', '2019-07-29 16:42:02'),
	(12, 'Unit Usaha Wilayah II', 'uuw2', '2019-07-29 16:42:02', '$2y$10$IoIW72dPFZwWJest3yO9p.5MkeeHb85LlgC3M.S667wvdZCkA1QJO', '', 12, '2019-07-29 16:42:02', '2019-07-29 16:42:02'),
	(13, 'Unit Usaha PLTA', 'plta', '2019-07-29 16:42:02', '$2y$10$W2tQMOF41jg5kZXJLOgpnufVNYQ5PM85RvmauQ7YFjQAHShLjsj6y', '', 13, '2019-07-29 16:42:02', '2019-07-29 16:42:02'),
	(14, 'Unit Usaha Pariwisata dan AMDK', 'pariwisata', '2019-07-29 16:42:02', '$2y$10$Vt2vtcDZT94a9KknRS0yHecUktGsaZTwrpQIHQalfT2OpInFMMb1i', '', 14, '2019-07-29 16:42:02', '2019-07-29 16:42:02'),
	(15, 'Unit Usaha Wilayah I', 'uuw1', '2019-07-29 16:42:02', '$2y$10$Q8mvWRyNDKk3Zify7Fw6MuZiIXVVBPHsqM2UySIxtjj/DwusnpTeW', '', 15, '2019-07-29 16:42:03', '2019-07-29 16:42:03'),
	(16, 'Unit Usaha Wilayah IV', 'uuw4', '2019-07-29 16:42:03', '$2y$10$eIeR8z/EK./.ClURBqicQutWS0P4wXGD0Dvd.Q/d99sXMwjRqqF.W', '', 16, '2019-07-29 16:42:03', '2019-07-29 16:42:03'),
	(17, 'Unit Usaha Wilayah III', 'uuw3', '2019-07-29 16:42:03', '$2y$10$rtkqmiTT0fm3OHnrkEgkp.YoElrYpQKsQoVHRi8qVJw1rtOxfdvSm', '', 17, '2019-07-29 16:42:03', '2019-07-29 16:42:03'),
	(18, 'Unit Layanan Pengadaan', 'ulp', '2019-07-29 16:42:03', '$2y$10$22ZwB6P6ehENujRgQcRF/ucR6sAHEk5gylnAn/466L2TDztEfjfhG', '', 18, '2019-07-29 16:42:03', '2019-07-29 16:42:03'),
	(19, 'Administrator', 'admin', '2019-07-29 16:42:03', '$2y$10$wia1/WKg6A0.iQ3.WQgJjelVO.L60/4j5H8KjsH1XcH1J1BJ2vFMu', '', NULL, '2019-07-29 16:42:03', '2019-07-29 16:42:03'),
	(20, 'Amalia Pudjiastuti S.Kom', 'hArcu94oOI@gmail.com', '2019-07-29 16:42:03', '$2y$10$5U6aB1pDYhn5qplZtjRzzekCwVkAdzs6FRLqLl1ADMNae7nQ86bsS', '', NULL, '2019-07-29 16:42:03', '2019-07-29 16:42:03'),
	(21, 'Makara Prayoga', 'xmGnpewmrC@gmail.com', '2019-07-29 16:42:03', '$2y$10$QrWJsnTYLKy9cjN17c/yoOCNtGGXU40bvh7tYxNc5cSGhpw3iTtJ2', '', NULL, '2019-07-29 16:42:03', '2019-07-29 16:42:03'),
	(22, 'Darsirah Kuswoyo', 'S0pQHm8FxP@gmail.com', '2019-07-29 16:42:04', '$2y$10$0/yUULjZxdxCaQdlrjs5jeHFqK/ptUdqH.YwycKsXbwCogwOwzfWS', '', NULL, '2019-07-29 16:42:04', '2019-07-29 16:42:04'),
	(23, 'Emas Dongoran M.Pd', 'CwPGJjQWas@gmail.com', '2019-07-29 16:42:04', '$2y$10$bZSVwJ1HvuVUh19pzyN4bOGEFT7v00t5w2GUS9QiOtg1oL9xxUW5q', '', NULL, '2019-07-29 16:42:04', '2019-07-29 16:42:04'),
	(24, 'Aditya Damanik', 'LReKSdcEuo@gmail.com', '2019-07-29 16:42:04', '$2y$10$4X1h69SQLwTI9H1Qp3zCIe4pKmg7iGyEGw./WdcXjWca8bKq1Tphu', '', NULL, '2019-07-29 16:42:04', '2019-07-29 16:42:04'),
	(25, 'Latif Lega Mansur', '3uTg7C9zXA@gmail.com', '2019-07-29 16:42:04', '$2y$10$Pcq3E1eGRqmzIUkMiV5EPekWWQ1Uih/7eSpjG7MieRugHpYorQCXe', '', NULL, '2019-07-29 16:42:04', '2019-07-29 16:42:04'),
	(26, 'Ibun Lembah Saefullah M.Pd', 'yPepsQVd7H@gmail.com', '2019-07-29 16:42:04', '$2y$10$ybgea95pQ5DB0hvD.gQdl.eZQbzU6w3lr50izPKuPjyRIzeHJtUWK', '', NULL, '2019-07-29 16:42:04', '2019-07-29 16:42:04'),
	(27, 'Oni Agnes Nasyiah', 'R0jS70lHYO@gmail.com', '2019-07-29 16:42:04', '$2y$10$huz.dS039Lujd/W4Sib.o.9MKcHnc3X.y1zlqGFhPdwDDyOVI3Hdy', '', NULL, '2019-07-29 16:42:04', '2019-07-29 16:42:04'),
	(28, 'Olga Pangestu', 'tpDNKDv7rW@gmail.com', '2019-07-29 16:42:04', '$2y$10$JjI4aBhcwyr2V0phIcLNYe9DhbTlWW3CAYo6E8PuMOSCJll1nBk8e', '', NULL, '2019-07-29 16:42:05', '2019-07-29 16:42:05'),
	(29, 'Padmi Michelle Purnawati S.Pt', '0fjMqvKJWT@gmail.com', '2019-07-29 16:42:05', '$2y$10$6AR9SxF/EMwlF7ZE.1uk8uEdmpfC8KY9j8f08XDPJkHbsDUx4KJ6a', '', NULL, '2019-07-29 16:42:05', '2019-07-29 16:42:05'),
	(30, 'Raisa Tiara Hasanah S.Farm', 'AphiSGzHig@gmail.com', '2019-07-29 16:42:05', '$2y$10$0RVv5ULPSNd9CeOeSlVkPeREr1u1STKjk82ISqAoEwmHif.RbSwC6', '', NULL, '2019-07-29 16:42:05', '2019-07-29 16:42:05'),
	(31, 'Tasdik Mustofa', 'tXYDYubtTq@gmail.com', '2019-07-29 16:42:05', '$2y$10$3zSe0v9TPi029UeM2UiTG.MhMoe2FVyotN/.fFH4SCItq7CdCRqm2', '', NULL, '2019-07-29 16:42:05', '2019-07-29 16:42:05'),
	(32, 'Oliva Hastuti', 'ZmIlvSz2lJ@gmail.com', '2019-07-29 16:42:05', '$2y$10$CMCODXrywLufrWymY.UH1Op1X2h142fOO5FaplMsVOXCsL0Cqvpky', '', NULL, '2019-07-29 16:42:05', '2019-07-29 16:42:05'),
	(33, 'Estiawan Karya Halim', 'QEpLvErTVZ@gmail.com', '2019-07-29 16:42:05', '$2y$10$chzqZsZsZMLj0/xx1aM.2O7ejxBWaDC1TYEa0O6Z9c.CRGYHRyjj2', '', NULL, '2019-07-29 16:42:05', '2019-07-29 16:42:05'),
	(34, 'Olga Halim', 'YGqAgPOsFi@gmail.com', '2019-07-29 16:42:05', '$2y$10$kS8IXTPvrLqqPVQXekchTevBooPeNpa/I1cMx8CLBvAEEoveR/Y9G', '', NULL, '2019-07-29 16:42:05', '2019-07-29 16:42:05'),
	(35, 'Parman Emin Dongoran M.Farm', 'VIK4HmCc1k@gmail.com', '2019-07-29 16:42:06', '$2y$10$KnkxLj.euV5GbCWdqOsZ9uF9O5xrYbD8mOhcnEtbvEnpK.Oa8xilC', '', NULL, '2019-07-29 16:42:06', '2019-07-29 16:42:06'),
	(36, 'Sadina Vera Prastuti', 'rieHbeMD4Z@gmail.com', '2019-07-29 16:42:06', '$2y$10$n2M1lrbz/8KcWpRviHpL6ehAPLdWwvsnElhxJDB0s9DApqNb8AP12', '', NULL, '2019-07-29 16:42:06', '2019-07-29 16:42:06'),
	(37, 'Mumpuni Najmudin M.Ak', 'xlpEhafuGO@gmail.com', '2019-07-29 16:42:06', '$2y$10$3WCEpX6lffvWM5dLt9K2E.6HcvqSTMnPAiy5k6eC77uWm.pfatSoe', '', NULL, '2019-07-29 16:42:06', '2019-07-29 16:42:06'),
	(38, 'Maman Budi Januar', '4svcH8YHIC@gmail.com', '2019-07-29 16:42:06', '$2y$10$0Uz7SSR4jPht5d9W0Ws5COEuEHMxu159k8KWQ6whvxdFWz9OcllYu', '', NULL, '2019-07-29 16:42:06', '2019-07-29 16:42:06'),
	(39, 'Yoga Putra', 'RtugXrA2fs@gmail.com', '2019-07-29 16:42:06', '$2y$10$xg.ZY2WTLYE0yyOxiEpZpOtz97R1NgYVAGi4LDLKip6Lhs8hvbMim', '', NULL, '2019-07-29 16:42:06', '2019-07-29 16:42:06'),
	(40, 'Maimunah Betania Haryanti M.M.', 'nopJS5zaCv@gmail.com', '2019-07-29 16:42:06', '$2y$10$OTWmT8Fj8XL6EGnjppgGpumvUQEMj1lfscPZkixnKtZWNLVfTEBMS', '', NULL, '2019-07-29 16:42:06', '2019-07-29 16:42:06'),
	(41, 'Darijan Nababan S.Kom', 'itnlMHuUY8@gmail.com', '2019-07-29 16:42:06', '$2y$10$SNYfAcDPApus8WqkwMwdM.YKQ4vvNnCIM9dv6LfJvwN6V8mW9iLIq', '', NULL, '2019-07-29 16:42:07', '2019-07-29 16:42:07'),
	(42, 'Darmana Hakim', 'rmr7cvanzu@gmail.com', '2019-07-29 16:42:07', '$2y$10$MZdKFl1UYy5zCwa1QM73kOAh1Lns7xM9ZLTh2ba.7Y.detQEighri', '', NULL, '2019-07-29 16:42:07', '2019-07-29 16:42:07'),
	(43, 'Tania Suryatmi', 'lpOJWB0tSz@gmail.com', '2019-07-29 16:42:07', '$2y$10$T6146wutXdgbLDWrs.jia.FrdGDXargUoqJTsO4G9Rp7NoZrRw7zu', '', NULL, '2019-07-29 16:42:07', '2019-07-29 16:42:07'),
	(44, 'Cecep Adriansyah S.T.', 'XZDPXucdm2@gmail.com', '2019-07-29 16:42:07', '$2y$10$Bf2h9H6oT.umfu6VgY3epurt1cX1kt5OA6cupcGD8K/UFwUMUZeyy', '', NULL, '2019-07-29 16:42:07', '2019-07-29 16:42:07'),
	(45, 'Belinda Zulaika', 'uK1YwutyZR@gmail.com', '2019-07-29 16:42:07', '$2y$10$3h6.ORWOVWCeR3Fr.74kUu/34exCCvnIE/hICWT7xE/uUoHiR/Vry', '', NULL, '2019-07-29 16:42:07', '2019-07-29 16:42:07'),
	(46, 'Damar Uwais S.Farm', 'BsVUGbTd7l@gmail.com', '2019-07-29 16:42:07', '$2y$10$HNx2X4TaF4.Tzu7VUhjh7.IH2MUN51Dh9WpvWDa76dgIMttVVESBa', '', NULL, '2019-07-29 16:42:07', '2019-07-29 16:42:07'),
	(47, 'Prabu Prasasta', 'Laf5uKYqdz@gmail.com', '2019-07-29 16:42:07', '$2y$10$TkZhGJNCVo.KG2ZG2Amet.yEfnIQLQxJ2YnH/Orhj0uQgaMcr2eRy', '', NULL, '2019-07-29 16:42:07', '2019-07-29 16:42:07'),
	(48, 'Gaduh Ardianto S.Farm', '9oAz7ZFVup@gmail.com', '2019-07-29 16:42:08', '$2y$10$.ynWnXrwQw8t3RVaDoGOKOCok7i2lyXAkdrewMtlE6mn3/Oy4HdDq', '', NULL, '2019-07-29 16:42:08', '2019-07-29 16:42:08'),
	(49, 'Queen Kuswandari', 'N7u2zdGFo6@gmail.com', '2019-07-29 16:42:08', '$2y$10$bT0onrI8thkOS0MHZh3hUuikUiMfcUAXdYVLSmQFjgicZmGbyFnXm', '', NULL, '2019-07-29 16:42:08', '2019-07-29 16:42:08'),
	(50, 'Farhunnisa Handayani', '5Thze85GPw@gmail.com', '2019-07-29 16:42:08', '$2y$10$du2CNcbvpfCpGFkYf/8l2u//dMRf/nXjnDZXHU7nhitFBukML9d5q', '', NULL, '2019-07-29 16:42:08', '2019-07-29 16:42:08'),
	(51, 'Dr. Hermina Towne Sr.', 'tia27@example.com', '2019-08-14 14:14:05', '$2y$10$92IXUNpkjO0rOQ5byMi.Ye4oKoEa3Ro9llC/.og/at2.uheWG/igi', 'I5exn18hyr', NULL, '2019-08-14 14:14:06', '2019-08-14 14:14:06'),
	(52, 'Hoyt Goyette II', 'adavis@example.com', '2019-08-14 14:14:05', '$2y$10$92IXUNpkjO0rOQ5byMi.Ye4oKoEa3Ro9llC/.og/at2.uheWG/igi', 'Qyu7I2sMNy', NULL, '2019-08-14 14:14:06', '2019-08-14 14:14:06'),
	(53, 'Mellie Hermiston I', 'treutel.rhoda@example.net', '2019-08-14 14:14:05', '$2y$10$92IXUNpkjO0rOQ5byMi.Ye4oKoEa3Ro9llC/.og/at2.uheWG/igi', 'L5YoQipaEt', NULL, '2019-08-14 14:14:06', '2019-08-14 14:14:06'),
	(54, 'Ernie Cole PhD', 'tschimmel@example.net', '2019-08-14 14:14:05', '$2y$10$92IXUNpkjO0rOQ5byMi.Ye4oKoEa3Ro9llC/.og/at2.uheWG/igi', 'Tzo5xIHVVc', NULL, '2019-08-14 14:14:06', '2019-08-14 14:14:06'),
	(55, 'Dr. Mackenzie Halvorson DVM', 'kylie36@example.org', '2019-08-14 14:14:05', '$2y$10$92IXUNpkjO0rOQ5byMi.Ye4oKoEa3Ro9llC/.og/at2.uheWG/igi', '5QdDp41J9W', NULL, '2019-08-14 14:14:06', '2019-08-14 14:14:06'),
	(56, 'Ana Keebler III', 'eliseo.predovic@example.org', '2019-08-14 14:14:05', '$2y$10$92IXUNpkjO0rOQ5byMi.Ye4oKoEa3Ro9llC/.og/at2.uheWG/igi', 'U8HHRhWLmg', NULL, '2019-08-14 14:14:06', '2019-08-14 14:14:06'),
	(57, 'Paige Ruecker', 'jeramie.emmerich@example.net', '2019-08-14 14:14:05', '$2y$10$92IXUNpkjO0rOQ5byMi.Ye4oKoEa3Ro9llC/.og/at2.uheWG/igi', 'kLfSVG8IgN', NULL, '2019-08-14 14:14:06', '2019-08-14 14:14:06'),
	(58, 'Mr. Matt Becker I', 'griffin.lowe@example.org', '2019-08-14 14:14:05', '$2y$10$92IXUNpkjO0rOQ5byMi.Ye4oKoEa3Ro9llC/.og/at2.uheWG/igi', 'Sg9BscwuqO', NULL, '2019-08-14 14:14:06', '2019-08-14 14:14:06'),
	(59, 'Mr. Nathen Bednar', 'dickinson.kathryn@example.com', '2019-08-14 14:14:05', '$2y$10$92IXUNpkjO0rOQ5byMi.Ye4oKoEa3Ro9llC/.og/at2.uheWG/igi', 'uCE1KX5N5W', NULL, '2019-08-14 14:14:06', '2019-08-14 14:14:06'),
	(60, 'Tressie Watsica', 'zsenger@example.org', '2019-08-14 14:14:05', '$2y$10$92IXUNpkjO0rOQ5byMi.Ye4oKoEa3Ro9llC/.og/at2.uheWG/igi', 'L9hH4rgykM', NULL, '2019-08-14 14:14:06', '2019-08-14 14:14:06'),
	(61, 'Olga Corkery', 'okuneva.nella@example.org', '2019-08-14 14:14:05', '$2y$10$92IXUNpkjO0rOQ5byMi.Ye4oKoEa3Ro9llC/.og/at2.uheWG/igi', '9jnY45QWZ9', NULL, '2019-08-14 14:14:06', '2019-08-14 14:14:06'),
	(62, 'Mr. Trent Willms IV', 'rbotsford@example.com', '2019-08-14 14:14:05', '$2y$10$92IXUNpkjO0rOQ5byMi.Ye4oKoEa3Ro9llC/.og/at2.uheWG/igi', 'nAT9uGtBrA', NULL, '2019-08-14 14:14:06', '2019-08-14 14:14:06'),
	(63, 'Miss Trisha Smith', 'makenna61@example.org', '2019-08-14 14:14:05', '$2y$10$92IXUNpkjO0rOQ5byMi.Ye4oKoEa3Ro9llC/.og/at2.uheWG/igi', 'WNbggD9dyp', NULL, '2019-08-14 14:14:06', '2019-08-14 14:14:06'),
	(64, 'Claud Boyle', 'michel90@example.net', '2019-08-14 14:14:05', '$2y$10$92IXUNpkjO0rOQ5byMi.Ye4oKoEa3Ro9llC/.og/at2.uheWG/igi', 'jvXgihgAxR', NULL, '2019-08-14 14:14:06', '2019-08-14 14:14:06'),
	(65, 'Kristian Haag DDS', 'horacio.daniel@example.com', '2019-08-14 14:14:05', '$2y$10$92IXUNpkjO0rOQ5byMi.Ye4oKoEa3Ro9llC/.og/at2.uheWG/igi', 'VvE2ONY7fh', NULL, '2019-08-14 14:14:06', '2019-08-14 14:14:06'),
	(66, 'Miss Cortney Kirlin', 'shanahan.josie@example.org', '2019-08-14 14:14:05', '$2y$10$92IXUNpkjO0rOQ5byMi.Ye4oKoEa3Ro9llC/.og/at2.uheWG/igi', 'I0CaUwv7Pm', NULL, '2019-08-14 14:14:06', '2019-08-14 14:14:06'),
	(67, 'Lowell Ritchie', 'jayce50@example.org', '2019-08-14 14:14:05', '$2y$10$92IXUNpkjO0rOQ5byMi.Ye4oKoEa3Ro9llC/.og/at2.uheWG/igi', 'KHWbaOxJes', NULL, '2019-08-14 14:14:06', '2019-08-14 14:14:06'),
	(68, 'Caleb Zboncak Sr.', 'louie90@example.org', '2019-08-14 14:14:05', '$2y$10$92IXUNpkjO0rOQ5byMi.Ye4oKoEa3Ro9llC/.og/at2.uheWG/igi', 'R7HRkbspBH', NULL, '2019-08-14 14:14:06', '2019-08-14 14:14:06'),
	(69, 'Ellie Koepp III', 'keeling.carrie@example.com', '2019-08-14 14:14:05', '$2y$10$92IXUNpkjO0rOQ5byMi.Ye4oKoEa3Ro9llC/.og/at2.uheWG/igi', 'MkV38k7D7w', NULL, '2019-08-14 14:14:06', '2019-08-14 14:14:06'),
	(70, 'Zita Langosh', 'lakin.kendrick@example.com', '2019-08-14 14:14:05', '$2y$10$92IXUNpkjO0rOQ5byMi.Ye4oKoEa3Ro9llC/.og/at2.uheWG/igi', 'SE0oQlewFw', NULL, '2019-08-14 14:14:06', '2019-08-14 14:14:06'),
	(71, 'Prof. Tiffany Wisozk', 'mhoeger@example.org', '2019-08-14 14:14:05', '$2y$10$92IXUNpkjO0rOQ5byMi.Ye4oKoEa3Ro9llC/.og/at2.uheWG/igi', 'OGEIIt8nAl', NULL, '2019-08-14 14:14:06', '2019-08-14 14:14:06'),
	(72, 'Gerson Paucek', 'herbert51@example.net', '2019-08-14 14:14:05', '$2y$10$92IXUNpkjO0rOQ5byMi.Ye4oKoEa3Ro9llC/.og/at2.uheWG/igi', 'x3oBcYHYmn', NULL, '2019-08-14 14:14:06', '2019-08-14 14:14:06'),
	(73, 'Elyssa Runolfsdottir', 'louisa.armstrong@example.net', '2019-08-14 14:14:05', '$2y$10$92IXUNpkjO0rOQ5byMi.Ye4oKoEa3Ro9llC/.og/at2.uheWG/igi', '9AhbEHMjlf', NULL, '2019-08-14 14:14:06', '2019-08-14 14:14:06'),
	(74, 'Matilde Bradtke', 'kaci.braun@example.org', '2019-08-14 14:14:05', '$2y$10$92IXUNpkjO0rOQ5byMi.Ye4oKoEa3Ro9llC/.og/at2.uheWG/igi', 'QlNVDltJVc', NULL, '2019-08-14 14:14:06', '2019-08-14 14:14:06'),
	(75, 'Dave Muller', 'devin.nikolaus@example.org', '2019-08-14 14:14:05', '$2y$10$92IXUNpkjO0rOQ5byMi.Ye4oKoEa3Ro9llC/.og/at2.uheWG/igi', 'FThEsCnJtB', NULL, '2019-08-14 14:14:06', '2019-08-14 14:14:06'),
	(76, 'Macy Koelpin III', 'kihn.eduardo@example.net', '2019-08-14 14:14:05', '$2y$10$92IXUNpkjO0rOQ5byMi.Ye4oKoEa3Ro9llC/.og/at2.uheWG/igi', 'fOfd2goHSP', NULL, '2019-08-14 14:14:06', '2019-08-14 14:14:06'),
	(77, 'Raoul Nolan', 'croob@example.com', '2019-08-14 14:14:05', '$2y$10$92IXUNpkjO0rOQ5byMi.Ye4oKoEa3Ro9llC/.og/at2.uheWG/igi', 'd6QA27FneR', NULL, '2019-08-14 14:14:06', '2019-08-14 14:14:06'),
	(78, 'Wallace Parker', 'lela10@example.net', '2019-08-14 14:14:05', '$2y$10$92IXUNpkjO0rOQ5byMi.Ye4oKoEa3Ro9llC/.og/at2.uheWG/igi', '8Wm1ycQ3cs', NULL, '2019-08-14 14:14:06', '2019-08-14 14:14:06'),
	(79, 'Prof. Cecile Hoeger', 'pagac.brandt@example.com', '2019-08-14 14:14:05', '$2y$10$92IXUNpkjO0rOQ5byMi.Ye4oKoEa3Ro9llC/.og/at2.uheWG/igi', 'Uk8HEVa7Rb', NULL, '2019-08-14 14:14:06', '2019-08-14 14:14:06'),
	(80, 'Nova Rogahn', 'theodore.spencer@example.org', '2019-08-14 14:14:05', '$2y$10$92IXUNpkjO0rOQ5byMi.Ye4oKoEa3Ro9llC/.og/at2.uheWG/igi', 'FsoP8ua6Sc', NULL, '2019-08-14 14:14:06', '2019-08-14 14:14:06'),
	(81, 'Leopold Waelchi', 'haskell60@example.net', '2019-08-14 14:14:05', '$2y$10$92IXUNpkjO0rOQ5byMi.Ye4oKoEa3Ro9llC/.og/at2.uheWG/igi', 'QILotw6PEl', NULL, '2019-08-14 14:14:06', '2019-08-14 14:14:06'),
	(82, 'Ms. Sharon McCullough', 'glover.joey@example.com', '2019-08-14 14:14:05', '$2y$10$92IXUNpkjO0rOQ5byMi.Ye4oKoEa3Ro9llC/.og/at2.uheWG/igi', '9MSredEQlh', NULL, '2019-08-14 14:14:06', '2019-08-14 14:14:06'),
	(83, 'Vella Keebler', 'caesar.bernier@example.net', '2019-08-14 14:14:05', '$2y$10$92IXUNpkjO0rOQ5byMi.Ye4oKoEa3Ro9llC/.og/at2.uheWG/igi', 'E13YsRukuu', NULL, '2019-08-14 14:14:06', '2019-08-14 14:14:06'),
	(84, 'Mrs. Delta O\'Conner', 'dickens.brody@example.org', '2019-08-14 14:14:05', '$2y$10$92IXUNpkjO0rOQ5byMi.Ye4oKoEa3Ro9llC/.og/at2.uheWG/igi', 'mxDVbAS7oD', NULL, '2019-08-14 14:14:06', '2019-08-14 14:14:06'),
	(85, 'Prof. Nyasia Turcotte V', 'quinten25@example.org', '2019-08-14 14:14:05', '$2y$10$92IXUNpkjO0rOQ5byMi.Ye4oKoEa3Ro9llC/.og/at2.uheWG/igi', 'vR2BGwUue7', NULL, '2019-08-14 14:14:06', '2019-08-14 14:14:06'),
	(86, 'Edwina Rowe', 'naomi.orn@example.com', '2019-08-14 14:14:05', '$2y$10$92IXUNpkjO0rOQ5byMi.Ye4oKoEa3Ro9llC/.og/at2.uheWG/igi', 'WJT2pLqBH2', NULL, '2019-08-14 14:14:06', '2019-08-14 14:14:06'),
	(87, 'Zackery Quigley', 'arnulfo.gleichner@example.org', '2019-08-14 14:14:05', '$2y$10$92IXUNpkjO0rOQ5byMi.Ye4oKoEa3Ro9llC/.og/at2.uheWG/igi', 'zANVfzOGwS', NULL, '2019-08-14 14:14:06', '2019-08-14 14:14:06'),
	(88, 'Mariela Jerde', 'darrel.bruen@example.com', '2019-08-14 14:14:05', '$2y$10$92IXUNpkjO0rOQ5byMi.Ye4oKoEa3Ro9llC/.og/at2.uheWG/igi', 'UssLJsraX0', NULL, '2019-08-14 14:14:06', '2019-08-14 14:14:06'),
	(89, 'Maud Ondricka', 'larkin.daisha@example.org', '2019-08-14 14:14:05', '$2y$10$92IXUNpkjO0rOQ5byMi.Ye4oKoEa3Ro9llC/.og/at2.uheWG/igi', 'QYDzj3NlwH', NULL, '2019-08-14 14:14:06', '2019-08-14 14:14:06'),
	(90, 'Gennaro Kunde', 'webert@example.org', '2019-08-14 14:14:05', '$2y$10$92IXUNpkjO0rOQ5byMi.Ye4oKoEa3Ro9llC/.og/at2.uheWG/igi', '0bqMNdwVYs', NULL, '2019-08-14 14:14:06', '2019-08-14 14:14:06'),
	(91, 'Samara Hayes', 'richie.mante@example.org', '2019-08-14 14:14:05', '$2y$10$92IXUNpkjO0rOQ5byMi.Ye4oKoEa3Ro9llC/.og/at2.uheWG/igi', 'Z6kUlyMAIj', NULL, '2019-08-14 14:14:06', '2019-08-14 14:14:06'),
	(92, 'Nasir Oberbrunner', 'carrie.thompson@example.org', '2019-08-14 14:14:05', '$2y$10$92IXUNpkjO0rOQ5byMi.Ye4oKoEa3Ro9llC/.og/at2.uheWG/igi', 'K3BEVFGqvl', NULL, '2019-08-14 14:14:06', '2019-08-14 14:14:06'),
	(93, 'Abby Tremblay', 'bridie19@example.com', '2019-08-14 14:14:05', '$2y$10$92IXUNpkjO0rOQ5byMi.Ye4oKoEa3Ro9llC/.og/at2.uheWG/igi', 'Ck6UuesCQS', NULL, '2019-08-14 14:14:06', '2019-08-14 14:14:06'),
	(94, 'Lesley Larson', 'littel.freddy@example.com', '2019-08-14 14:14:05', '$2y$10$92IXUNpkjO0rOQ5byMi.Ye4oKoEa3Ro9llC/.og/at2.uheWG/igi', '719xDfKKPu', NULL, '2019-08-14 14:14:06', '2019-08-14 14:14:06'),
	(95, 'Alta Roberts', 'larkin.yadira@example.com', '2019-08-14 14:14:05', '$2y$10$92IXUNpkjO0rOQ5byMi.Ye4oKoEa3Ro9llC/.og/at2.uheWG/igi', 'NniJut537Z', NULL, '2019-08-14 14:14:06', '2019-08-14 14:14:06'),
	(96, 'Mr. Demarco Ledner', 'lubowitz.lou@example.org', '2019-08-14 14:14:05', '$2y$10$92IXUNpkjO0rOQ5byMi.Ye4oKoEa3Ro9llC/.og/at2.uheWG/igi', 'yaMpWv3mai', NULL, '2019-08-14 14:14:06', '2019-08-14 14:14:06'),
	(97, 'Miss Kitty Collier PhD', 'david66@example.com', '2019-08-14 14:14:05', '$2y$10$92IXUNpkjO0rOQ5byMi.Ye4oKoEa3Ro9llC/.og/at2.uheWG/igi', 'Rbmx4Os3EI', NULL, '2019-08-14 14:14:06', '2019-08-14 14:14:06'),
	(98, 'Hyman Fahey', 'padberg.dorothy@example.net', '2019-08-14 14:14:05', '$2y$10$92IXUNpkjO0rOQ5byMi.Ye4oKoEa3Ro9llC/.og/at2.uheWG/igi', '1FpLJbGvOk', NULL, '2019-08-14 14:14:06', '2019-08-14 14:14:06'),
	(99, 'Darby Gutkowski', 'annabel22@example.net', '2019-08-14 14:14:05', '$2y$10$92IXUNpkjO0rOQ5byMi.Ye4oKoEa3Ro9llC/.og/at2.uheWG/igi', 'VIYPEjeNt1', NULL, '2019-08-14 14:14:06', '2019-08-14 14:14:06'),
	(100, 'Gabe Beer', 'progahn@example.net', '2019-08-14 14:14:05', '$2y$10$92IXUNpkjO0rOQ5byMi.Ye4oKoEa3Ro9llC/.og/at2.uheWG/igi', '1PvRdIerWP', NULL, '2019-08-14 14:14:06', '2019-08-14 14:14:06'),
	(101, 'Crystal Welch', 'bosco.leopold@example.org', '2019-08-14 14:14:05', '$2y$10$92IXUNpkjO0rOQ5byMi.Ye4oKoEa3Ro9llC/.og/at2.uheWG/igi', 'VYPJ7uIDVM', NULL, '2019-08-14 14:14:06', '2019-08-14 14:14:06'),
	(102, 'Tre Wyman', 'barrows.vida@example.org', '2019-08-14 14:14:05', '$2y$10$92IXUNpkjO0rOQ5byMi.Ye4oKoEa3Ro9llC/.og/at2.uheWG/igi', 'r6GXqEClCi', NULL, '2019-08-14 14:14:06', '2019-08-14 14:14:06'),
	(103, 'Dr. Dylan Doyle', 'bryon.stark@example.org', '2019-08-14 14:14:05', '$2y$10$92IXUNpkjO0rOQ5byMi.Ye4oKoEa3Ro9llC/.og/at2.uheWG/igi', 'UGYtSKzFo6', NULL, '2019-08-14 14:14:06', '2019-08-14 14:14:06'),
	(104, 'Carmen Smith', 'ohansen@example.net', '2019-08-14 14:14:05', '$2y$10$92IXUNpkjO0rOQ5byMi.Ye4oKoEa3Ro9llC/.og/at2.uheWG/igi', 'gWbpeRx83c', NULL, '2019-08-14 14:14:06', '2019-08-14 14:14:06'),
	(105, 'Shyann Hettinger', 'valentine.hills@example.com', '2019-08-14 14:14:05', '$2y$10$92IXUNpkjO0rOQ5byMi.Ye4oKoEa3Ro9llC/.og/at2.uheWG/igi', 'QYHk0OPZAR', NULL, '2019-08-14 14:14:06', '2019-08-14 14:14:06'),
	(106, 'Dr. Jaime Turcotte Sr.', 'damien.bashirian@example.net', '2019-08-14 14:14:05', '$2y$10$92IXUNpkjO0rOQ5byMi.Ye4oKoEa3Ro9llC/.og/at2.uheWG/igi', 'MfDXLES8O3', NULL, '2019-08-14 14:14:06', '2019-08-14 14:14:06'),
	(107, 'Kiana Kuphal', 'nzieme@example.com', '2019-08-14 14:14:05', '$2y$10$92IXUNpkjO0rOQ5byMi.Ye4oKoEa3Ro9llC/.og/at2.uheWG/igi', 'OQfGboeEQd', NULL, '2019-08-14 14:14:06', '2019-08-14 14:14:06'),
	(108, 'Lawrence Block', 'kasey.dooley@example.org', '2019-08-14 14:14:05', '$2y$10$92IXUNpkjO0rOQ5byMi.Ye4oKoEa3Ro9llC/.og/at2.uheWG/igi', 'jeds26fbve', NULL, '2019-08-14 14:14:06', '2019-08-14 14:14:06'),
	(109, 'Mrs. Dandre McGlynn III', 'sanford.luciano@example.com', '2019-08-14 14:14:05', '$2y$10$92IXUNpkjO0rOQ5byMi.Ye4oKoEa3Ro9llC/.og/at2.uheWG/igi', 'kozwjxj9bw', NULL, '2019-08-14 14:14:06', '2019-08-14 14:14:06'),
	(110, 'David Bartell', 'joana.bode@example.com', '2019-08-14 14:14:05', '$2y$10$92IXUNpkjO0rOQ5byMi.Ye4oKoEa3Ro9llC/.og/at2.uheWG/igi', 'x4EWGoFgCa', NULL, '2019-08-14 14:14:06', '2019-08-14 14:14:06'),
	(111, 'Mr. Delaney Mayer', 'awhite@example.org', '2019-08-14 14:14:05', '$2y$10$92IXUNpkjO0rOQ5byMi.Ye4oKoEa3Ro9llC/.og/at2.uheWG/igi', 'jjbWBYVNWX', NULL, '2019-08-14 14:14:06', '2019-08-14 14:14:06'),
	(112, 'Dr. Anjali Weissnat', 'schmeler.magali@example.net', '2019-08-14 14:14:05', '$2y$10$92IXUNpkjO0rOQ5byMi.Ye4oKoEa3Ro9llC/.og/at2.uheWG/igi', 'pO2w00JwEZ', NULL, '2019-08-14 14:14:06', '2019-08-14 14:14:06'),
	(113, 'Alysson Nitzsche', 'mbernier@example.net', '2019-08-14 14:14:05', '$2y$10$92IXUNpkjO0rOQ5byMi.Ye4oKoEa3Ro9llC/.og/at2.uheWG/igi', 'OO5b7zCoDB', NULL, '2019-08-14 14:14:06', '2019-08-14 14:14:06'),
	(114, 'Joshuah VonRueden', 'runolfsson.kathleen@example.org', '2019-08-14 14:14:05', '$2y$10$92IXUNpkjO0rOQ5byMi.Ye4oKoEa3Ro9llC/.og/at2.uheWG/igi', 'EN7cKRjH0c', NULL, '2019-08-14 14:14:06', '2019-08-14 14:14:06'),
	(115, 'Jake McDermott V', 'tdoyle@example.net', '2019-08-14 14:14:05', '$2y$10$92IXUNpkjO0rOQ5byMi.Ye4oKoEa3Ro9llC/.og/at2.uheWG/igi', 'DAT1m155SA', NULL, '2019-08-14 14:14:06', '2019-08-14 14:14:06'),
	(116, 'Weldon White', 'vrutherford@example.net', '2019-08-14 14:14:05', '$2y$10$92IXUNpkjO0rOQ5byMi.Ye4oKoEa3Ro9llC/.og/at2.uheWG/igi', 'EQKtgB73E4', NULL, '2019-08-14 14:14:06', '2019-08-14 14:14:06'),
	(117, 'Miss Iliana Dickinson III', 'elise08@example.net', '2019-08-14 14:14:05', '$2y$10$92IXUNpkjO0rOQ5byMi.Ye4oKoEa3Ro9llC/.og/at2.uheWG/igi', 'YpnWyfpPza', NULL, '2019-08-14 14:14:06', '2019-08-14 14:14:06'),
	(118, 'Mr. Floyd Marquardt I', 'glover.vance@example.com', '2019-08-14 14:14:05', '$2y$10$92IXUNpkjO0rOQ5byMi.Ye4oKoEa3Ro9llC/.og/at2.uheWG/igi', 'xJCMd8AcKf', NULL, '2019-08-14 14:14:06', '2019-08-14 14:14:06'),
	(119, 'Fernando Bruen', 'pearline.hamill@example.net', '2019-08-14 14:14:05', '$2y$10$92IXUNpkjO0rOQ5byMi.Ye4oKoEa3Ro9llC/.og/at2.uheWG/igi', '2p0pLcSXCZ', NULL, '2019-08-14 14:14:06', '2019-08-14 14:14:06'),
	(120, 'Wade Christiansen', 'oconner.warren@example.com', '2019-08-14 14:14:06', '$2y$10$92IXUNpkjO0rOQ5byMi.Ye4oKoEa3Ro9llC/.og/at2.uheWG/igi', 'EgfYryznO7', NULL, '2019-08-14 14:14:06', '2019-08-14 14:14:06'),
	(121, 'Prof. Angus Reichert', 'hspinka@example.org', '2019-08-14 14:14:06', '$2y$10$92IXUNpkjO0rOQ5byMi.Ye4oKoEa3Ro9llC/.og/at2.uheWG/igi', 'kwnsgwOpsz', NULL, '2019-08-14 14:14:06', '2019-08-14 14:14:06'),
	(122, 'Fritz Harris Jr.', 'josiane13@example.com', '2019-08-14 14:14:06', '$2y$10$92IXUNpkjO0rOQ5byMi.Ye4oKoEa3Ro9llC/.og/at2.uheWG/igi', '0a2tSutl5i', NULL, '2019-08-14 14:14:06', '2019-08-14 14:14:06'),
	(123, 'Delpha Reynolds', 'webster22@example.org', '2019-08-14 14:14:06', '$2y$10$92IXUNpkjO0rOQ5byMi.Ye4oKoEa3Ro9llC/.og/at2.uheWG/igi', 'WoAkdixTOw', NULL, '2019-08-14 14:14:06', '2019-08-14 14:14:06'),
	(124, 'Misty Baumbach', 'kobe64@example.net', '2019-08-14 14:14:06', '$2y$10$92IXUNpkjO0rOQ5byMi.Ye4oKoEa3Ro9llC/.og/at2.uheWG/igi', 'gSc9t1jbEX', NULL, '2019-08-14 14:14:06', '2019-08-14 14:14:06'),
	(125, 'Mrs. Retta Tremblay IV', 'marques.morar@example.org', '2019-08-14 14:14:06', '$2y$10$92IXUNpkjO0rOQ5byMi.Ye4oKoEa3Ro9llC/.og/at2.uheWG/igi', 'GFYyZdPz9G', NULL, '2019-08-14 14:14:06', '2019-08-14 14:14:06'),
	(126, 'Ashleigh Smith', 'strosin.aida@example.net', '2019-08-14 14:14:06', '$2y$10$92IXUNpkjO0rOQ5byMi.Ye4oKoEa3Ro9llC/.og/at2.uheWG/igi', 'gFGoVl0a2r', NULL, '2019-08-14 14:14:06', '2019-08-14 14:14:06'),
	(127, 'Mr. Cullen Kemmer', 'trey14@example.org', '2019-08-14 14:14:06', '$2y$10$92IXUNpkjO0rOQ5byMi.Ye4oKoEa3Ro9llC/.og/at2.uheWG/igi', 'QxQjn1COqH', NULL, '2019-08-14 14:14:06', '2019-08-14 14:14:06'),
	(128, 'Miss Susie Reichert', 'ihudson@example.net', '2019-08-14 14:14:06', '$2y$10$92IXUNpkjO0rOQ5byMi.Ye4oKoEa3Ro9llC/.og/at2.uheWG/igi', 'rNGWCNbCFU', NULL, '2019-08-14 14:14:06', '2019-08-14 14:14:06'),
	(129, 'Dr. Royal Schuster II', 'kay.romaguera@example.com', '2019-08-14 14:14:06', '$2y$10$92IXUNpkjO0rOQ5byMi.Ye4oKoEa3Ro9llC/.og/at2.uheWG/igi', 'gZ3bxnsbyx', NULL, '2019-08-14 14:14:06', '2019-08-14 14:14:06'),
	(130, 'Miss Priscilla Okuneva', 'zmckenzie@example.org', '2019-08-14 14:14:06', '$2y$10$92IXUNpkjO0rOQ5byMi.Ye4oKoEa3Ro9llC/.og/at2.uheWG/igi', 'lApXMhi6XM', NULL, '2019-08-14 14:14:06', '2019-08-14 14:14:06'),
	(131, 'Prof. Delilah Lakin Jr.', 'emmerich.jana@example.net', '2019-08-14 14:14:06', '$2y$10$92IXUNpkjO0rOQ5byMi.Ye4oKoEa3Ro9llC/.og/at2.uheWG/igi', 'AWLSka65xl', NULL, '2019-08-14 14:14:06', '2019-08-14 14:14:06'),
	(132, 'Katelynn McClure', 'hessel.hortense@example.org', '2019-08-14 14:14:06', '$2y$10$92IXUNpkjO0rOQ5byMi.Ye4oKoEa3Ro9llC/.og/at2.uheWG/igi', 'oPeBB9XD49', NULL, '2019-08-14 14:14:06', '2019-08-14 14:14:06'),
	(133, 'Dr. Sandy Hintz', 'titus94@example.org', '2019-08-14 14:14:06', '$2y$10$92IXUNpkjO0rOQ5byMi.Ye4oKoEa3Ro9llC/.og/at2.uheWG/igi', 'R10czm7Crj', NULL, '2019-08-14 14:14:06', '2019-08-14 14:14:06'),
	(134, 'Rickie Fahey I', 'damien.padberg@example.com', '2019-08-14 14:14:06', '$2y$10$92IXUNpkjO0rOQ5byMi.Ye4oKoEa3Ro9llC/.og/at2.uheWG/igi', '79rvoSonRL', NULL, '2019-08-14 14:14:06', '2019-08-14 14:14:06'),
	(135, 'Dario Konopelski', 'kdubuque@example.org', '2019-08-14 14:14:06', '$2y$10$92IXUNpkjO0rOQ5byMi.Ye4oKoEa3Ro9llC/.og/at2.uheWG/igi', 'ASSMDxgKDx', NULL, '2019-08-14 14:14:06', '2019-08-14 14:14:06'),
	(136, 'Rosalee Russel', 'dante.hoeger@example.net', '2019-08-14 14:14:06', '$2y$10$92IXUNpkjO0rOQ5byMi.Ye4oKoEa3Ro9llC/.og/at2.uheWG/igi', 'n1JL35WSE3', NULL, '2019-08-14 14:14:06', '2019-08-14 14:14:06'),
	(137, 'Mitchel Grant IV', 'stamm.demetris@example.net', '2019-08-14 14:14:06', '$2y$10$92IXUNpkjO0rOQ5byMi.Ye4oKoEa3Ro9llC/.og/at2.uheWG/igi', '9JKKEkIsfy', NULL, '2019-08-14 14:14:06', '2019-08-14 14:14:06'),
	(138, 'Prof. Jesse Luettgen MD', 'timothy18@example.com', '2019-08-14 14:14:06', '$2y$10$92IXUNpkjO0rOQ5byMi.Ye4oKoEa3Ro9llC/.og/at2.uheWG/igi', 'IA207qFHM5', NULL, '2019-08-14 14:14:06', '2019-08-14 14:14:06'),
	(139, 'Idell Effertz', 'nnikolaus@example.net', '2019-08-14 14:14:06', '$2y$10$92IXUNpkjO0rOQ5byMi.Ye4oKoEa3Ro9llC/.og/at2.uheWG/igi', 'kQ7qYQsUuh', NULL, '2019-08-14 14:14:06', '2019-08-14 14:14:06'),
	(140, 'Liliana O\'Connell MD', 'kemmer.candido@example.org', '2019-08-14 14:14:06', '$2y$10$92IXUNpkjO0rOQ5byMi.Ye4oKoEa3Ro9llC/.og/at2.uheWG/igi', 'fPjUvOhDSt', NULL, '2019-08-14 14:14:06', '2019-08-14 14:14:06'),
	(141, 'Johann Barrows', 'dickinson.mary@example.net', '2019-08-14 14:14:06', '$2y$10$92IXUNpkjO0rOQ5byMi.Ye4oKoEa3Ro9llC/.og/at2.uheWG/igi', 'WRvEytYqyR', NULL, '2019-08-14 14:14:06', '2019-08-14 14:14:06'),
	(142, 'Tyreek Marquardt', 'jordy39@example.com', '2019-08-14 14:14:06', '$2y$10$92IXUNpkjO0rOQ5byMi.Ye4oKoEa3Ro9llC/.og/at2.uheWG/igi', 'f6Un6uhAUT', NULL, '2019-08-14 14:14:06', '2019-08-14 14:14:06'),
	(143, 'Bella Herman', 'ghayes@example.org', '2019-08-14 14:14:06', '$2y$10$92IXUNpkjO0rOQ5byMi.Ye4oKoEa3Ro9llC/.og/at2.uheWG/igi', 'QbobcRsWvr', NULL, '2019-08-14 14:14:06', '2019-08-14 14:14:06'),
	(144, 'Mr. Alfonso Gleason I', 'mckayla82@example.net', '2019-08-14 14:14:06', '$2y$10$92IXUNpkjO0rOQ5byMi.Ye4oKoEa3Ro9llC/.og/at2.uheWG/igi', 'MO2bJGWhD0', NULL, '2019-08-14 14:14:06', '2019-08-14 14:14:06'),
	(145, 'Mr. Freddie Mante', 'cielo.sanford@example.org', '2019-08-14 14:14:06', '$2y$10$92IXUNpkjO0rOQ5byMi.Ye4oKoEa3Ro9llC/.og/at2.uheWG/igi', 'yflyJdob8b', NULL, '2019-08-14 14:14:06', '2019-08-14 14:14:06'),
	(146, 'Prof. Jess Gulgowski', 'rey05@example.org', '2019-08-14 14:14:06', '$2y$10$92IXUNpkjO0rOQ5byMi.Ye4oKoEa3Ro9llC/.og/at2.uheWG/igi', 'mnEcoEZSuH', NULL, '2019-08-14 14:14:06', '2019-08-14 14:14:06'),
	(147, 'Rossie Swift I', 'pdooley@example.net', '2019-08-14 14:14:06', '$2y$10$92IXUNpkjO0rOQ5byMi.Ye4oKoEa3Ro9llC/.og/at2.uheWG/igi', 'NlAYMOStA9', NULL, '2019-08-14 14:14:06', '2019-08-14 14:14:06'),
	(148, 'Viviane Rippin MD', 'cordia.lind@example.org', '2019-08-14 14:14:06', '$2y$10$92IXUNpkjO0rOQ5byMi.Ye4oKoEa3Ro9llC/.og/at2.uheWG/igi', 'r8pL8d6sZA', NULL, '2019-08-14 14:14:06', '2019-08-14 14:14:06'),
	(149, 'Margarete Tillman MD', 'niko.hand@example.com', '2019-08-14 14:14:06', '$2y$10$92IXUNpkjO0rOQ5byMi.Ye4oKoEa3Ro9llC/.og/at2.uheWG/igi', 'bvFRZsPvwG', NULL, '2019-08-14 14:14:06', '2019-08-14 14:14:06'),
	(150, 'Ms. Emilia Lehner', 'martina.hilpert@example.org', '2019-08-14 14:14:06', '$2y$10$92IXUNpkjO0rOQ5byMi.Ye4oKoEa3Ro9llC/.og/at2.uheWG/igi', 'r3AzOQKMo0', NULL, '2019-08-14 14:14:06', '2019-08-14 14:14:06');
/*!40000 ALTER TABLE `users` ENABLE KEYS */;

/*!40101 SET SQL_MODE=IFNULL(@OLD_SQL_MODE, '') */;
/*!40014 SET FOREIGN_KEY_CHECKS=IF(@OLD_FOREIGN_KEY_CHECKS IS NULL, 1, @OLD_FOREIGN_KEY_CHECKS) */;
/*!40101 SET CHARACTER_SET_CLIENT=@OLD_CHARACTER_SET_CLIENT */;
