/*
SQLyog Ultimate v12.09 (32 bit)
MySQL - 5.7.25 : Database - rtmdb
*********************************************************************
*/

/*!40101 SET NAMES utf8 */;

/*!40101 SET SQL_MODE=''*/;

/*!40014 SET @OLD_UNIQUE_CHECKS=@@UNIQUE_CHECKS, UNIQUE_CHECKS=0 */;
/*!40014 SET @OLD_FOREIGN_KEY_CHECKS=@@FOREIGN_KEY_CHECKS, FOREIGN_KEY_CHECKS=0 */;
/*!40101 SET @OLD_SQL_MODE=@@SQL_MODE, SQL_MODE='NO_AUTO_VALUE_ON_ZERO' */;
/*!40111 SET @OLD_SQL_NOTES=@@SQL_NOTES, SQL_NOTES=0 */;
CREATE DATABASE /*!32312 IF NOT EXISTS*/`rtmdb` /*!40100 DEFAULT CHARACTER SET latin1 */;

USE `rtmdb`;

/*Table structure for table `departemen` */

DROP TABLE IF EXISTS `departemen`;

CREATE TABLE `departemen` (
  `id` int(5) NOT NULL AUTO_INCREMENT,
  `departemen` varchar(100) DEFAULT NULL,
  PRIMARY KEY (`id`)
) ENGINE=InnoDB AUTO_INCREMENT=20 DEFAULT CHARSET=latin1;

/*Data for the table `departemen` */

insert  into `departemen`(`id`,`departemen`) values (1,'Divisi Inventarisasi dan Pengendalian Aset (IPA)'),(2,'Sekretariat Perusahaan (Sekper)'),(3,'Divisi Sumber Daya Manusia (SDM)'),(4,'Divisi Umum dan PKBL'),(5,'Divisi Keuangan dan Akuntansi (Akuntansi)'),(6,'Divisi Pengendalian Kinerja dan Sistem Manajemen (PKSM)'),(7,'Satuan Pengawasan Intern (SPI)'),(8,'Divisi Pengelolaan Proyek (DPP)'),(9,'Divisi SDA dan SDL (SDASDL)'),(10,'Divisi Rencana Strategis dan Litbang (Renstra & Litbang)'),(11,'Divisi Pengusahaan dan Pelayanan Pelanggan (P3)'),(12,'Unit Usaha Wilayah II (UUW II)'),(13,'Unit Usaha PLTA'),(14,'Unit Usaha Pariwisata dan AMDK'),(15,'Unit Usaha Wilayah I (UUW I)'),(16,'Unit Usaha Wilayah IV (UUW IV)'),(17,'Unit Usaha Wilayah III (UUW III)'),(18,'Unit Layanan Pengadaan (ULP)'),(19,'Pengembangan Wilayah');

/*Table structure for table `departemen_uraian` */

DROP TABLE IF EXISTS `departemen_uraian`;

CREATE TABLE `departemen_uraian` (
  `departemen_id` int(5) NOT NULL,
  `uraian_id` int(5) NOT NULL,
  PRIMARY KEY (`departemen_id`,`uraian_id`)
) ENGINE=InnoDB DEFAULT CHARSET=latin1;

/*Data for the table `departemen_uraian` */

insert  into `departemen_uraian`(`departemen_id`,`uraian_id`) values (1,1),(1,12),(1,13),(1,23),(1,29),(1,30),(2,1),(2,17),(2,29),(2,54),(2,55),(3,1),(3,3),(3,14),(3,45),(3,48),(3,49),(4,1),(4,46),(4,47),(4,50),(5,1),(5,15),(6,1),(6,2),(6,3),(6,7),(6,8),(6,40),(6,41),(6,42),(6,53),(7,1),(7,39),(8,1),(8,4),(8,10),(8,11),(8,24),(8,30),(8,31),(8,44),(9,1),(9,4),(9,5),(9,10),(9,11),(9,16),(9,17),(9,18),(9,19),(9,20),(9,21),(9,22),(9,32),(9,36),(9,37),(9,38),(10,1),(10,3),(10,4),(10,9),(10,17),(10,51),(11,1),(11,6),(11,16),(11,17),(11,43),(12,1),(12,22),(12,23),(12,35),(12,43),(12,49),(13,1),(13,16),(14,1),(14,25),(14,26),(14,27),(14,28),(15,1),(15,31),(15,32),(15,33),(15,34),(15,48),(16,1),(16,16),(16,17),(17,1),(17,6),(18,1),(18,4),(18,10),(18,11),(18,45),(18,51),(19,1),(19,52);

/*Table structure for table `jenis` */

DROP TABLE IF EXISTS `jenis`;

CREATE TABLE `jenis` (
  `id` int(11) NOT NULL AUTO_INCREMENT,
  `parent_id` int(11) DEFAULT NULL,
  `jenis_masalah` text,
  `created_at` timestamp NULL DEFAULT NULL,
  `updated_at` timestamp NULL DEFAULT NULL,
  PRIMARY KEY (`id`)
) ENGINE=InnoDB AUTO_INCREMENT=16 DEFAULT CHARSET=latin1;

/*Data for the table `jenis` */

insert  into `jenis`(`id`,`parent_id`,`jenis_masalah`,`created_at`,`updated_at`) values (1,0,'Perubahan Isu-isu Internal & Eksternal','2019-08-13 10:11:34','2019-08-13 10:11:35'),(2,0,'Informasi Kinerja & Efektifitas SMM, Termasuk Trend Kecenderungan','2019-08-13 10:11:58','2019-08-13 10:11:58'),(3,0,'Kecukupan Sumber Daya','2019-08-13 10:15:47','2019-08-13 10:15:49'),(4,0,'Efektifitas Tindakan Terhadap Risiko & Peluang','2019-08-13 10:15:48','2019-08-13 10:15:49'),(5,0,'Peluang / Rekomendasi untuk Peningkatan Berkelanjutan','2019-08-13 10:15:52','2019-08-13 10:15:50'),(7,2,'Kepuasan Pelanggan','2019-12-11 11:59:00','2019-12-11 11:59:00'),(8,2,'Pencapaian Sasaran Mutu','2019-12-11 11:59:00','2019-12-11 11:59:00'),(9,2,'Kinerja Proses dan Kesesuaian Produk / Jasa','2019-12-11 11:59:00','2019-12-11 11:59:00'),(10,2,'Ketidaksesuaian dan tindakan koreksi','2019-12-11 11:59:00','2019-12-11 11:59:00'),(11,2,'Hasil Pemantauan dan Pengukuran','2019-12-11 11:59:00','2019-12-11 11:59:00'),(12,2,'Hasil Audit','2019-12-11 11:59:00','2019-12-11 11:59:00'),(13,2,'Kinerja Penyedia Eksternal','2019-12-11 11:59:00','2019-12-11 11:59:00'),(14,3,'SDM','2019-12-11 11:59:00','2019-12-11 11:59:00'),(15,3,'Fasilitas / Infrastruktur','2019-12-11 11:59:00','2019-12-11 11:59:00');

/*Table structure for table `media` */

DROP TABLE IF EXISTS `media`;

CREATE TABLE `media` (
  `id` bigint(20) unsigned NOT NULL AUTO_INCREMENT,
  `model_type` varchar(255) COLLATE utf8mb4_unicode_ci NOT NULL,
  `model_id` bigint(20) unsigned NOT NULL,
  `collection_name` varchar(255) COLLATE utf8mb4_unicode_ci NOT NULL,
  `name` varchar(255) COLLATE utf8mb4_unicode_ci NOT NULL,
  `file_name` varchar(255) COLLATE utf8mb4_unicode_ci NOT NULL,
  `mime_type` varchar(255) COLLATE utf8mb4_unicode_ci DEFAULT NULL,
  `disk` varchar(255) COLLATE utf8mb4_unicode_ci NOT NULL,
  `size` bigint(20) unsigned NOT NULL,
  `manipulations` json NOT NULL,
  `custom_properties` json NOT NULL,
  `responsive_images` json NOT NULL,
  `order_column` int(10) unsigned DEFAULT NULL,
  `created_at` timestamp NULL DEFAULT NULL,
  `updated_at` timestamp NULL DEFAULT NULL,
  PRIMARY KEY (`id`),
  KEY `media_model_type_model_id_index` (`model_type`,`model_id`)
) ENGINE=InnoDB AUTO_INCREMENT=4 DEFAULT CHARSET=utf8mb4 COLLATE=utf8mb4_unicode_ci;

/*Data for the table `media` */

insert  into `media`(`id`,`model_type`,`model_id`,`collection_name`,`name`,`file_name`,`mime_type`,`disk`,`size`,`manipulations`,`custom_properties`,`responsive_images`,`order_column`,`created_at`,`updated_at`) values (1,'App\\Uraian',3,'lampiran','5df8486847141_Alur Pros 22 tanggal 12112019','5df8486847141_Alur-Pros-22-tanggal-12112019.xlsx','application/vnd.openxmlformats-officedocument.spreadsheetml.sheet','public',193236,'[]','[]','[]',1,'2019-12-17 10:15:59','2019-12-17 10:15:59'),(2,'App\\Rtm',2,'document','5e12a07c383d0_LAMPIRAN PROGRAM KEGIATAN TAHUNAN','5e12a07c383d0_LAMPIRAN-PROGRAM-KEGIATAN-TAHUNAN.docx','application/vnd.openxmlformats-officedocument.wordprocessingml.document','public',13662,'[]','[]','[]',2,'2020-01-06 09:50:42','2020-01-06 09:50:42'),(3,'App\\Rtm',2,'document','5e1539a5a537c_Undangan RTM Ke 76','5e1539a5a537c_Undangan-RTM-Ke-76.pdf','application/pdf','public',1350495,'[]','[]','[]',3,'2020-01-08 09:09:08','2020-01-08 09:09:08');

/*Table structure for table `menu` */

DROP TABLE IF EXISTS `menu`;

CREATE TABLE `menu` (
  `id` int(5) unsigned NOT NULL AUTO_INCREMENT,
  `name` varchar(50) NOT NULL DEFAULT '0',
  `link` varchar(50) NOT NULL DEFAULT '0',
  `icon` varchar(50) DEFAULT '0',
  `is_parent` varchar(50) NOT NULL DEFAULT '0',
  `role` varchar(20) DEFAULT NULL,
  `urutan` int(5) DEFAULT NULL,
  PRIMARY KEY (`id`)
) ENGINE=InnoDB AUTO_INCREMENT=9 DEFAULT CHARSET=latin1;

/*Data for the table `menu` */

insert  into `menu`(`id`,`name`,`link`,`icon`,`is_parent`,`role`,`urutan`) values (1,'Beranda','/','icon-home','0','admin,unit,viewer',1),(2,'User','user','icon-users','6','admin',7),(3,'Dokumen','dokumen','icon-docs','0','',8),(4,'Evaluasi RTM','/evaluasi','icon-docs','8','admin,unit,viewer',5),(5,'Bahan RTM','/bahan','icon-notebook','8','admin,unit,viewer',3),(6,'Menu Admin','#','icon-user','0','admin',6),(7,'Risalah RTM','/risalah','icon-folder-alt','8','admin,unit,viewer',4),(8,'RTM','#',' icon-puzzle','0','admin,unit,viewer',2);

/*Table structure for table `migrations` */

DROP TABLE IF EXISTS `migrations`;

CREATE TABLE `migrations` (
  `id` int(10) unsigned NOT NULL AUTO_INCREMENT,
  `migration` varchar(255) COLLATE utf8mb4_unicode_ci NOT NULL,
  `batch` int(11) NOT NULL,
  PRIMARY KEY (`id`)
) ENGINE=InnoDB AUTO_INCREMENT=6 DEFAULT CHARSET=utf8mb4 COLLATE=utf8mb4_unicode_ci;

/*Data for the table `migrations` */

insert  into `migrations`(`id`,`migration`,`batch`) values (1,'2014_10_12_000000_create_users_table',1),(2,'2014_10_12_100000_create_password_resets_table',1),(3,'2019_07_29_163140_create_permission_tables',1),(5,'2019_10_14_110202_create_media_table',2);

/*Table structure for table `model_has_permissions` */

DROP TABLE IF EXISTS `model_has_permissions`;

CREATE TABLE `model_has_permissions` (
  `permission_id` int(10) unsigned NOT NULL,
  `model_type` varchar(255) COLLATE utf8mb4_unicode_ci NOT NULL,
  `model_id` bigint(20) unsigned NOT NULL,
  PRIMARY KEY (`permission_id`,`model_id`,`model_type`),
  KEY `model_has_permissions_model_id_model_type_index` (`model_id`,`model_type`),
  CONSTRAINT `model_has_permissions_permission_id_foreign` FOREIGN KEY (`permission_id`) REFERENCES `permissions` (`id`) ON DELETE CASCADE
) ENGINE=InnoDB DEFAULT CHARSET=utf8mb4 COLLATE=utf8mb4_unicode_ci;

/*Data for the table `model_has_permissions` */

/*Table structure for table `model_has_roles` */

DROP TABLE IF EXISTS `model_has_roles`;

CREATE TABLE `model_has_roles` (
  `role_id` int(10) unsigned NOT NULL,
  `model_type` varchar(255) COLLATE utf8mb4_unicode_ci NOT NULL,
  `model_id` bigint(20) unsigned NOT NULL,
  PRIMARY KEY (`role_id`,`model_id`,`model_type`),
  KEY `model_has_roles_model_id_model_type_index` (`model_id`,`model_type`),
  CONSTRAINT `model_has_roles_role_id_foreign` FOREIGN KEY (`role_id`) REFERENCES `roles` (`id`) ON DELETE CASCADE
) ENGINE=InnoDB DEFAULT CHARSET=utf8mb4 COLLATE=utf8mb4_unicode_ci;

/*Data for the table `model_has_roles` */

insert  into `model_has_roles`(`role_id`,`model_type`,`model_id`) values (2,'App\\user',1),(2,'App\\user',2),(2,'App\\user',3),(2,'App\\user',4),(2,'App\\user',5),(2,'App\\user',6),(2,'App\\user',7),(2,'App\\user',8),(2,'App\\user',9),(2,'App\\user',10),(2,'App\\user',11),(2,'App\\user',12),(2,'App\\user',13),(2,'App\\user',14),(2,'App\\user',15),(2,'App\\user',16),(2,'App\\user',17),(2,'App\\user',18),(2,'App\\user',19),(1,'App\\user',20),(1,'App\\user',21);

/*Table structure for table `password_resets` */

DROP TABLE IF EXISTS `password_resets`;

CREATE TABLE `password_resets` (
  `email` varchar(255) COLLATE utf8mb4_unicode_ci NOT NULL,
  `token` varchar(255) COLLATE utf8mb4_unicode_ci NOT NULL,
  `created_at` timestamp NULL DEFAULT NULL,
  KEY `password_resets_email_index` (`email`)
) ENGINE=InnoDB DEFAULT CHARSET=utf8mb4 COLLATE=utf8mb4_unicode_ci;

/*Data for the table `password_resets` */

/*Table structure for table `permissions` */

DROP TABLE IF EXISTS `permissions`;

CREATE TABLE `permissions` (
  `id` int(10) unsigned NOT NULL AUTO_INCREMENT,
  `name` varchar(255) COLLATE utf8mb4_unicode_ci NOT NULL,
  `guard_name` varchar(255) COLLATE utf8mb4_unicode_ci NOT NULL,
  `created_at` timestamp NULL DEFAULT NULL,
  `updated_at` timestamp NULL DEFAULT NULL,
  PRIMARY KEY (`id`)
) ENGINE=InnoDB AUTO_INCREMENT=5 DEFAULT CHARSET=utf8mb4 COLLATE=utf8mb4_unicode_ci;

/*Data for the table `permissions` */

insert  into `permissions`(`id`,`name`,`guard_name`,`created_at`,`updated_at`) values (1,'view post','web','2019-08-01 20:53:03','2019-08-01 20:53:04'),(2,'edit post','web','2019-08-01 20:53:14','2019-08-01 20:53:16'),(3,'delete post','web','2019-08-01 20:53:26','2019-08-01 20:53:27'),(4,'add post','web','2019-09-16 09:56:19','2019-09-16 09:56:20');

/*Table structure for table `progres` */

DROP TABLE IF EXISTS `progres`;

CREATE TABLE `progres` (
  `id` int(11) NOT NULL AUTO_INCREMENT,
  `target` float NOT NULL DEFAULT '0',
  `realisasi` float NOT NULL DEFAULT '0',
  `competitor` float NOT NULL DEFAULT '0',
  `year` varchar(20) NOT NULL DEFAULT '',
  `uraian_id` varchar(20) NOT NULL DEFAULT '',
  `created_at` timestamp NULL DEFAULT NULL,
  `updated_at` timestamp NULL DEFAULT NULL,
  PRIMARY KEY (`id`)
) ENGINE=InnoDB AUTO_INCREMENT=2 DEFAULT CHARSET=latin1;

/*Data for the table `progres` */

insert  into `progres`(`id`,`target`,`realisasi`,`competitor`,`year`,`uraian_id`,`created_at`,`updated_at`) values (1,10,8,7,'2019','3','2019-12-17 10:21:29','2019-12-17 10:21:29');

/*Table structure for table `role_has_permissions` */

DROP TABLE IF EXISTS `role_has_permissions`;

CREATE TABLE `role_has_permissions` (
  `permission_id` int(10) unsigned NOT NULL,
  `role_id` int(10) unsigned NOT NULL,
  PRIMARY KEY (`permission_id`,`role_id`),
  KEY `role_has_permissions_role_id_foreign` (`role_id`),
  CONSTRAINT `role_has_permissions_permission_id_foreign` FOREIGN KEY (`permission_id`) REFERENCES `permissions` (`id`) ON DELETE CASCADE,
  CONSTRAINT `role_has_permissions_role_id_foreign` FOREIGN KEY (`role_id`) REFERENCES `roles` (`id`) ON DELETE CASCADE
) ENGINE=InnoDB DEFAULT CHARSET=utf8mb4 COLLATE=utf8mb4_unicode_ci;

/*Data for the table `role_has_permissions` */

insert  into `role_has_permissions`(`permission_id`,`role_id`) values (1,1),(2,1),(3,1),(1,2),(2,2),(1,3);

/*Table structure for table `roles` */

DROP TABLE IF EXISTS `roles`;

CREATE TABLE `roles` (
  `id` int(10) unsigned NOT NULL AUTO_INCREMENT,
  `name` varchar(255) COLLATE utf8mb4_unicode_ci NOT NULL,
  `guard_name` varchar(255) COLLATE utf8mb4_unicode_ci NOT NULL,
  `created_at` timestamp NULL DEFAULT NULL,
  `updated_at` timestamp NULL DEFAULT NULL,
  PRIMARY KEY (`id`)
) ENGINE=InnoDB AUTO_INCREMENT=5 DEFAULT CHARSET=utf8mb4 COLLATE=utf8mb4_unicode_ci;

/*Data for the table `roles` */

insert  into `roles`(`id`,`name`,`guard_name`,`created_at`,`updated_at`) values (1,'admin','web','2019-08-01 20:51:35','2019-08-01 20:51:38'),(2,'unit','web','2019-08-01 20:52:03','2019-08-01 20:52:04'),(3,'viewer','web','2019-08-01 20:52:15','2019-08-01 20:52:16'),(4,'writer','web','2019-08-01 14:10:34','2019-08-01 14:10:34');

/*Table structure for table `rtm` */

DROP TABLE IF EXISTS `rtm`;

CREATE TABLE `rtm` (
  `id` int(11) NOT NULL AUTO_INCREMENT,
  `rtm_ke` int(5) DEFAULT NULL,
  `tingkat` varchar(20) DEFAULT NULL,
  `rkt` varchar(5) DEFAULT NULL,
  `tahun` varchar(5) DEFAULT NULL,
  `enabled` tinyint(1) DEFAULT '1',
  `created_at` timestamp NULL DEFAULT NULL,
  `updated_at` timestamp NULL DEFAULT NULL,
  PRIMARY KEY (`id`),
  UNIQUE KEY `rtm_ke` (`rtm_ke`)
) ENGINE=InnoDB AUTO_INCREMENT=3 DEFAULT CHARSET=latin1;

/*Data for the table `rtm` */

insert  into `rtm`(`id`,`rtm_ke`,`tingkat`,`rkt`,`tahun`,`enabled`,`created_at`,`updated_at`) values (1,76,'Pusat','III','2019',0,'2019-12-17 09:54:47','2020-01-08 09:09:08'),(2,77,'Pusat','I','2020',1,'2020-01-08 09:09:08','2020-01-08 09:09:08');

/*Table structure for table `rtm_uraian` */

DROP TABLE IF EXISTS `rtm_uraian`;

CREATE TABLE `rtm_uraian` (
  `rtm_id` int(5) NOT NULL,
  `uraian_id` int(5) NOT NULL,
  `status` smallint(6) DEFAULT '1',
  `created_at` timestamp NULL DEFAULT NULL,
  `updated_at` timestamp NULL DEFAULT NULL,
  PRIMARY KEY (`rtm_id`,`uraian_id`)
) ENGINE=InnoDB DEFAULT CHARSET=latin1;

/*Data for the table `rtm_uraian` */

insert  into `rtm_uraian`(`rtm_id`,`uraian_id`,`status`,`created_at`,`updated_at`) values (1,1,1,'2019-12-17 09:58:00','2020-01-06 11:44:03'),(1,2,1,'2019-12-17 10:02:07','2020-01-07 09:25:43'),(1,3,0,'2019-12-17 10:03:41','2020-01-06 09:54:08'),(1,4,1,'2019-12-17 10:48:10','2019-12-17 10:48:10'),(1,5,1,'2019-12-17 10:57:42','2019-12-17 10:57:42'),(1,6,1,'2019-12-17 10:59:04','2019-12-17 10:59:04'),(1,7,1,'2019-12-17 11:01:36','2019-12-17 11:01:36'),(1,8,1,'2019-12-17 11:04:18','2019-12-17 11:04:18'),(1,9,1,'2019-12-17 11:06:07','2019-12-17 11:06:07'),(1,10,1,'2019-12-17 11:08:09','2019-12-17 11:08:09'),(1,11,1,'2019-12-17 11:09:14','2019-12-17 11:09:14'),(1,12,1,'2019-12-17 11:10:09','2019-12-17 11:10:09'),(1,13,1,'2019-12-17 11:11:04','2019-12-17 11:11:04'),(1,14,1,'2019-12-17 11:13:37','2019-12-17 11:13:37'),(1,15,1,'2019-12-17 11:14:30','2019-12-17 11:14:30'),(1,16,1,'2019-12-18 14:51:50','2019-12-18 14:51:50'),(1,17,1,'2019-12-18 14:53:24','2019-12-18 14:53:24'),(1,18,1,'2019-12-18 14:54:33','2019-12-18 14:54:33'),(1,19,1,'2019-12-18 14:56:44','2019-12-18 14:56:44'),(1,20,1,'2019-12-18 14:57:50','2019-12-18 14:57:50'),(1,21,1,'2019-12-18 14:59:13','2019-12-18 14:59:13'),(1,22,1,'2019-12-18 15:00:17','2019-12-18 15:00:17'),(1,23,1,'2019-12-18 15:01:04','2019-12-18 15:01:04'),(1,24,1,'2019-12-18 15:06:15','2019-12-18 15:06:15'),(1,25,1,'2019-12-18 15:06:57','2019-12-18 15:06:57'),(1,26,1,'2019-12-18 15:07:43','2019-12-18 15:07:43'),(1,27,1,'2019-12-19 08:06:30','2019-12-19 08:06:30'),(1,28,1,'2019-12-19 08:07:54','2019-12-19 08:07:54'),(1,29,1,'2019-12-19 08:12:19','2019-12-19 08:12:19'),(1,30,1,'2019-12-19 08:41:42','2019-12-19 08:41:42'),(1,31,1,'2019-12-19 09:08:34','2019-12-19 09:08:34'),(1,32,1,'2019-12-19 09:12:29','2019-12-19 09:12:29'),(1,33,1,'2019-12-19 09:21:38','2019-12-19 09:21:38'),(1,34,1,'2019-12-19 09:22:39','2019-12-19 09:22:39'),(1,35,1,'2019-12-19 09:23:36','2019-12-19 09:23:36'),(1,36,1,'2019-12-19 09:24:49','2019-12-19 09:24:49'),(1,37,1,'2019-12-19 09:26:34','2019-12-19 09:26:34'),(1,38,1,'2019-12-19 09:27:21','2019-12-19 09:27:21'),(1,39,1,'2019-12-19 09:28:23','2019-12-19 09:28:23'),(1,40,1,'2019-12-19 09:29:00','2019-12-19 09:29:00'),(1,41,1,'2019-12-19 09:29:55','2019-12-19 09:29:55'),(1,42,1,'2019-12-19 09:30:40','2019-12-19 09:30:40'),(1,43,1,'2019-12-19 09:31:28','2019-12-19 09:31:28'),(1,44,1,'2019-12-19 09:33:56','2019-12-19 09:33:56'),(1,45,1,'2019-12-19 09:34:50','2019-12-19 09:34:50'),(1,46,1,'2019-12-19 09:35:39','2019-12-19 09:35:39'),(1,47,1,'2019-12-19 09:36:18','2020-01-07 09:26:40'),(1,48,1,'2019-12-19 09:37:19','2019-12-19 09:37:19'),(1,49,1,'2019-12-19 09:37:56','2019-12-19 09:37:56'),(1,50,1,'2019-12-19 09:38:50','2019-12-19 09:38:50'),(1,51,1,'2019-12-19 09:39:39','2019-12-19 09:39:39'),(1,52,1,'2019-12-19 09:53:14','2019-12-19 09:53:14'),(1,55,1,'2020-01-06 11:39:29','2020-01-06 11:39:29'),(2,1,1,'2020-01-08 09:09:08','2020-01-08 09:09:08'),(2,2,1,'2020-01-08 09:09:08','2020-01-08 09:09:08'),(2,4,1,'2020-01-08 09:09:08','2020-01-08 09:09:08'),(2,5,1,'2020-01-08 09:09:08','2020-01-08 09:09:08'),(2,6,1,'2020-01-08 09:09:08','2020-01-08 09:09:08'),(2,7,1,'2020-01-08 09:09:08','2020-01-08 09:09:08'),(2,8,1,'2020-01-08 09:09:08','2020-01-08 09:09:08'),(2,9,1,'2020-01-08 09:09:08','2020-01-08 09:09:08'),(2,10,1,'2020-01-08 09:09:08','2020-01-08 09:09:08'),(2,11,1,'2020-01-08 09:09:08','2020-01-08 09:09:08'),(2,12,1,'2020-01-08 09:09:08','2020-01-08 09:09:08'),(2,13,1,'2020-01-08 09:09:08','2020-01-08 09:09:08'),(2,14,1,'2020-01-08 09:09:08','2020-01-08 09:09:08'),(2,15,1,'2020-01-08 09:09:08','2020-01-08 09:09:08'),(2,16,1,'2020-01-08 09:09:08','2020-01-08 09:09:08'),(2,17,1,'2020-01-08 09:09:08','2020-01-08 09:09:08'),(2,18,1,'2020-01-08 09:09:08','2020-01-08 09:09:08'),(2,19,1,'2020-01-08 09:09:08','2020-01-08 09:09:08'),(2,20,1,'2020-01-08 09:09:08','2020-01-08 09:09:08'),(2,21,1,'2020-01-08 09:09:08','2020-01-08 09:09:08'),(2,22,1,'2020-01-08 09:09:08','2020-01-08 09:09:08'),(2,23,1,'2020-01-08 09:09:08','2020-01-08 09:09:08'),(2,24,1,'2020-01-08 09:09:08','2020-01-08 09:09:08'),(2,25,1,'2020-01-08 09:09:08','2020-01-08 09:09:08'),(2,26,1,'2020-01-08 09:09:08','2020-01-08 09:09:08'),(2,27,1,'2020-01-08 09:09:08','2020-01-08 09:09:08'),(2,28,1,'2020-01-08 09:09:08','2020-01-08 09:09:08'),(2,29,1,'2020-01-08 09:09:08','2020-01-08 09:09:08'),(2,30,1,'2020-01-08 09:09:08','2020-01-08 09:09:08'),(2,31,1,'2020-01-08 09:09:08','2020-01-08 09:09:08'),(2,32,1,'2020-01-08 09:09:08','2020-01-08 09:09:08'),(2,33,1,'2020-01-08 09:09:08','2020-01-08 09:09:08'),(2,34,1,'2020-01-08 09:09:08','2020-01-08 09:09:08'),(2,36,1,'2020-01-08 09:09:08','2020-01-08 09:09:08'),(2,37,1,'2020-01-08 09:09:08','2020-01-08 09:09:08'),(2,38,1,'2020-01-08 09:09:08','2020-01-08 09:09:08'),(2,40,1,'2020-01-08 09:09:08','2020-01-08 09:09:08'),(2,41,1,'2020-01-08 09:09:08','2020-01-08 09:09:08'),(2,42,1,'2020-01-08 09:09:08','2020-01-08 09:09:08'),(2,43,1,'2020-01-08 09:09:08','2020-01-08 09:09:08'),(2,44,1,'2020-01-08 09:09:08','2020-01-08 09:09:08'),(2,45,1,'2020-01-08 09:09:08','2020-01-08 09:09:08'),(2,46,1,'2020-01-08 09:09:08','2020-01-08 09:09:08'),(2,47,1,'2020-01-08 09:09:08','2020-01-08 09:09:08'),(2,48,1,'2020-01-08 09:09:08','2020-01-08 09:09:08'),(2,49,1,'2020-01-08 09:09:08','2020-01-08 09:09:08'),(2,50,1,'2020-01-08 09:09:08','2020-01-08 09:09:08'),(2,51,1,'2020-01-08 09:09:08','2020-01-08 09:09:08'),(2,52,1,'2020-01-08 09:09:08','2020-01-08 09:09:08');

/*Table structure for table `uraian` */

DROP TABLE IF EXISTS `uraian`;

CREATE TABLE `uraian` (
  `id` int(5) NOT NULL AUTO_INCREMENT,
  `uraian` mediumtext,
  `analisis` text,
  `r_uraian` text,
  `r_target` text,
  `ket` text,
  `tindak` text,
  `p_rencana` text,
  `p_realisasi` text,
  `jenis_id` int(5) DEFAULT NULL,
  `subjenis` int(5) DEFAULT NULL,
  `sbahan` tinyint(1) DEFAULT '1',
  `srisalah` tinyint(1) DEFAULT '0',
  `stindak` tinyint(1) DEFAULT '0',
  `statusn` tinyint(1) DEFAULT '1',
  `created_at` timestamp NULL DEFAULT NULL,
  `updated_at` timestamp NULL DEFAULT NULL,
  PRIMARY KEY (`id`)
) ENGINE=InnoDB AUTO_INCREMENT=56 DEFAULT CHARSET=latin1;

/*Data for the table `uraian` */

insert  into `uraian`(`id`,`uraian`,`analisis`,`r_uraian`,`r_target`,`ket`,`tindak`,`p_rencana`,`p_realisasi`,`jenis_id`,`subjenis`,`sbahan`,`srisalah`,`stindak`,`statusn`,`created_at`,`updated_at`) values (1,'<p class=\"MsoNormal\" style=\"text-align:justify\"><span lang=\"FI\" style=\"font-family: Arial, sans-serif;\">Capaian Skor KPI Korporat s.d Semeter I Tahun 2019\r\nsebesar 36,04. Hal ini beresiko tidak tercapainya Target Skor KPI Korporat\r\nTahun 2019 yaitu 100<o:p></o:p></span></p>','<span style=\"font-size: 11pt; line-height: 115%; font-family: Arial, sans-serif;\">Terdapat beberapa indikator\r\nKPI yang capaian realisasinya jauh dibawah target diantaranya : Pertumbuhan\r\nUsaha, Capex, Penjualan Air Bersih, IKP, Kapasitas Tenaga Kerja, Alokasi Biaya\r\nPengembangan SDM dan Sinergi BUMN</span>','<p class=\"MsoListParagraph\" style=\"margin-left:0in;mso-add-space:auto;text-align:\r\njustify\"><span style=\"font-family: Arial, sans-serif;\">Koordinasi dengan PIC unit kerja yang bertanggung jawab terhadap\r\nindikator-indikator tersebut agar Indikator yang belum ada realisasinya untuk\r\nsegera dilaksanakan penilaiannya, serta indikator yang belum tercapai agar\r\nditingkatkan kembali<o:p></o:p></span></p>','Desember 2019','<p class=\"MsoNormal\"><span style=\"font-family: Arial, sans-serif;\">Kadiv. PKSM dan seluruh unit kerja<o:p></o:p></span></p>','membuat tim baru&nbsp;','juni 2019&nbsp;','draft sk sudah dibuat&nbsp;',2,8,1,1,1,0,'2019-12-17 09:58:00','2020-01-08 09:09:08'),(2,'<p class=\"MsoNormal\" style=\"text-align:justify\"><span lang=\"FI\" style=\"font-family: Arial, sans-serif;\">Belum ada Hasil Asesmen KPKU Jasa Tirta II Tahun\r\n2019</span></p><p class=\"MsoNormal\" style=\"text-align:justify\"><span style=\"font-family: Arial, sans-serif;\">(Target Skor KPKU sebesar 560)</span></p>','<p class=\"MsoListParagraph\" style=\"margin-left:0in;mso-add-space:auto\"><span style=\"font-family: Arial, sans-serif;\">Hasil\r\npenilaian dari Asesor sudah serahkan kepada Forum Ekselen BUMN (FEB), saat ini\r\nmasih dalam tahap <i>Quality Assurance </i>oleh Tim FEB<o:p></o:p></span></p>','<p class=\"MsoNormal\"><span style=\"font-family: Arial, sans-serif;\">Koordinasi dengan Tim Asesor dan Forum\r\nEkselen BUMN</span><span style=\"font-family: Arial, sans-serif;\"> <span lang=\"EN-ID\"><o:p></o:p></span></span></p>','Desember 2019','Kepala Divisi PKSM','Sudah ditindaklanjuti','akan ditindaklanjuti','akan membangun gedung',2,8,1,1,1,0,'2019-12-17 10:02:07','2020-01-08 09:09:08'),(3,'<p class=\"MsoNormal\"><span lang=\"IN\" style=\"font-family: Arial, sans-serif;\">Penyesua</span><span style=\"font-family: Arial, sans-serif;\">ia</span><span lang=\"IN\" style=\"font-family: Arial, sans-serif;\">n PROS 06 tentang Penyusunan\r\nRencana Kerja</span><span style=\"font-family: Arial, sans-serif;\"> atas SOTK baru</span><span style=\"font-family: Arial, sans-serif;\"> <span lang=\"EN-ID\"><o:p></o:p></span></span></p>','<p class=\"MsoListParagraphCxSpFirst\" style=\"margin-left:11.95pt;mso-add-space:\r\nauto;text-indent:-11.95pt;mso-list:l0 level1 lfo1;tab-stops:list 11.95pt\"><!--[if !supportLists]--><span style=\"font-family: Arial, sans-serif;\">•<span style=\"font-variant-numeric: normal; font-variant-east-asian: normal; font-stretch: normal; font-size: 7pt; line-height: normal; font-family: &quot;Times New Roman&quot;;\">&nbsp;&nbsp;&nbsp;\r\n</span></span><!--[endif]--><span lang=\"IN\" style=\"font-family: Arial, sans-serif;\">Perubahan SOTK\r\nmengakibatkan perubahan proses bisnis</span><span style=\"font-family: Arial, sans-serif;\"><o:p></o:p></span></p>\r\n\r\n<p class=\"MsoListParagraphCxSpMiddle\" style=\"margin-left:11.95pt;mso-add-space:\r\nauto;text-indent:-11.95pt;mso-list:l0 level1 lfo1;tab-stops:list 11.95pt\"><!--[if !supportLists]--><span style=\"font-family: Arial, sans-serif;\">•<span style=\"font-variant-numeric: normal; font-variant-east-asian: normal; font-stretch: normal; font-size: 7pt; line-height: normal; font-family: &quot;Times New Roman&quot;;\">&nbsp;&nbsp;&nbsp;\r\n</span></span><!--[endif]--><span lang=\"EN-ID\" style=\"font-family: Arial, sans-serif;\">P</span><span lang=\"IN\" style=\"font-family: Arial, sans-serif;\">erlu Sinkronisasi SOTK dengan PROS 6 dan Prosedur Lainnya</span><span style=\"font-family: Arial, sans-serif;\"><o:p></o:p></span></p>\r\n\r\n<p class=\"MsoListParagraphCxSpMiddle\" style=\"margin-left:11.95pt;mso-add-space:\r\nauto;text-indent:-11.95pt;mso-list:l0 level1 lfo1;tab-stops:list 11.95pt\"><!--[if !supportLists]--><span style=\"font-family: Arial, sans-serif;\">•<span style=\"font-variant-numeric: normal; font-variant-east-asian: normal; font-stretch: normal; font-size: 7pt; line-height: normal; font-family: &quot;Times New Roman&quot;;\">&nbsp;&nbsp;&nbsp;\r\n</span></span><!--[endif]--><span lang=\"IN\" style=\"font-family: Arial, sans-serif;\">Isi Pros 6 sudah tidak\r\nrelevan dengan kondisi yang ada</span><span style=\"font-family: Arial, sans-serif;\"><o:p></o:p></span></p>\r\n\r\n<p class=\"MsoListParagraphCxSpLast\" style=\"margin-left:11.95pt;mso-add-space:\r\nauto;text-indent:-11.95pt;mso-list:l0 level1 lfo1;tab-stops:list 11.95pt\"><!--[if !supportLists]--><span style=\"font-family: Arial, sans-serif;\">•<span style=\"font-variant-numeric: normal; font-variant-east-asian: normal; font-stretch: normal; font-size: 7pt; line-height: normal; font-family: &quot;Times New Roman&quot;;\">&nbsp;&nbsp;&nbsp;\r\n</span></span><!--[endif]--><span lang=\"IN\" style=\"font-family: Arial, sans-serif;\">Belum Jelas Wewenang\r\nDireksi untuk persetujuan pengalihan atau perubahan sasaran.</span><span style=\"font-family: Arial, sans-serif;\"><o:p></o:p></span></p>','<p class=\"MsoListParagraph\" style=\"margin-left:8.35pt;mso-add-space:auto;\r\ntext-align:justify;text-indent:-9.0pt;mso-list:l1 level1 lfo2;tab-stops:list 8.35pt\"><!--[if !supportLists]--><span style=\"font-family: Arial, sans-serif;\">•<span style=\"font-variant-numeric: normal; font-variant-east-asian: normal; font-stretch: normal; font-size: 7pt; line-height: normal; font-family: &quot;Times New Roman&quot;;\">&nbsp;&nbsp;\r\n</span></span><!--[endif]--><span lang=\"IN\" style=\"font-family: Arial, sans-serif;\">Melakukan penyesu</span><span style=\"font-family: Arial, sans-serif;\">a</span><span lang=\"IN\" style=\"font-family: Arial, sans-serif;\">ian atas PROS 6 dengan SOTK, PP 7 dan prosedur serta\r\npedoman lainnya.</span><span style=\"font-family: Arial, sans-serif;\"><o:p></o:p></span></p>\r\n\r\n<p class=\"MsoNormal\" style=\"margin-left:8.35pt;text-align:justify;text-indent:\r\n-9.0pt;mso-list:l0 level1 lfo1;tab-stops:list 8.35pt 15.9pt\"><!--[if !supportLists]--><span lang=\"EN-ID\" style=\"font-family: Arial, sans-serif;\">•<span style=\"font-variant-numeric: normal; font-variant-east-asian: normal; font-stretch: normal; font-size: 7pt; line-height: normal; font-family: &quot;Times New Roman&quot;;\">&nbsp;&nbsp;\r\n</span></span><!--[endif]--><span lang=\"IN\" style=\"font-family: Arial, sans-serif;\">Pada masa transisi perlu\r\nadanya kebijakan terkait kewenangan persetujuan pengalihan atau perubahan sasar</span><span style=\"font-family: Arial, sans-serif;\">a</span><span lang=\"IN\" style=\"font-family: Arial, sans-serif;\">n sebelum penetapan revisi Pros 6 Baru.</span><span lang=\"EN-ID\" style=\"font-family: Arial, sans-serif;\"><o:p></o:p></span></p>','Minggu IV Oktober','<p class=\"MsoNormal\" style=\"margin-left:8.55pt;text-indent:-9.2pt;mso-list:l0 level1 lfo1\"><!--[if !supportLists]--><span style=\"font-family: Arial, sans-serif;\">-<span style=\"font-variant-numeric: normal; font-variant-east-asian: normal; font-stretch: normal; font-size: 7pt; line-height: normal; font-family: &quot;Times New Roman&quot;;\">&nbsp;&nbsp;\r\n</span></span><!--[endif]--><span style=\"font-family: Arial, sans-serif;\">Kepala Divisi Renstra &amp; Litbang<o:p></o:p></span></p>\r\n\r\n<p class=\"MsoNormal\" style=\"margin-left:8.55pt;text-indent:-9.2pt;mso-list:l0 level1 lfo1\"><!--[if !supportLists]--><span style=\"font-family: Arial, sans-serif;\">-<span style=\"font-variant-numeric: normal; font-variant-east-asian: normal; font-stretch: normal; font-size: 7pt; line-height: normal; font-family: &quot;Times New Roman&quot;;\">&nbsp;&nbsp;\r\n</span></span><!--[endif]--><span lang=\"IN\" style=\"font-family: Arial, sans-serif;\">Kepala Divisi PKSM</span><span style=\"font-family: Arial, sans-serif;\"><o:p></o:p></span></p>\r\n\r\n<p class=\"MsoNormal\" style=\"margin-left:8.55pt;text-indent:-9.2pt;mso-list:l0 level1 lfo1\"><!--[if !supportLists]--><span style=\"font-family: Arial, sans-serif;\">-<span style=\"font-variant-numeric: normal; font-variant-east-asian: normal; font-stretch: normal; font-size: 7pt; line-height: normal; font-family: &quot;Times New Roman&quot;;\">&nbsp;&nbsp;\r\n</span></span><!--[endif]--><span style=\"font-family: Arial, sans-serif;\">Kepala Divisi SDM&nbsp;<o:p></o:p></span></p>','nawbdlawbkdb','kawgiawdigawd','awdawd',2,8,1,1,1,0,'2019-12-17 10:03:41','2020-01-08 09:09:08'),(4,'<p class=\"MsoNormal\" style=\"margin-left:11.3pt;text-align:justify;text-indent:\r\n-13.5pt;mso-list:l0 level1 lfo1;tab-stops:list 11.3pt\"><!--[if !supportLists]--><span style=\"font-family: Arial, sans-serif;\">•<span style=\"font-variant-numeric: normal; font-variant-east-asian: normal; font-stretch: normal; font-size: 7pt; line-height: normal; font-family: &quot;Times New Roman&quot;;\">&nbsp;&nbsp;&nbsp;&nbsp; </span></span><!--[endif]--><span lang=\"IN\" style=\"font-family: Arial, sans-serif;\">Progress&nbsp; Penyerapan Investasi RKAP Tahun 2019 Realisasi</span><span style=\"font-family: Arial, sans-serif;\"> Masih dibawah 5 % dari total Program Investasi.<o:p></o:p></span></p>\r\n\r\n<p class=\"MsoNormal\" style=\"margin-left:11.3pt;text-align:justify;text-indent:\r\n-13.5pt;mso-list:l0 level1 lfo1;tab-stops:list 11.3pt\"><!--[if !supportLists]--><span style=\"font-family: Arial, sans-serif;\">•<span style=\"font-variant-numeric: normal; font-variant-east-asian: normal; font-stretch: normal; font-size: 7pt; line-height: normal; font-family: &quot;Times New Roman&quot;;\">&nbsp;&nbsp;</span></span><span lang=\"IN\" style=\"font-family: Arial, sans-serif;\">Perubahan Metode Proses\r\nPengadaan yang semula </span><span style=\"font-family: Arial, sans-serif;\">direncanakan </span><span lang=\"IN\" style=\"font-family: Arial, sans-serif;\">EPC atau Design and Built\r\nsebagai akibat dari perubahan SOTK dan Proses Bisnis</span><span style=\"font-family: Arial, sans-serif;\">.<o:p></o:p></span></p>\r\n\r\n<p class=\"MsoNormal\" style=\"margin-left:11.3pt;text-align:justify;text-indent:\r\n-13.5pt;mso-list:l0 level1 lfo1;tab-stops:list 11.3pt\"><!--[if !supportLists]--><span style=\"font-family: Arial, sans-serif;\">•<span style=\"font-variant-numeric: normal; font-variant-east-asian: normal; font-stretch: normal; font-size: 7pt; line-height: normal; font-family: &quot;Times New Roman&quot;;\">&nbsp;&nbsp;&nbsp;&nbsp; </span></span><!--[endif]--><span style=\"font-family: Arial, sans-serif;\">Adanya pengembangan SPAM yang batal dilaksanakan.<o:p></o:p></span></p>','<p class=\"MsoListParagraphCxSpFirst\" style=\"margin-left:11.95pt;mso-add-space:\r\nauto;text-indent:-13.5pt;mso-list:l0 level1 lfo1;tab-stops:list 11.95pt\"><!--[if !supportLists]--><span style=\"font-family: Arial, sans-serif;\">•<span style=\"font-variant-numeric: normal; font-variant-east-asian: normal; font-stretch: normal; font-size: 7pt; line-height: normal; font-family: &quot;Times New Roman&quot;;\">&nbsp;&nbsp;&nbsp;&nbsp;\r\n</span></span><!--[endif]--><span lang=\"IN\" style=\"font-family: Arial, sans-serif;\">Perubahan SOTK\r\nmengakibatkan perubahan proses bisnis</span><span style=\"font-family: Arial, sans-serif;\"><o:p></o:p></span></p>\r\n\r\n<p class=\"MsoListParagraphCxSpMiddle\" style=\"margin-left:11.95pt;mso-add-space:\r\nauto;text-indent:-13.5pt;mso-list:l0 level1 lfo1;tab-stops:list 11.95pt\"><!--[if !supportLists]--><span style=\"font-family: Arial, sans-serif;\">•<span style=\"font-variant-numeric: normal; font-variant-east-asian: normal; font-stretch: normal; font-size: 7pt; line-height: normal; font-family: &quot;Times New Roman&quot;;\">&nbsp;&nbsp;&nbsp;&nbsp;\r\n</span></span><!--[endif]--><span lang=\"IN\" style=\"font-family: Arial, sans-serif;\">Belum lengkapnya FS dan\r\nDED atas beberapa program Investasi</span><span style=\"font-family: Arial, sans-serif;\"><o:p></o:p></span></p>\r\n\r\n<p class=\"MsoListParagraphCxSpMiddle\" style=\"margin-left:11.95pt;mso-add-space:\r\nauto;text-indent:-13.5pt;mso-list:l0 level1 lfo1;tab-stops:list 11.95pt\"><!--[if !supportLists]--><span style=\"font-family: Arial, sans-serif;\">•<span style=\"font-variant-numeric: normal; font-variant-east-asian: normal; font-stretch: normal; font-size: 7pt; line-height: normal; font-family: &quot;Times New Roman&quot;;\">&nbsp;&nbsp;&nbsp;&nbsp;\r\n</span></span><!--[endif]--><span lang=\"IN\" style=\"font-family: Arial, sans-serif;\">Belum adanya kajian atas\r\nbeberapa program Investasi</span><span style=\"font-family: Arial, sans-serif;\"><o:p></o:p></span></p>\r\n\r\n<p class=\"MsoListParagraphCxSpLast\" style=\"margin-left:11.95pt;mso-add-space:\r\nauto;text-indent:-13.5pt;mso-list:l0 level1 lfo1;tab-stops:list 11.95pt\"><!--[if !supportLists]--><span style=\"font-family: Arial, sans-serif;\">•<span style=\"font-variant-numeric: normal; font-variant-east-asian: normal; font-stretch: normal; font-size: 7pt; line-height: normal; font-family: &quot;Times New Roman&quot;;\">&nbsp;&nbsp;&nbsp;&nbsp;\r\n</span></span><!--[endif]--><span lang=\"IN\" style=\"font-family: Arial, sans-serif;\">Investasi atas Perabot\r\n&amp; Peralatan masih dala</span><span style=\"font-family: Arial, sans-serif;\">m </span><span lang=\"IN\" style=\"font-family: Arial, sans-serif;\">proses\r\npengadaan</span><span style=\"font-family: Arial, sans-serif;\"><o:p></o:p></span></p>','<p class=\"MsoListParagraphCxSpFirst\" style=\"margin-left:8.35pt;mso-add-space:\r\nauto;text-align:justify;text-indent:-8.35pt;mso-list:l1 level1 lfo2;tab-stops:\r\nlist 8.35pt\"><!--[if !supportLists]--><span style=\"font-family: Arial, sans-serif;\">•<span style=\"font-variant-numeric: normal; font-variant-east-asian: normal; font-stretch: normal; font-size: 7pt; line-height: normal; font-family: &quot;Times New Roman&quot;;\">&nbsp; </span></span><!--[endif]--><span lang=\"IN\" style=\"font-family: Arial, sans-serif;\">Perlu pe</span><span style=\"font-family: Arial, sans-serif;\">rcepatan proses</span><span lang=\"IN\" style=\"font-family: Arial, sans-serif;\"> FS dan DED </span><span style=\"font-family: Arial, sans-serif;\"><o:p></o:p></span></p>\r\n\r\n<p class=\"MsoListParagraphCxSpMiddle\" style=\"margin-left:8.35pt;mso-add-space:\r\nauto;text-align:justify;text-indent:-8.35pt;mso-list:l1 level1 lfo2;tab-stops:\r\nlist 8.35pt\"><!--[if !supportLists]--><span style=\"font-family: Arial, sans-serif;\">•<span style=\"font-variant-numeric: normal; font-variant-east-asian: normal; font-stretch: normal; font-size: 7pt; line-height: normal; font-family: &quot;Times New Roman&quot;;\">&nbsp; </span></span><!--[endif]--><span lang=\"IN\" style=\"font-family: Arial, sans-serif;\">Melakukan Evaluasi Lebih Detail atas perencanaan program\r\nInvestasi</span><span style=\"font-family: Arial, sans-serif;\"> Berikutnya<o:p></o:p></span></p>\r\n\r\n<p class=\"MsoListParagraphCxSpMiddle\" style=\"margin-left:8.35pt;mso-add-space:\r\nauto;text-align:justify;text-indent:-8.35pt;mso-list:l1 level1 lfo2;tab-stops:\r\nlist 8.35pt\"><!--[if !supportLists]--><span lang=\"IN\" style=\"font-family: Arial, sans-serif;\">•<span style=\"font-variant-numeric: normal; font-variant-east-asian: normal; font-stretch: normal; font-size: 7pt; line-height: normal; font-family: &quot;Times New Roman&quot;;\">&nbsp;\r\n</span></span><!--[endif]--><span style=\"font-family: Arial, sans-serif;\">Perlu pembahasan khusus terkait percepatan\r\npembangunan SPAM</span><span lang=\"IN\" style=\"font-family: Arial, sans-serif;\"><o:p></o:p></span></p>\r\n\r\n<p class=\"MsoListParagraphCxSpLast\" style=\"margin-left:8.35pt;mso-add-space:auto;\r\ntext-align:justify;text-indent:-8.35pt;mso-list:l1 level1 lfo2;tab-stops:list 8.35pt\"><!--[if !supportLists]--><span lang=\"IN\" style=\"font-family: Arial, sans-serif;\">•<span style=\"font-variant-numeric: normal; font-variant-east-asian: normal; font-stretch: normal; font-size: 7pt; line-height: normal; font-family: &quot;Times New Roman&quot;;\">&nbsp; </span></span><!--[endif]--><span style=\"font-family: Arial, sans-serif;\">Dokumen\r\npengadaan yang belum lengkap segera dilengkapi</span><span lang=\"IN\" style=\"font-family: Arial, sans-serif;\"><o:p></o:p></span></p>\r\n\r\n<p class=\"MsoNormal\" style=\"margin-left:8.8pt;text-indent:-8.8pt;mso-list:l0 level1 lfo1;\r\ntab-stops:list .5in\"><!--[if !supportLists]--><span lang=\"IN\" style=\"font-family: Arial, sans-serif;\">•<span style=\"font-variant-numeric: normal; font-variant-east-asian: normal; font-stretch: normal; font-size: 7pt; line-height: normal; font-family: &quot;Times New Roman&quot;;\">&nbsp;&nbsp; </span></span><!--[endif]--><span style=\"font-family: Arial, sans-serif;\">Dalam\r\noptimalisasi penyerapan Program Investasi tetap memperhatikan GCG dan sesuai\r\ndengan Pedoman&nbsp; Investasi dan minimasasi\r\nhal-hal yang memungkinkan adanya temuan auditor</span><span lang=\"IN\" style=\"font-family: Arial, sans-serif;\"><o:p></o:p></span></p>','Desember 2019','<p class=\"MsoNormal\" style=\"margin-left:5.95pt;text-indent:-9.0pt;mso-list:l0 level1 lfo1\"><!--[if !supportLists]--><span style=\"font-family: Arial, sans-serif;\">-<span style=\"font-variant-numeric: normal; font-variant-east-asian: normal; font-stretch: normal; font-size: 7pt; line-height: normal; font-family: &quot;Times New Roman&quot;;\">&nbsp;&nbsp;\r\n</span></span><!--[endif]--><span style=\"font-family: Arial, sans-serif;\">Kepala Divisi Renstra &amp; Litbang<o:p></o:p></span></p>\r\n\r\n<p class=\"MsoNormal\" style=\"margin-left:5.95pt;text-indent:-9.0pt;mso-list:l0 level1 lfo1\"><!--[if !supportLists]--><span style=\"font-family: Arial, sans-serif;\">-<span style=\"font-variant-numeric: normal; font-variant-east-asian: normal; font-stretch: normal; font-size: 7pt; line-height: normal; font-family: &quot;Times New Roman&quot;;\">&nbsp;&nbsp;\r\n</span></span><!--[endif]--><span lang=\"IN\" style=\"font-family: Arial, sans-serif;\">Kepala Divisi </span><span style=\"font-family: Arial, sans-serif;\">SDA\r\n&amp; SDL<o:p></o:p></span></p>\r\n\r\n<p class=\"MsoNormal\" style=\"margin-left:5.95pt;text-indent:-9.0pt;mso-list:l0 level1 lfo1\"><!--[if !supportLists]--><span style=\"font-family: Arial, sans-serif;\">-<span style=\"font-variant-numeric: normal; font-variant-east-asian: normal; font-stretch: normal; font-size: 7pt; line-height: normal; font-family: &quot;Times New Roman&quot;;\">&nbsp;&nbsp;\r\n</span></span><!--[endif]--><span style=\"font-family: Arial, sans-serif;\">Kepala Divisi Pengelolaan Proyek<o:p></o:p></span></p>\r\n\r\n<p class=\"MsoNormal\" style=\"margin-left:5.95pt;text-indent:-9.0pt;mso-list:l0 level1 lfo1\"><!--[if !supportLists]--><span style=\"font-family: Arial, sans-serif;\">-<span style=\"font-variant-numeric: normal; font-variant-east-asian: normal; font-stretch: normal; font-size: 7pt; line-height: normal; font-family: &quot;Times New Roman&quot;;\">&nbsp;&nbsp;\r\n</span></span><!--[endif]--><span style=\"font-family: Arial, sans-serif;\">ULP<o:p></o:p></span></p>',NULL,NULL,NULL,2,8,1,1,0,0,'2019-12-17 10:48:10','2020-01-08 09:09:08'),(5,'<p class=\"MsoNormal\"><span style=\"font-family: Arial, sans-serif;\">Belum ada realisasi Aktifitas Tanam Padi Musim Tanam\r\nRendeng 2019/2020<o:p></o:p></span></p>','<p class=\"MsoNormal\" style=\"text-align:justify\"><span style=\"font-family: Arial, sans-serif;\">Belum ada penetapan RTTG Tanam Padi 2019/2020<o:p></o:p></span></p>','<p class=\"MsoNormal\"><span lang=\"EN-ID\" style=\"font-family: Arial, sans-serif;\">Koordinasi dengan\r\nDivisi PSDA/L untuk percepatan penetapan RTTG</span><span style=\"font-family: Arial, sans-serif;\"><o:p></o:p></span></p>','Oktober 2019','Divisi PSDA/L',NULL,NULL,NULL,2,8,1,1,0,0,'2019-12-17 10:57:42','2020-01-08 09:09:08'),(6,'<p class=\"MsoNormal\"><span style=\"font-family: Arial, sans-serif;\">Belum terealisasinya pembayaran iuran BJPSDA oleh PDAM\r\nTirta Rangga Subang untuk pengambilan air dari Mata Air Cibulakan dan Cipondok\r\nyang merupakan target potensi pendapatan Wilayah III dalam RKAP 2019<o:p></o:p></span></p>','<p class=\"MsoNormal\" style=\"text-align:justify\"><span style=\"font-family: Arial, sans-serif;\">PDAM Tirta Rangga belum bersedia membayar\r\niuran BJPSDA meskipun hasi pembahasan dengan BBWS Citarum diputuskan oleh BBWS\r\nCitarum bahwa PDAM Tirta Rangga Subang harus memenuhi kewajiban sesuai dengan\r\nketentuan yang berlaku, sebagai konsekuensi berdasarkan dengan SIPSDA yang\r\nsudah diterbitkan<o:p></o:p></span></p>','<p class=\"MsoNormal\"><span style=\"font-family: Arial, sans-serif;\">Melakukan pertemuan dengan Bupati Subang sebagai tindak\r\nlanjut terhadap rapat pembahasan antara BBWS Citarum, PJT II dan PDAM Tirta\r\nRangga Subang<o:p></o:p></span></p>','<p style=\"text-align: left;\"><span style=\"font-family: Arial, sans-serif;\">Oktober\r\n– Desember 2019<o:p></o:p></span></p>','<p class=\"MsoNormal\"><span style=\"font-family: Arial, sans-serif;\">Kadiv PPP dan GM Wilayah III<o:p></o:p></span></p>',NULL,NULL,NULL,2,8,1,1,0,0,'2019-12-17 10:59:04','2020-01-08 09:09:08'),(7,'<p class=\"MsoNormal\" style=\"text-align:justify\"><span lang=\"FI\" style=\"font-family: Arial, sans-serif;\">Review &amp; Revisi Dokumen Sistem Manajemen\r\n(Prosedur, Instruksi Kerja) sesuai dengan Pedoman Tata Naskah Dinas (PTND) dan\r\nStruktur Organisasi dan Tata Kerja (SOTK) baru</span><span style=\"font-family: Arial, sans-serif;\"><o:p></o:p></span></p>','<p class=\"MsoNormal\"><span style=\"font-family: Arial, sans-serif;\">Perubahan PTND, SOTK dan belum terintegrasinya proses\r\nbisnis<o:p></o:p></span></p>','<p class=\"MsoListParagraphCxSpFirst\" style=\"margin-left:12.85pt;mso-add-space:\r\nauto;text-indent:-13.5pt;mso-list:l0 level1 lfo1;tab-stops:list 12.85pt\"><!--[if !supportLists]--><span style=\"font-family: Symbol;\">·<span style=\"font-variant-numeric: normal; font-variant-east-asian: normal; font-stretch: normal; font-size: 7pt; line-height: normal; font-family: &quot;Times New Roman&quot;;\">&nbsp;&nbsp;&nbsp;&nbsp;&nbsp; </span></span><!--[endif]--><span style=\"font-family: Arial, sans-serif;\">Finalisasi\r\npembahasan dengan Unit Kerja terkait Pros. 06, Pros. 10, Pros. 20, Pedoman\r\nInvestasi dan Pedoman Pengadaan Barang/Jasa sesuai SOTK baru (setelah SOTK baru\r\nterbit)<o:p></o:p></span></p>\r\n\r\n<p class=\"MsoListParagraphCxSpMiddle\" style=\"margin-left:12.85pt;mso-add-space:\r\nauto;text-indent:-13.5pt;mso-list:l0 level1 lfo1;tab-stops:list 12.85pt\"><!--[if !supportLists]--><span style=\"font-family: Symbol;\">·<span style=\"font-variant-numeric: normal; font-variant-east-asian: normal; font-stretch: normal; font-size: 7pt; line-height: normal; font-family: &quot;Times New Roman&quot;;\">&nbsp;&nbsp;&nbsp;&nbsp;&nbsp; </span></span><!--[endif]--><span style=\"font-family: Arial, sans-serif;\">Sosialiasi\r\nPros. 06, Pros. 10, Pros. 20, Pedoman Investasi dan Pedoman Pengadaan\r\nBarang/Jasa<o:p></o:p></span></p>\r\n\r\n<p class=\"MsoListParagraphCxSpLast\" style=\"margin-left:12.85pt;mso-add-space:\r\nauto;text-indent:-13.5pt;mso-list:l0 level1 lfo1;tab-stops:list 12.85pt\"><!--[if !supportLists]--><span style=\"font-family: Symbol;\">·<span style=\"font-variant-numeric: normal; font-variant-east-asian: normal; font-stretch: normal; font-size: 7pt; line-height: normal; font-family: &quot;Times New Roman&quot;;\">&nbsp;&nbsp;&nbsp;&nbsp;&nbsp; </span></span><!--[endif]--><span style=\"font-family: Arial, sans-serif;\">&nbsp;Penyusunan Prosedur &amp; IK berdasarkan\r\nurutan prioritas dan sesuai PTND serta hasil mapping secara mnenyeluruh<o:p></o:p></span></p>','<p class=\"MsoNormal\" style=\"margin-left:6.65pt;text-indent:-9.0pt;mso-list:l0 level1 lfo1;\r\ntab-stops:list 6.65pt\"><!--[if !supportLists]--><span style=\"font-family: Symbol;\">·<span style=\"font-variant-numeric: normal; font-variant-east-asian: normal; font-stretch: normal; font-size: 7pt; line-height: normal; font-family: &quot;Times New Roman&quot;;\">&nbsp;&nbsp;\r\n</span></span><!--[endif]--><span style=\"font-family: Arial, sans-serif;\">Pros. 06 dan 10 (Nov 2019), Pros. 20 (<b>Nov 2019</b> *), Pedoman Investasi dan\r\nPedoman Pengadaan Barang/Jasa (<b>Des 2019</b>)<o:p></o:p></span></p>\r\n\r\n<p class=\"MsoNormal\" style=\"margin-left:6.65pt;text-indent:-9.0pt;mso-list:l0 level1 lfo1;\r\ntab-stops:list 6.65pt\"><!--[if !supportLists]--><span style=\"font-family: Symbol;\">·<span style=\"font-variant-numeric: normal; font-variant-east-asian: normal; font-stretch: normal; font-size: 7pt; line-height: normal; font-family: &quot;Times New Roman&quot;;\">&nbsp;&nbsp;\r\n</span></span><!--[endif]--><span style=\"font-family: Arial, sans-serif;\">Sosialisasi Pros. 06 dan 10 (<b>Des 2019</b>), Pros. 20 (<b>Des 2019</b> *), Pedoman Investasi dan\r\nPedoman Pengadaan Barang/Jasa (<b>Jan 2020</b>)<o:p></o:p></span></p>\r\n\r\n<p class=\"MsoNormal\" style=\"margin-left:6.65pt;text-indent:-9.0pt;mso-list:l0 level1 lfo1;\r\ntab-stops:list 6.65pt\"><!--[if !supportLists]--><span style=\"font-family: Symbol;\">·<span style=\"font-variant-numeric: normal; font-variant-east-asian: normal; font-stretch: normal; font-size: 7pt; line-height: normal; font-family: &quot;Times New Roman&quot;;\">&nbsp;&nbsp;\r\n</span></span><!--[endif]--><span style=\"font-size: 10.5pt; line-height: 115%; font-family: Arial, sans-serif;\">Berkelanjutan</span><span style=\"font-family: Arial, sans-serif;\"><o:p></o:p></span></p>','Divisi PKSM',NULL,NULL,NULL,2,9,1,1,0,0,'2019-12-17 11:01:36','2020-01-08 09:09:08'),(8,'<p class=\"MsoNormal\"><span lang=\"FI\" style=\"font-family: Arial, sans-serif;\">Belum ditetapkannya Register Risiko Perusahaan Tahun 2019<o:p></o:p></span></p>','<p class=\"MsoListParagraphCxSpFirst\" style=\"margin-left:11.95pt;mso-add-space:\r\nauto;text-indent:-13.5pt;mso-list:l0 level1 lfo1;tab-stops:list 11.95pt\"><!--[if !supportLists]--><span style=\"font-family: Wingdings;\">§<span style=\"font-variant-numeric: normal; font-variant-east-asian: normal; font-stretch: normal; font-size: 7pt; line-height: normal; font-family: &quot;Times New Roman&quot;;\">&nbsp; </span></span><!--[endif]--><span lang=\"FI\" style=\"font-family: Arial, sans-serif;\">Proses Bisnis Perusahaan Belum Terintegrasi dengan\r\nManajemen Risiko</span><span style=\"font-family: Arial, sans-serif;\"><o:p></o:p></span></p>\r\n\r\n<p class=\"MsoListParagraphCxSpMiddle\" style=\"margin-left:11.95pt;mso-add-space:\r\nauto;text-indent:-13.5pt;mso-list:l0 level1 lfo1;tab-stops:list 11.95pt\"><!--[if !supportLists]--><span style=\"font-family: Wingdings;\">§<span style=\"font-variant-numeric: normal; font-variant-east-asian: normal; font-stretch: normal; font-size: 7pt; line-height: normal; font-family: &quot;Times New Roman&quot;;\">&nbsp; </span></span><!--[endif]--><span lang=\"FI\" style=\"font-family: Arial, sans-serif;\">Komitmen Insan Perusahaan Terhadap Implementasi Manajemen\r\nRisiko Belum Konsisten</span><span style=\"font-family: Arial, sans-serif;\"><o:p></o:p></span></p>\r\n\r\n<p class=\"MsoListParagraphCxSpLast\" style=\"margin-left:11.95pt;mso-add-space:\r\nauto;text-indent:-13.5pt;mso-list:l0 level1 lfo1;tab-stops:list 11.95pt\"><!--[if !supportLists]--><span style=\"font-family: Wingdings;\">§<span style=\"font-variant-numeric: normal; font-variant-east-asian: normal; font-stretch: normal; font-size: 7pt; line-height: normal; font-family: &quot;Times New Roman&quot;;\">&nbsp; </span></span><!--[endif]--><span lang=\"FI\" style=\"font-family: Arial, sans-serif;\">Tingkat Pemahaman Insan Perusahaan Terhadap Manajemen\r\nRisiko Belum Merata</span><span style=\"font-family: Arial, sans-serif;\"><o:p></o:p></span></p>','<p class=\"MsoListParagraphCxSpFirst\" style=\"margin-left:12.85pt;mso-add-space:\r\nauto;text-indent:-13.5pt;mso-list:l0 level1 lfo1;tab-stops:list 12.85pt\"><!--[if !supportLists]--><span style=\"font-family: Wingdings;\">§<span style=\"font-variant-numeric: normal; font-variant-east-asian: normal; font-stretch: normal; font-size: 7pt; line-height: normal; font-family: &quot;Times New Roman&quot;;\">&nbsp; </span></span><!--[endif]--><span style=\"font-family: Arial, sans-serif;\">Penyusunan\r\nRegister Risiko Perusahaan Tahun 2019<o:p></o:p></span></p>\r\n\r\n<p class=\"MsoListParagraphCxSpMiddle\" style=\"margin-left:12.85pt;mso-add-space:\r\nauto;text-indent:-13.5pt;mso-list:l0 level1 lfo1;tab-stops:list 12.85pt\"><!--[if !supportLists]--><span style=\"font-family: Wingdings;\">§<span style=\"font-variant-numeric: normal; font-variant-east-asian: normal; font-stretch: normal; font-size: 7pt; line-height: normal; font-family: &quot;Times New Roman&quot;;\">&nbsp; </span></span><!--[endif]--><span style=\"font-family: Arial, sans-serif;\">Revisi\r\nPedoman Manajemen Risiko<o:p></o:p></span></p>\r\n\r\n<p class=\"MsoListParagraphCxSpMiddle\" style=\"margin-left:12.85pt;mso-add-space:\r\nauto;text-indent:-13.5pt;mso-list:l0 level1 lfo1;tab-stops:list 12.85pt\"><!--[if !supportLists]--><span style=\"font-family: Wingdings;\">§<span style=\"font-variant-numeric: normal; font-variant-east-asian: normal; font-stretch: normal; font-size: 7pt; line-height: normal; font-family: &quot;Times New Roman&quot;;\">&nbsp; </span></span><!--[endif]--><span style=\"font-family: Arial, sans-serif;\">Penyusunan\r\nprosedur pengelolaan dan pengendalian risiko<o:p></o:p></span></p>\r\n\r\n<p class=\"MsoListParagraphCxSpMiddle\" style=\"margin-left:12.85pt;mso-add-space:\r\nauto;text-indent:-13.5pt;mso-list:l0 level1 lfo1;tab-stops:list 12.85pt\"><!--[if !supportLists]--><span style=\"font-family: Wingdings;\">§<span style=\"font-variant-numeric: normal; font-variant-east-asian: normal; font-stretch: normal; font-size: 7pt; line-height: normal; font-family: &quot;Times New Roman&quot;;\">&nbsp; </span></span><!--[endif]--><span style=\"font-family: Arial, sans-serif;\">Workshop\r\ndan sosialisasi aplikasi manajemen risiko (SIMRisk)<o:p></o:p></span></p>\r\n\r\n<p class=\"MsoListParagraphCxSpMiddle\" style=\"margin-left:12.85pt;mso-add-space:\r\nauto;text-indent:-13.5pt;mso-list:l0 level1 lfo1;tab-stops:list 12.85pt\"><!--[if !supportLists]--><span style=\"font-family: Wingdings;\">§<span style=\"font-variant-numeric: normal; font-variant-east-asian: normal; font-stretch: normal; font-size: 7pt; line-height: normal; font-family: &quot;Times New Roman&quot;;\">&nbsp; </span></span><!--[endif]--><span style=\"font-family: Arial, sans-serif;\">Monitoring\r\ndan evaluasi register risiko Unit Kerja<o:p></o:p></span></p>\r\n\r\n<p class=\"MsoListParagraphCxSpMiddle\" style=\"margin-left:12.85pt;mso-add-space:\r\nauto;text-indent:-13.5pt;mso-list:l0 level1 lfo1;tab-stops:list 12.85pt\"><!--[if !supportLists]--><span style=\"font-family: Wingdings;\">§<span style=\"font-variant-numeric: normal; font-variant-east-asian: normal; font-stretch: normal; font-size: 7pt; line-height: normal; font-family: &quot;Times New Roman&quot;;\">&nbsp; </span></span><!--[endif]--><span style=\"font-family: Arial, sans-serif;\">Pelatihan,\r\nworkshop &amp; seminar manajemen risiko<o:p></o:p></span></p>\r\n\r\n<p class=\"MsoListParagraphCxSpLast\" style=\"margin-left:12.85pt;mso-add-space:\r\nauto;text-indent:-13.5pt;mso-list:l0 level1 lfo1;tab-stops:list 12.85pt\"><!--[if !supportLists]--><span style=\"font-family: Wingdings;\">§<span style=\"font-variant-numeric: normal; font-variant-east-asian: normal; font-stretch: normal; font-size: 7pt; line-height: normal; font-family: &quot;Times New Roman&quot;;\">&nbsp; </span></span><!--[endif]--><span style=\"font-family: Arial, sans-serif;\">Mengikuti\r\nForum Manajemen Risiko BUMN<o:p></o:p></span></p>','RKT III 2019','Kepala Divisi PKSM',NULL,NULL,NULL,2,9,1,1,0,0,'2019-12-17 11:04:18','2020-01-08 09:09:08'),(9,'<p class=\"MsoNormal\"><span style=\"font-family: Arial, sans-serif;\">Belum terealisasinya\r\npengembangan SPAM Non Regional (Balongan 400 lpd), Curug (100 lpd) dan\r\nPamanukan (200 lpd)</span><u><span style=\"font-family: Arial, sans-serif;\"><o:p></o:p></span></u></p>','<p class=\"MsoListParagraphCxSpFirst\" style=\"margin-left:11.95pt;mso-add-space:\r\nauto;text-indent:-11.95pt;mso-list:l0 level1 lfo1;tab-stops:list 11.95pt\"><!--[if !supportLists]--><span style=\"font-family: Wingdings;\">§<span style=\"font-variant-numeric: normal; font-variant-east-asian: normal; font-stretch: normal; font-size: 7pt; line-height: normal; font-family: &quot;Times New Roman&quot;;\"> </span></span><!--[endif]--><span style=\"font-family: Arial, sans-serif;\">Validasi\r\nhasil <i>joint study </i>oleh pihak PT Pertamina (Persero)<o:p></o:p></span></p>\r\n\r\n<p class=\"MsoListParagraphCxSpLast\" style=\"margin-left:11.95pt;mso-add-space:\r\nauto;text-indent:-11.95pt;mso-list:l0 level1 lfo1;tab-stops:list 11.95pt\"><!--[if !supportLists]--><span style=\"font-family: Wingdings;\">§<span style=\"font-variant-numeric: normal; font-variant-east-asian: normal; font-stretch: normal; font-size: 7pt; line-height: normal; font-family: &quot;Times New Roman&quot;;\"> </span></span><!--[endif]--><span style=\"font-family: Arial, sans-serif;\">Belum\r\nfinalnya PKS<o:p></o:p></span></p>','<p class=\"MsoNormal\"><span style=\"font-family: Arial, sans-serif;\">Finalisasi hasil <i>joint\r\nstudy</i> dan PKS<o:p></o:p></span></p>','<p class=\"MsoNormal\" style=\"margin-left:6.65pt;text-indent:-9.0pt;mso-list:l0 level1 lfo1;\r\ntab-stops:list 6.65pt\"><!--[if !supportLists]--><span style=\"font-family: Wingdings;\">§<span style=\"font-variant-numeric: normal; font-variant-east-asian: normal; font-stretch: normal; font-size: 7pt; line-height: normal; font-family: &quot;Times New Roman&quot;;\">\r\n</span></span><!--[endif]--><span style=\"font-family: Arial, sans-serif;\">Tahun 2020 (Balongan)<o:p></o:p></span></p>\r\n\r\n<p class=\"MsoNormal\" style=\"margin-left:6.65pt;text-indent:-9.0pt;mso-list:l0 level1 lfo1;\r\ntab-stops:list 6.65pt\"><!--[if !supportLists]--><span style=\"font-family: Wingdings;\">§<span style=\"font-variant-numeric: normal; font-variant-east-asian: normal; font-stretch: normal; font-size: 7pt; line-height: normal; font-family: &quot;Times New Roman&quot;;\">\r\n</span></span><!--[endif]--><span style=\"font-family: Arial, sans-serif;\">Tahun 2019-2020 (Curug &amp; Pamanukan)<o:p></o:p></span></p>','<p class=\"MsoNormal\" style=\"margin-left:8.55pt;text-indent:-9.2pt;mso-list:l0 level1 lfo1\"><!--[if !supportLists]--><span style=\"font-family: Arial, sans-serif;\">-<span style=\"font-variant-numeric: normal; font-variant-east-asian: normal; font-stretch: normal; font-size: 7pt; line-height: normal; font-family: &quot;Times New Roman&quot;;\">&nbsp;&nbsp;\r\n</span></span><!--[endif]--><span style=\"font-family: Arial, sans-serif;\">Kepala Divisi Renstra &amp; Litbang<o:p></o:p></span></p>\r\n\r\n<p class=\"MsoNormal\" style=\"margin-left:8.55pt;text-indent:-9.2pt;mso-list:l0 level1 lfo1\"><!--[if !supportLists]--><span style=\"font-family: Arial, sans-serif;\">-<span style=\"font-variant-numeric: normal; font-variant-east-asian: normal; font-stretch: normal; font-size: 7pt; line-height: normal; font-family: &quot;Times New Roman&quot;;\">&nbsp;&nbsp;\r\n</span></span><!--[endif]--><span style=\"font-family: Arial, sans-serif;\">SE. Tk I Bidang Litbang<o:p></o:p></span></p>\r\n\r\n<p class=\"MsoNormal\" style=\"margin-left:8.55pt;text-indent:-9.2pt;mso-list:l0 level1 lfo1\"><!--[if !supportLists]--><span style=\"font-family: Arial, sans-serif;\">-<span style=\"font-variant-numeric: normal; font-variant-east-asian: normal; font-stretch: normal; font-size: 7pt; line-height: normal; font-family: &quot;Times New Roman&quot;;\">&nbsp;&nbsp;\r\n</span></span><!--[endif]--><span style=\"font-family: Arial, sans-serif;\">SE. Tk I Bidang Renstra Investasi<o:p></o:p></span></p>',NULL,NULL,NULL,2,9,1,1,0,0,'2019-12-17 11:06:07','2020-01-08 09:09:08'),(10,'<p class=\"MsoNormal\" style=\"text-align:justify\"><span style=\"font-family: Arial, sans-serif;\">Paket Pekerjaan\r\nInvestasi :<o:p></o:p></span></p>\r\n\r\n<p class=\"MsoNormal\" style=\"margin-left:12.6pt;text-align:justify;text-indent:\r\n-12.6pt;mso-list:l0 level1 lfo1\"><!--[if !supportLists]--><span style=\"font-family: Arial, sans-serif;\">-<span style=\"font-variant-numeric: normal; font-variant-east-asian: normal; font-stretch: normal; font-size: 7pt; line-height: normal; font-family: &quot;Times New Roman&quot;;\">&nbsp;&nbsp;&nbsp; </span></span><!--[endif]--><span style=\"font-family: Arial, sans-serif;\">4 Paket Pekerjaan Investasi selesai proses PBJ<o:p></o:p></span></p>\r\n\r\n<p class=\"MsoNormal\" style=\"margin-left:12.6pt;text-align:justify;text-indent:\r\n-12.6pt;mso-list:l0 level1 lfo1\"><!--[if !supportLists]--><span style=\"font-family: Arial, sans-serif;\">-<span style=\"font-variant-numeric: normal; font-variant-east-asian: normal; font-stretch: normal; font-size: 7pt; line-height: normal; font-family: &quot;Times New Roman&quot;;\">&nbsp;&nbsp;&nbsp; </span></span><!--[endif]--><span style=\"font-family: Arial, sans-serif;\">7 Paket Pekerjaan Investasi Masih dalam tahap proses\r\nPBJ<o:p></o:p></span></p>\r\n\r\n<p class=\"MsoNormal\" style=\"margin-left:12.6pt;text-align:justify;text-indent:\r\n-12.6pt;mso-list:l0 level1 lfo1\"><!--[if !supportLists]--><span style=\"font-family: Arial, sans-serif;\">-<span style=\"font-variant-numeric: normal; font-variant-east-asian: normal; font-stretch: normal; font-size: 7pt; line-height: normal; font-family: &quot;Times New Roman&quot;;\">&nbsp;&nbsp;&nbsp; </span></span><!--[endif]--><span style=\"font-family: Arial, sans-serif;\">26 Paket belum proses pengadaan<o:p></o:p></span></p>','<p class=\"MsoListParagraphCxSpFirst\" style=\"margin-left:7.45pt;mso-add-space:\r\nauto;text-indent:-9.0pt;mso-list:l0 level1 lfo1;tab-stops:list 7.45pt\"><!--[if !supportLists]--><span style=\"font-family: &quot;Times New Roman&quot;, serif;\">-<span style=\"font-variant-numeric: normal; font-variant-east-asian: normal; font-stretch: normal; font-size: 7pt; line-height: normal; font-family: &quot;Times New Roman&quot;;\">&nbsp;&nbsp;&nbsp; </span></span><!--[endif]--><span style=\"font-family: Arial, sans-serif;\">Jadwal proses pelaksanaan PBJ yang dilakukan melalui\r\ne-procurement sudah terjadwal secara sistematis tetapi ada beberapa kendala\r\nterkait batasan waktu dalam proses koordinasi&nbsp;\r\ndengan unit kerja lain.</span><span style=\"font-family: Arial, sans-serif;\"><o:p></o:p></span></p>\r\n\r\n<p class=\"MsoListParagraphCxSpLast\" style=\"margin-left:7.45pt;mso-add-space:auto;\r\ntext-indent:-9.0pt;mso-list:l0 level1 lfo1;tab-stops:list 7.45pt\"><!--[if !supportLists]--><span style=\"font-family: &quot;Times New Roman&quot;, serif;\">-<span style=\"font-variant-numeric: normal; font-variant-east-asian: normal; font-stretch: normal; font-size: 7pt; line-height: normal; font-family: &quot;Times New Roman&quot;;\">&nbsp;&nbsp;&nbsp; </span></span><!--[endif]--><span style=\"font-family: Arial, sans-serif;\">Belum adanya instruksi dari unit kerja terkait\r\ninvestasi</span><span style=\"font-family: Arial, sans-serif;\"><o:p></o:p></span></p>','<p class=\"MsoListParagraphCxSpFirst\" style=\"margin-left:8.35pt;mso-add-space:\r\nauto;text-align:justify;text-indent:-9.0pt;mso-list:l0 level1 lfo1\"><!--[if !supportLists]--><span style=\"font-family: Arial, sans-serif;\">-<span style=\"font-variant-numeric: normal; font-variant-east-asian: normal; font-stretch: normal; font-size: 7pt; line-height: normal; font-family: &quot;Times New Roman&quot;;\">&nbsp;&nbsp;\r\n</span></span><!--[endif]--><span style=\"font-family: Arial, sans-serif;\">Koordinasi dengan\r\nunit Kerja terkait untuk batasan waktu dalam hal proses verifikasi pada saat\r\nproses penetapan penyedia barang/jasa</span><span style=\"font-family: Arial, sans-serif;\"><o:p></o:p></span></p>\r\n\r\n<p class=\"MsoListParagraphCxSpLast\" style=\"margin-left:8.35pt;mso-add-space:auto;\r\ntext-align:justify;text-indent:-9.0pt;mso-list:l0 level1 lfo1\"><!--[if !supportLists]--><span style=\"font-family: Arial, sans-serif;\">-<span style=\"font-variant-numeric: normal; font-variant-east-asian: normal; font-stretch: normal; font-size: 7pt; line-height: normal; font-family: &quot;Times New Roman&quot;;\">&nbsp;&nbsp;\r\n</span></span><!--[endif]--><span style=\"font-family: Arial, sans-serif;\">Koordinasi dengan\r\nunit kerja terkait</span><span style=\"font-family: Arial, sans-serif;\"><o:p></o:p></span></p>','Desember 2019','<p class=\"MsoNormal\"><span lang=\"FI\" style=\"font-family: Arial, sans-serif;\">ULP, DPP, SDA&amp;L, Unit Kerja Terkait</span><span style=\"font-family: Arial, sans-serif;\"><o:p></o:p></span></p>',NULL,NULL,NULL,2,9,1,1,0,0,'2019-12-17 11:08:09','2020-01-08 09:09:08'),(11,'<p class=\"MsoNormal\" style=\"text-align:justify\"><span style=\"font-family: Arial, sans-serif;\">Paket Pekerjaan\r\nBeban :<o:p></o:p></span></p>\r\n\r\n<p class=\"MsoNormal\" style=\"text-align:justify\"><span style=\"font-family: Arial, sans-serif;\">Instruksi Pekerjaan\r\nProses PBJ Beban sebanyak 13 pekerjaan terdiri dari :<o:p></o:p></span></p>\r\n\r\n<p class=\"MsoNormal\" style=\"margin-left:8.1pt;text-align:justify;text-indent:\r\n-9.0pt;mso-list:l0 level1 lfo1\"><!--[if !supportLists]--><span style=\"font-family: Arial, sans-serif;\">-<span style=\"font-variant-numeric: normal; font-variant-east-asian: normal; font-stretch: normal; font-size: 7pt; line-height: normal; font-family: &quot;Times New Roman&quot;;\">&nbsp;&nbsp; </span></span><!--[endif]--><span style=\"font-family: Arial, sans-serif;\">9 Pekerjaan sudah selesai proses PBJ<o:p></o:p></span></p>\r\n\r\n<p class=\"MsoNormal\" style=\"margin-left:8.1pt;text-align:justify;text-indent:\r\n-9.0pt;mso-list:l0 level1 lfo1\"><!--[if !supportLists]--><span style=\"font-family: Arial, sans-serif;\">-<span style=\"font-variant-numeric: normal; font-variant-east-asian: normal; font-stretch: normal; font-size: 7pt; line-height: normal; font-family: &quot;Times New Roman&quot;;\">&nbsp;&nbsp; </span></span><!--[endif]--><span style=\"font-family: Arial, sans-serif;\">4 Pekerjaan masih dalam tahap proses PBJ<o:p></o:p></span></p>','<p class=\"MsoNormal\"><span style=\"font-family: Arial, sans-serif;\">Jadwal proses pelaksanaan PBJ\r\nyang dilakukan melalui e-procurement sudah terjadwal secara sistematis tetapi\r\nada beberapa kendala terkait batasan waktu dalam proses dengan unit kerja\r\nterkait<o:p></o:p></span></p>','<p class=\"MsoNormal\"><span style=\"font-family: Arial, sans-serif;\">Koordinasi dengan unit kerja terkait untuk batasan waktu\r\ndalam hal proses verifikasi pada saat proses penetapan penyedia barang/jasa</span><span lang=\"IN\" style=\"font-family: Arial, sans-serif;\"><o:p></o:p></span></p>','Oktober 2019','<p class=\"MsoNormal\"><span lang=\"FI\" style=\"font-family: Arial, sans-serif;\">ULP, DPP, SDA&amp;L, Unit Kerja Terkait</span><span lang=\"IN\" style=\"font-family: Arial, sans-serif;\"><o:p></o:p></span></p>',NULL,NULL,NULL,2,9,1,1,0,0,'2019-12-17 11:09:14','2020-01-08 09:09:08'),(12,'<p class=\"MsoNormal\"><span style=\"font-family: Arial, sans-serif;\">PSN Tol Becakayu Tahap 2</span><u><span style=\"font-family: Arial, sans-serif;\"><o:p></o:p></span></u></p>','<p class=\"MsoNormal\"><span style=\"font-family: Arial, sans-serif;\">Dalam rangka mendukung proyek strategis nasional yang\r\nmenjadi program Pemerintah. Beberapa objek PSN berbatasan dengan lahan\r\nmilik/serah operasi Perum Jasa Tirta II agar pelaksanaan Proyek PSN tersebut\r\nsesuai dengan data dan hasil pengukuran bersama antara PJT II, BPN dan\r\npelaksana PSN.<o:p></o:p></span></p>','<p class=\"MsoNormal\"><span style=\"font-family: Arial, sans-serif;\">Pengukuran batas lahan dalam rangka PSN yang berlokasi di\r\nB.Tb 45, 46, dan 47</span><span lang=\"IN\" style=\"font-family: Arial, sans-serif;\"><o:p></o:p></span></p>','Juni 2020','Kepala Divisi IPA',NULL,NULL,NULL,2,9,1,1,0,0,'2019-12-17 11:10:09','2020-01-08 09:09:08'),(13,'<p class=\"MsoNormal\"><span style=\"font-family: Arial, sans-serif;\">Pelebaran SP CBL PT. Pelindo II</span><u><span style=\"font-family: Arial, sans-serif;\"><o:p></o:p></span></u></p>','<p class=\"MsoNormal\"><span style=\"font-family: Arial, sans-serif;\">Dalam rangka mendukung proyek strategis nasional yang\r\nmenjadi program Pemerintah. Beberapa objek PSN berbatasan dengan lahan\r\nmilik/serah operasi Perum Jasa Tirta II agar pelaksanaan Proyek PSN tersebut\r\nsesuai dengan data dan hasil pengukuran bersama antara PJT II, BPN dan\r\npelaksana PSN.<o:p></o:p></span></p>','<p class=\"MsoNormal\"><span style=\"font-family: Arial, sans-serif;\">Pengukuran dan penentuan batas SP Kali CBL yang terkena\r\nTrase Pelindo II untuk pelabuhan</span><span lang=\"IN\" style=\"font-family: Arial, sans-serif;\"><o:p></o:p></span></p>','Juni 2020','Kepala Divisi IPA',NULL,NULL,NULL,2,9,1,1,0,0,'2019-12-17 11:11:04','2020-01-08 09:09:08'),(14,'<p class=\"MsoNormal\" style=\"text-align:justify\"><span lang=\"IN\" style=\"font-family: Arial, sans-serif;\">Program\r\npengembangan SDM melalui kegiatan pendidikan dan pelatihan belum berdasarkan\r\nkriteria level </span><span style=\"font-family: Arial, sans-serif;\">kompetensi</span><span lang=\"IN\" style=\"font-family: Arial, sans-serif;\"> Karyawan</span><u><span style=\"font-family: Arial, sans-serif;\"><o:p></o:p></span></u></p>','<p class=\"MsoNormal\" style=\"text-align:justify\"><span lang=\"IN\" style=\"font-family: Arial, sans-serif;\">Kamus\r\nKompetensi/Direktori Diklat sebagai rujukan standar level kompetensi Karyawan\r\nsampai dengan saat ini belum ada</span><span style=\"font-family: Arial, sans-serif;\"><o:p></o:p></span></p>','<p class=\"MsoNormal\"><span lang=\"IN\" style=\"font-family: Arial, sans-serif;\">Akan disusun Kamus\r\nKompetensi/ Direktori Diklat Perum Jasa Tirta II, sehingga pelaksanaan\r\npendidikan dan pelatihan sesuai dengan kebutuhan penjenjangan level kompetensi\r\nKaryawan<o:p></o:p></span></p>','Minggu III Oktober 2019','Kepala Divisi SDM',NULL,NULL,NULL,2,9,1,1,0,0,'2019-12-17 11:13:37','2020-01-08 09:09:08'),(15,'<p class=\"MsoNormal\"><span style=\"font-family: Arial, sans-serif;\">PPh Badan Lebih Bayar tahun buku 2018<u><o:p></o:p></u></span></p>','<p class=\"MsoNormal\"><span style=\"font-family: Arial, sans-serif;\">Realisasi laba tidak sesuai target RKAP yang belum\r\nditetapkan, (a.l. tidak terealisasi Pendapatan BJPSDA ke PLTA Saguling dan\r\nCirata Rp 44,07 M)<o:p></o:p></span></p>','<p class=\"MsoNormal\"><span style=\"font-family: Arial, sans-serif;\">Proses pemeriksaan pajak</span><span lang=\"IN\" style=\"font-family: Arial, sans-serif;\"><o:p></o:p></span></p>','April 2020','Kepala Divisi Keuangan &amp; Akuntansi',NULL,NULL,NULL,2,9,1,1,0,0,'2019-12-17 11:14:30','2020-01-08 09:09:08'),(16,'<p class=\"MsoNormal\" style=\"text-align:justify\"><span lang=\"IN\" style=\"font-family: Arial, sans-serif;\">Biaya\r\nJasa Pengelola Sumber Daya Air PLTA Ir. H. Djuanda kepada PT PLN (Persero)\r\nperiode semester I 2019 sedang dalam proses verifikasi data oleh UIP2B JBT&nbsp;</span><span lang=\"IN\" style=\"font-family: Arial, sans-serif;\">PT.\r\nPLN (Persero)</span><span style=\"font-family: Arial, sans-serif;\"><o:p></o:p></span></p>','<p class=\"MsoNormal\"><span lang=\"IN\" style=\"font-family: Arial, sans-serif;\">Adanya pengalihan proses verifikasi data yang semula di PLN Pusat ke UIP2B\r\nJBT</span><span style=\"font-family: Arial, sans-serif;\"><o:p></o:p></span></p>','<p class=\"MsoNormal\" style=\"text-align:justify\"><span lang=\"IN\" style=\"font-family: Arial, sans-serif;\">M</span><span style=\"font-family: Arial, sans-serif;\">elaksanakan\r\nMonitoring atas </span><span lang=\"IN\" style=\"font-family: Arial, sans-serif;\">hasil verifikasi data dari UIP2B JBT PLN</span><span style=\"font-family: Arial, sans-serif;\"><o:p></o:p></span></p>\r\n\r\n<p class=\"MsoNormal\" style=\"text-align:justify\"><span lang=\"IN\" style=\"font-family: Arial, sans-serif;\">Pembahasan hasil verifikasi data antara PJT II\r\ndengan UIP2B JBT dan PLN Pusat</span><span style=\"font-family: Arial, sans-serif;\"><o:p></o:p></span></p>\r\n\r\n<p class=\"MsoNormal\"><span lang=\"IN\" style=\"font-family: Arial, sans-serif;\">Data hasil verifikasi akan di input ke dalam aplikasi PLN oleh UIP2B JBT</span><span lang=\"IN\" style=\"font-family: Arial, sans-serif;\"><o:p></o:p></span></p>','31 Oktober 2019','<p class=\"MsoNormal\"><span style=\"font-family: Arial, sans-serif;\">Kepala Divisi </span><span lang=\"IN\" style=\"font-family: Arial, sans-serif;\">PPP, Divisi PSDA/L, UUW IV dan PLTA</span><span lang=\"IN\" style=\"font-family: Arial, sans-serif;\"><o:p></o:p></span></p>',NULL,NULL,NULL,2,9,1,1,0,0,'2019-12-18 14:51:50','2020-01-08 09:09:08'),(17,'<p class=\"MsoNormal\" style=\"text-align:justify\"><span lang=\"IN\" style=\"font-family: Arial, sans-serif;\">Penagihan\r\nBiaya Jasa Pengelola Sumber Daya Air PLTA Saguling dan PLTA Cirata kepada PT.\r\nIP dan PT. PJB periode tanggal 2013 s.d. 2019 masih belum terealisasi</span><u><span style=\"font-family: Arial, sans-serif;\"><o:p></o:p></span></u></p>','<p class=\"MsoNormal\"><span lang=\"IN\" style=\"font-family: Arial, sans-serif;\">PT. IP mengajukan permohonan Advis Hukum dari Jamdatun – Kejaksaan Agung RI\r\nterkait pembayaran BJPSDA kepada PJT II sesuai Kepmen PU No. 56/KPTS/M/2013\r\ntanggal 14 Februari 2013 dan Kepmen PUPR No. 953/KPTS/M/2017 tanggal 22\r\nNopember 2017</span><span style=\"font-family: Arial, sans-serif;\"><o:p></o:p></span></p>','<p class=\"MsoNormal\" style=\"margin-left:4.75pt;text-align:justify;text-indent:\r\n-9.0pt;mso-list:l0 level1 lfo1\"><!--[if !supportLists]--><span style=\"font-family: Arial, sans-serif;\">•<span style=\"font-variant-numeric: normal; font-variant-east-asian: normal; font-stretch: normal; font-size: 7pt; line-height: normal; font-family: &quot;Times New Roman&quot;;\">&nbsp;&nbsp;\r\n</span></span><!--[endif]--><span lang=\"IN\" style=\"font-family: Arial, sans-serif;\">Me</span><span style=\"font-family: Arial, sans-serif;\">laksanakan monitoring atas hasil LO\r\nJamdatun – Kejaksaan Agung<o:p></o:p></span></p>\r\n\r\n<p class=\"MsoNormal\" style=\"margin-left:4.75pt;text-align:justify;text-indent:\r\n-9.0pt;mso-list:l0 level1 lfo1\"><!--[if !supportLists]--><span style=\"font-family: Arial, sans-serif;\">•<span style=\"font-variant-numeric: normal; font-variant-east-asian: normal; font-stretch: normal; font-size: 7pt; line-height: normal; font-family: &quot;Times New Roman&quot;;\">&nbsp;&nbsp;\r\n</span></span><!--[endif]--><span lang=\"IN\" style=\"font-family: Arial, sans-serif;\">Mempersiapkan draft kontrak BJPSDA untuk PT. IP dan PT. PJB</span><span style=\"font-family: Arial, sans-serif;\"><o:p></o:p></span></p>','31 Desember 2019','<p class=\"MsoNormal\" style=\"margin-left:.6pt;text-align:justify\"><span lang=\"IN\" style=\"font-family: Arial, sans-serif;\">Sekretaris Perusahaan, Divisi PPP,\r\nDivisi Renstra &amp; Litbang,&nbsp; Divisi\r\nPSDA/L dan UUW IV</span><span style=\"font-family: Arial, sans-serif;\"><o:p></o:p></span></p>',NULL,NULL,NULL,2,9,1,1,0,0,'2019-12-18 14:53:24','2020-01-08 09:09:08'),(18,'<p class=\"MsoNormal\" style=\"text-align:justify\"><span lang=\"IN\" style=\"font-family: Arial, sans-serif;\">Re</span><span style=\"font-family: Arial, sans-serif;\">alisasi\r\n</span><span lang=\"IN\" style=\"font-family: Arial, sans-serif;\">Operasi Bendungan Kaskade Citarum</span><span style=\"font-family: Arial, sans-serif;\">\r\nDibawah Rencana<o:p></o:p></span></p>','<p class=\"MsoNormal\" style=\"text-align:justify\"><span lang=\"IN\" style=\"font-family: Arial, sans-serif;\">Hal ini ditunjukan dengan berkurangnya curah hujan\r\ndari bulan Oktober 2018 sampai dengan saat ini dan diprediksi hal ini akan\r\nberlangsung sampai dengan bulan </span><span style=\"font-family: Arial, sans-serif;\">November </span><span lang=\"IN\" style=\"font-family: Arial, sans-serif;\">2019</span><span style=\"font-family: Arial, sans-serif;\"> sesuai dengan analisis dari BMKG<o:p></o:p></span></p>','<p class=\"MsoNormal\" style=\"margin-left:5.85pt;text-align:justify;text-indent:\r\n-9.0pt;mso-list:l0 level1 lfo1;tab-stops:list 5.85pt\"><!--[if !supportLists]--><span style=\"font-family: Arial, sans-serif;\">•<span style=\"font-variant-numeric: normal; font-variant-east-asian: normal; font-stretch: normal; font-size: 7pt; line-height: normal; font-family: &quot;Times New Roman&quot;;\">&nbsp;&nbsp;\r\n</span></span><!--[endif]--><span style=\"font-family: Arial, sans-serif;\">Surat Undangan BPPT Nomor\r\nB-329.1/BBTMC-TPSA/HM 02.01/10/2019 tanggal 4 Oktober 2019 perihal Undangan\r\nRapat Koordinasi TMC Citarum yang akan dilaksanakan pada hari Jumat tanggal 11 Oktober\r\n2019 dengan pembahasan progres kesiapan TMC dan penyerahan Surat Perintah Kerja\r\n(SPK) Pekerjaan Jasa Operasi TMC dari Pengelola 3 Waduk.<o:p></o:p></span></p>\r\n\r\n<p class=\"MsoNormal\" style=\"margin-left:5.85pt;text-align:justify;text-indent:\r\n-9.0pt;mso-list:l0 level1 lfo1;tab-stops:list 5.85pt\"><!--[if !supportLists]--><span style=\"font-family: Arial, sans-serif;\">•<span style=\"font-variant-numeric: normal; font-variant-east-asian: normal; font-stretch: normal; font-size: 7pt; line-height: normal; font-family: &quot;Times New Roman&quot;;\">&nbsp;&nbsp;\r\n</span></span><!--[endif]--><span style=\"font-family: Arial, sans-serif;\">TMC </span><span lang=\"IN\" style=\"font-family: Arial, sans-serif;\">dilakukan\r\ntanggal 18</span><span lang=\"IN\" style=\"font-family: Arial, sans-serif;\"> </span><span lang=\"IN\" style=\"font-family: Arial, sans-serif;\">&nbsp;Oktober 2019</span><span lang=\"IN\" style=\"font-family: Arial, sans-serif;\"> </span><span lang=\"IN\" style=\"font-family: Arial, sans-serif;\">-</span><span lang=\"IN\" style=\"font-family: Arial, sans-serif;\"> </span><span lang=\"IN\" style=\"font-family: Arial, sans-serif;\">6\r\nNovember 2019 (selama 20 hari tentatif). Jadwal kegiatan persiapan dimulai\r\ntanggal 11 Oktober 2019</span><span lang=\"IN\" style=\"font-family: Arial, sans-serif;\"> </span><span lang=\"IN\" style=\"font-family: Arial, sans-serif;\">-</span><span lang=\"IN\" style=\"font-family: Arial, sans-serif;\">\r\n</span><span lang=\"IN\" style=\"font-family: Arial, sans-serif;\">17 Oktober 2019</span><span style=\"font-family: Arial, sans-serif;\">.<o:p></o:p></span></p>','<p style=\"text-align: left;\"><span style=\"font-family: Arial, sans-serif;\">18\r\nOktober 2019 s/d Akhir November 2019<o:p></o:p></span></p>','Divisi PSDA&amp;SDL',NULL,NULL,NULL,2,9,1,1,0,0,'2019-12-18 14:54:33','2020-01-08 09:09:08'),(19,'<p class=\"MsoNormal\" style=\"text-align:justify\"><span style=\"font-family: Arial, sans-serif;\">Evaluasi Usulan RKAP 2020 Bidang Investasi\r\ndan P&amp;P UUW I, II, III dan IV, Unit PLTA dan Unit Pariwisata &amp; AMDK<u><o:p></o:p></u></span></p>','<p class=\"MsoNormal\" style=\"text-align:justify\"><span style=\"font-family: Arial, sans-serif;\">Belum diterimanya\r\nkelengkapan project digest, LKTS, spektek, gambar dan RAB.<o:p></o:p></span></p>','<p class=\"MsoNormal\" style=\"text-align:justify\"><span style=\"font-family: Arial, sans-serif;\">Melakukan koordinasi dengan Unit Wilayah\r\nuntuk melengkapi project digest, LKTS, spektek, gambar dan RAB.</span><span lang=\"IN\" style=\"font-family: Arial, sans-serif;\"><o:p></o:p></span></p>','<p style=\"text-align: left;\"><span style=\"font-family: Arial, sans-serif;\">Minggu\r\nII Oktober 2019<o:p></o:p></span></p>','Divisi PSDA&amp;SDL',NULL,NULL,NULL,2,9,1,1,0,0,'2019-12-18 14:56:44','2020-01-08 09:09:08'),(20,'<p class=\"MsoNormal\" style=\"text-align:justify\"><span style=\"font-family: Arial, sans-serif;\">Kajian Perhitungan NKA<o:p></o:p></span></p>','<p class=\"MsoNormal\" style=\"text-align:justify\"><span style=\"font-family: Arial, sans-serif;\">Belum ada dokumen\r\ninduk untuk kajian neraca air daerah irigasi Jatiluhur<o:p></o:p></span></p>','<p class=\"MsoNormal\" style=\"text-align:justify\"><span style=\"font-family: Arial, sans-serif;\">Membuat dokumen induk kajian neraca air\r\ndaerah irigasi Jatiluhur progress sebagai berikut :<o:p></o:p></span></p>\r\n\r\n<p class=\"MsoNormal\" style=\"margin-left:10.35pt;text-align:justify;text-indent:\r\n-10.35pt;mso-list:l0 level1 lfo1;tab-stops:list 10.35pt\"><!--[if !supportLists]--><span style=\"font-family: Arial, sans-serif;\">•<span style=\"font-variant-numeric: normal; font-variant-east-asian: normal; font-stretch: normal; font-size: 7pt; line-height: normal; font-family: &quot;Times New Roman&quot;;\">&nbsp;&nbsp;\r\n</span></span><!--[endif]--><span style=\"font-family: Arial, sans-serif;\">Laporan Pendahuluan telah disampaikan.<o:p></o:p></span></p>\r\n\r\n<p class=\"MsoNormal\" style=\"margin-left:10.35pt;text-align:justify;text-indent:\r\n-10.35pt;mso-list:l0 level1 lfo1;tab-stops:list 10.35pt\"><!--[if !supportLists]--><span style=\"font-family: Arial, sans-serif;\">•<span style=\"font-variant-numeric: normal; font-variant-east-asian: normal; font-stretch: normal; font-size: 7pt; line-height: normal; font-family: &quot;Times New Roman&quot;;\">&nbsp;&nbsp;\r\n</span></span><!--[endif]--><span style=\"font-family: Arial, sans-serif;\">Sedang dilakukan analisa data untuk\r\nketersediaan air untuk selanjutnya di input kedalam Ribasim<o:p></o:p></span></p>','<p class=\"MsoNormal\" align=\"center\" style=\"text-align: left;\"><span style=\"font-family: Arial, sans-serif;\">Minggu\r\nII November 2019<o:p></o:p></span></p>','<p class=\"MsoNormal\"><span style=\"font-family: Arial, sans-serif;\">Divisi PSDA/L</span><span lang=\"IN\" style=\"font-family: Arial, sans-serif;\"><o:p></o:p></span></p>',NULL,NULL,NULL,2,9,1,1,0,0,'2019-12-18 14:57:50','2020-01-08 09:09:08'),(21,'<p class=\"MsoNormal\" style=\"text-align:justify\"><span style=\"font-family: Arial, sans-serif;\">Penyusunan Rencana Tata Tanam Global<o:p></o:p></span></p>','<p class=\"MsoNormal\" style=\"text-align:justify\"><span style=\"font-family: Arial, sans-serif;\">Perlunya rencana\r\ntata tanam untuk optimasi alokasi air irigasi<o:p></o:p></span></p>','<p class=\"MsoNormal\" style=\"text-align:justify\"><span style=\"font-family: Arial, sans-serif;\">Sudah menyampaikan usulan rencana tata tanam\r\nglobal ke Komisi Irigasi Provinsi Jawa Barat pada tanggal&nbsp; 23 September 2019<o:p></o:p></span></p>','<p class=\"MsoNormal\" align=\"center\" style=\"text-align: left;\"><span style=\"font-family: Arial, sans-serif;\">Minggu\r\nII Oktober 2019<o:p></o:p></span></p>','<p class=\"MsoNormal\"><span style=\"font-family: Arial, sans-serif;\">Divisi PSDA/L</span><span lang=\"IN\" style=\"font-family: Arial, sans-serif;\"><o:p></o:p></span></p>',NULL,NULL,NULL,2,9,1,1,0,0,'2019-12-18 14:59:13','2020-01-08 09:09:08'),(22,'<p class=\"MsoNormal\"><span style=\"font-family: Arial, sans-serif;\">Penyaluran Air Irigasi Tidak Optimal<o:p></o:p></span></p>','<p class=\"MsoNormal\" style=\"margin-left:15.3pt;text-indent:-15.3pt;mso-list:l0 level1 lfo1\"><!--[if !supportLists]--><span style=\"font-family: Arial, sans-serif;\">1.<span style=\"font-variant-numeric: normal; font-variant-east-asian: normal; font-stretch: normal; font-size: 7pt; line-height: normal; font-family: &quot;Times New Roman&quot;;\">&nbsp;&nbsp; </span></span><!--[endif]--><span style=\"font-family: Arial, sans-serif;\">Sarana &amp; Prasarana Irigasi Saluran Sekunder\r\nBanyak yang Rusak<o:p></o:p></span></p>\r\n\r\n<p class=\"MsoNormal\" style=\"margin-left:15.3pt;text-indent:-15.3pt;mso-list:l0 level1 lfo1\"><!--[if !supportLists]--><span style=\"font-family: Arial, sans-serif;\">2.<span style=\"font-variant-numeric: normal; font-variant-east-asian: normal; font-stretch: normal; font-size: 7pt; line-height: normal; font-family: &quot;Times New Roman&quot;;\">&nbsp;&nbsp; </span></span><!--[endif]--><span style=\"font-family: Arial, sans-serif;\">Sedimentasi Tinggi pada Saluran<o:p></o:p></span></p>\r\n\r\n<p class=\"MsoNormal\" style=\"margin-left:15.3pt;text-indent:-15.3pt;mso-list:l0 level1 lfo1\"><!--[if !supportLists]--><span style=\"font-family: Arial, sans-serif;\">3.<span style=\"font-variant-numeric: normal; font-variant-east-asian: normal; font-stretch: normal; font-size: 7pt; line-height: normal; font-family: &quot;Times New Roman&quot;;\">&nbsp;&nbsp; </span></span><!--[endif]--><span style=\"font-family: Arial, sans-serif;\">Banyak Sampah Domestik<o:p></o:p></span></p>','<p class=\"MsoNormal\" style=\"margin-left:14.85pt;text-indent:-14.85pt;mso-list:\r\nl0 level1 lfo1;tab-stops:list 14.85pt\"><!--[if !supportLists]--><span style=\"font-family: Arial, sans-serif;\">1.<span style=\"font-variant-numeric: normal; font-variant-east-asian: normal; font-stretch: normal; font-size: 7pt; line-height: normal; font-family: &quot;Times New Roman&quot;;\">&nbsp;&nbsp;\r\n</span></span><!--[endif]--><span lang=\"EN-ID\" style=\"font-family: Arial, sans-serif;\">Usulan kembali ke\r\nBBWSC</span><span style=\"font-family: Arial, sans-serif;\"><o:p></o:p></span></p>\r\n\r\n<p class=\"MsoNormal\" style=\"margin-left:14.85pt;text-indent:-14.85pt;mso-list:\r\nl0 level1 lfo1;tab-stops:list 14.85pt\"><!--[if !supportLists]--><span style=\"font-family: Arial, sans-serif;\">2.<span style=\"font-variant-numeric: normal; font-variant-east-asian: normal; font-stretch: normal; font-size: 7pt; line-height: normal; font-family: &quot;Times New Roman&quot;;\">&nbsp;&nbsp;\r\n</span></span><!--[endif]--><span lang=\"EN-ID\" style=\"font-family: Arial, sans-serif;\">Usulan RKAP Tahun\r\n2020</span><span style=\"font-family: Arial, sans-serif;\"><o:p></o:p></span></p>\r\n\r\n<p class=\"MsoNormal\" style=\"margin-left:14.85pt;text-indent:-14.85pt;mso-list:\r\nl0 level1 lfo1;tab-stops:list 14.85pt\"><!--[if !supportLists]--><span style=\"font-family: Arial, sans-serif;\">3.<span style=\"font-variant-numeric: normal; font-variant-east-asian: normal; font-stretch: normal; font-size: 7pt; line-height: normal; font-family: &quot;Times New Roman&quot;;\">&nbsp;&nbsp;\r\n</span></span><!--[endif]--><span lang=\"EN-ID\" style=\"font-family: Arial, sans-serif;\">Sosialisasi bersama\r\nPemerintah Setempat</span><span style=\"font-family: Arial, sans-serif;\"><o:p></o:p></span></p>','<p class=\"MsoNormal\" align=\"center\" style=\"text-align: left;\"><span style=\"font-family: Arial, sans-serif;\">31\r\nOktober 2019<o:p></o:p></span></p>','<p class=\"MsoNormal\"><span style=\"font-family: Arial, sans-serif;\">Divisi PSDA/L dan GM Wilayah II</span><span lang=\"IN\" style=\"font-family: Arial, sans-serif;\"><o:p></o:p></span></p>',NULL,NULL,NULL,2,9,1,1,0,0,'2019-12-18 15:00:17','2020-01-08 09:09:08'),(23,'<p class=\"MsoNormal\"><span style=\"font-family: Arial, sans-serif;\">Adanya pembongkaran 2 (dua) Unit Bangunan Rumah Dinas\r\nMilik PJT II oleh Dinas Pekerjaan Umum dan Penataan Ruang Pemerintah Kabupaten\r\nKarawang berlokasi di B.Tub.6 Kp. Kepuh Kel. Karangpawitan Kecamatan Karawang\r\nBarat Kabupaten Karawang<o:p></o:p></span></p>','<p class=\"MsoNormal\"><span style=\"font-family: Arial, sans-serif;\">Pelaksanaan program pemerintah\r\ndaerah kabupaten Karawang untuk pembuatan jembatan lintas Saluran Tarum Utara\r\nCab. Barat<o:p></o:p></span></p>','<p class=\"MsoNormal\"><span style=\"font-family: Arial, sans-serif;\">Koordinasi dengan Dinas PUPR, Pemkab Karawang, Divisi IPA<o:p></o:p></span></p>','<p class=\"MsoNormal\" align=\"center\" style=\"text-align: left;\"><span style=\"font-family: Arial, sans-serif;\">Oktober\r\n2019<o:p></o:p></span></p>','<p class=\"MsoNormal\"><span style=\"font-family: Arial, sans-serif;\">Divisi IPA dan GM Wilayah II</span><span lang=\"IN\" style=\"font-family: Arial, sans-serif;\"><o:p></o:p></span></p>',NULL,NULL,NULL,2,9,1,1,0,0,'2019-12-18 15:01:04','2020-01-08 09:09:08'),(24,'<p class=\"MsoNormal\"><span lang=\"IN\" style=\"font-family: Arial, sans-serif;\">Pekerjaan carry over\r\n2019 paket heat transfer unit chiller belum beres</span><span style=\"font-family: Arial, sans-serif;\"><o:p></o:p></span></p>','<p class=\"MsoNormal\"><span lang=\"IN\" style=\"font-family: Arial, sans-serif;\">Keterlambatan pelaksanaan Pengadaan barang</span><span style=\"font-family: Arial, sans-serif;\"><o:p></o:p></span></p>','<p class=\"MsoNormal\"><span style=\"font-family: Arial, sans-serif;\">Akan dilakukan <i>Commissioning Test </i>Pada Minggu ke-2\r\nOktober 2019<o:p></o:p></span></p>','Oktober 2019','<p class=\"MsoNormal\"><span style=\"font-family: Arial, sans-serif;\">Divisi Pengelolaan Proyek</span><span lang=\"IN\" style=\"font-family: Arial, sans-serif;\"><o:p></o:p></span></p>',NULL,NULL,NULL,2,9,1,1,0,0,'2019-12-18 15:06:15','2020-01-08 09:09:08'),(25,'<p class=\"MsoNormal\"><span lang=\"IN\" style=\"font-family: Arial, sans-serif;\">Habisnya masa berlaku\r\nizin usaha Hotel, grha vidya, jatiluhur <i>water world</i>, kapal pesiar pada\r\njuli 2016</span><span style=\"font-family: Arial, sans-serif;\"><o:p></o:p></span></p>','<p class=\"MsoNormal\"><span lang=\"IN\" style=\"font-family: Arial, sans-serif;\">Sedang dilakukan</span><span lang=\"IN\" style=\"font-family: Arial, sans-serif;\"> </span><span lang=\"IN\" style=\"font-family: Arial, sans-serif;\">pemenuhan komitmen</span><span style=\"font-family: Arial, sans-serif;\"><o:p></o:p></span></p>\r\n\r\n<p class=\"MsoNormal\"><span lang=\"IN\" style=\"font-family: Arial, sans-serif;\">Terdapat beberapa jenis usaha rekreasi diantaranya : JWW, Kapal wisata\r\nyang tidak tercantum di dalan PP 07 tahun 2010</span><span style=\"font-family: Arial, sans-serif;\"><o:p></o:p></span></p>','<p class=\"MsoNormal\"><span lang=\"IN\" style=\"font-family: Arial, sans-serif;\">Akan dilakukan\r\nkoordinasi dengan badan koordinasi penanaman modal (BKPM) sesuai arahan DPMPTSP\r\nKab Purwakarta</span><span style=\"font-family: Arial, sans-serif;\"><o:p></o:p></span></p>','Oktober 2019','<p class=\"MsoNormal\"><span style=\"font-family: Arial, sans-serif;\">GM Pariwisata &amp; AMDK<o:p></o:p></span></p>',NULL,NULL,NULL,2,9,1,1,0,0,'2019-12-18 15:06:57','2020-01-08 09:09:08'),(26,'<p class=\"MsoNormal\"><span lang=\"IN\" style=\"font-family: Arial, sans-serif;\">Kerjasama usaha\r\npengelolaan hotel pesanggrahan</span><span style=\"font-family: Arial, sans-serif;\"><o:p></o:p></span></p>','<p class=\"MsoNormal\"><span lang=\"IN\" style=\"font-family: Arial, sans-serif;\">Perjanjian kerjasama dengan mitra usaha masih dalam proses <i>feasibillity\r\nstudy</i> oleh Divisi RL</span><span style=\"font-family: Arial, sans-serif;\"><o:p></o:p></span></p>','<p class=\"MsoNormal\"><span lang=\"IN\" style=\"font-family: Arial, sans-serif;\">Melakukan koordinasi\r\nserta menyiapkan data kebutuhan proses pelaksanaan pemilihan mitra<o:p></o:p></span></p>','Oktober 2019','<p class=\"MsoNormal\"><span style=\"font-family: Arial, sans-serif;\">GM Pariwisata &amp; AMDK<o:p></o:p></span></p>',NULL,NULL,NULL,2,9,1,1,0,0,'2019-12-18 15:07:43','2020-01-08 09:09:08'),(27,'<p class=\"MsoNormal\"><span lang=\"IN\" style=\"font-family: Arial, sans-serif;\">Izin edar produk baru\r\nAMDK</span><span style=\"font-family: Arial, sans-serif;\"><o:p></o:p></span></p>','<p class=\"MsoNormal\"><span lang=\"IN\" style=\"font-family: Arial, sans-serif;\">Adanya rencana pengembangan produk AMDK yang baru ( <i>Brand J Water</i>)</span><span style=\"font-family: Arial, sans-serif;\"><o:p></o:p></span></p>','<p class=\"MsoListParagraphCxSpFirst\" style=\"margin-left:10.35pt;mso-add-space:\r\nauto;text-indent:-10.35pt;mso-list:l0 level1 lfo1\"><!--[if !supportLists]--><span style=\"font-family: Symbol;\">·<span style=\"font-variant-numeric: normal; font-variant-east-asian: normal; font-stretch: normal; font-size: 7pt; line-height: normal; font-family: &quot;Times New Roman&quot;;\">&nbsp;&nbsp;&nbsp; </span></span><!--[endif]--><span lang=\"IN\" style=\"font-family: Arial, sans-serif;\">Sertifikat Merk</span><span style=\"font-family: Arial, sans-serif;\"><o:p></o:p></span></p>\r\n\r\n<p class=\"MsoListParagraphCxSpLast\" style=\"margin-left:10.35pt;mso-add-space:\r\nauto;text-indent:-10.35pt;mso-list:l0 level1 lfo1\"><!--[if !supportLists]--><span style=\"font-family: Symbol;\">·<span style=\"font-variant-numeric: normal; font-variant-east-asian: normal; font-stretch: normal; font-size: 7pt; line-height: normal; font-family: &quot;Times New Roman&quot;;\">&nbsp;&nbsp;&nbsp; </span></span><!--[endif]--><span lang=\"IN\" style=\"font-family: Arial, sans-serif;\">Hasil lab uji air baku</span><span style=\"font-family: Arial, sans-serif;\"><o:p></o:p></span></p>','<p class=\"MsoNormal\" align=\"center\" style=\"text-align: left;\"><span style=\"font-family: Arial, sans-serif;\">Oktober\r\n– Desember 2019<o:p></o:p></span></p>','<p class=\"MsoNormal\"><span style=\"font-family: Arial, sans-serif;\">GM Pariwisata &amp; AMDK<o:p></o:p></span></p>',NULL,NULL,NULL,2,9,1,1,0,0,'2019-12-19 08:06:29','2020-01-08 09:09:08'),(28,'<p class=\"MsoNormal\"><span lang=\"IN\" style=\"font-family: Arial, sans-serif;\">Kendala bahan baku botol\r\nkemasan 330ml</span><span style=\"font-family: Arial, sans-serif;\"><o:p></o:p></span></p>','<p class=\"MsoNormal\"><span lang=\"IN\" style=\"font-family: Arial, sans-serif;\">AMDK tergantung pasa satu supplier</span><span style=\"font-family: Arial, sans-serif;\"><o:p></o:p></span></p>','<p class=\"MsoNormal\"><span lang=\"IN\" style=\"font-family: Arial, sans-serif;\">Direncanakan AMDK akan\r\nmenggunakan botol alternatif yang ketersediaanya selalu ada di pasaran (<i>free\r\nmarket</i>)</span><span style=\"font-family: Arial, sans-serif;\"><o:p></o:p></span></p>','<p class=\"MsoNormal\" align=\"center\" style=\"text-align: left;\"><span lang=\"IN\" style=\"font-family: Arial, sans-serif;\">Minggu ke - 4 Oktober</span><span style=\"font-family: Arial, sans-serif;\"> 2019<o:p></o:p></span></p>','<p class=\"MsoNormal\"><span style=\"font-family: Arial, sans-serif;\">GM Pariwisata &amp; AMDK<o:p></o:p></span></p>',NULL,NULL,NULL,2,9,1,1,0,0,'2019-12-19 08:07:54','2020-01-08 09:09:08'),(29,'<p class=\"MsoListParagraphCxSpFirst\" style=\"margin-left:17.55pt;mso-add-space:\r\nauto;text-align:justify;text-indent:-17.55pt;mso-list:l0 level1 lfo1\"><!--[if !supportLists]--><span lang=\"IN\" style=\"font-family: Wingdings;\">Ø<span style=\"font-variant-numeric: normal; font-variant-east-asian: normal; font-stretch: normal; font-size: 7pt; line-height: normal; font-family: &quot;Times New Roman&quot;;\">&nbsp; </span></span><!--[endif]--><span style=\"font-family: Arial, sans-serif;\">Adanya pihak lain yang mengakui</span><span style=\"font-family: Arial, sans-serif;\"> </span><span style=\"font-family: Arial, sans-serif;\">dan\r\nmenguasai lahan milik PJT II </span><span lang=\"IN\" style=\"font-family: Arial, sans-serif;\">yang terletak</span><span style=\"font-family: Arial, sans-serif;\"> di </span><span lang=\"IN\" style=\"font-family: Arial, sans-serif;\">Blok Rawa Belut Kampung Tangsi\r\nPatikoro RT 003 RW 06 Desa Sukadanau Kecamatan Cikarang Barat, Bekasi Seluas ±\r\n77.500M<sup>2</sup> (tujuh puluh tujuh ribu lima ratus meter bujur sangkar),\r\nGugatan Perdata No. 51/Pdt.G/2019/PN.Ckr<o:p></o:p></span></p>\r\n\r\n<p class=\"MsoListParagraphCxSpMiddle\" style=\"margin-left:17.55pt;mso-add-space:\r\nauto;text-align:justify;text-indent:-17.55pt;mso-list:l0 level1 lfo1\"><!--[if !supportLists]--><span lang=\"IN\" style=\"font-family: Wingdings;\">Ø<span style=\"font-variant-numeric: normal; font-variant-east-asian: normal; font-stretch: normal; font-size: 7pt; line-height: normal; font-family: &quot;Times New Roman&quot;;\">&nbsp; </span></span><!--[endif]--><span style=\"font-family: Arial, sans-serif;\">Adanya pihak lain yang mengakui</span><span style=\"font-family: Arial, sans-serif;\"> </span><span style=\"font-family: Arial, sans-serif;\">dan\r\nmenguasai lahan milik PJT II </span><span lang=\"IN\" style=\"font-family: Arial, sans-serif;\">yang terletak</span><span style=\"font-family: Arial, sans-serif;\"> di </span><span lang=\"IN\" style=\"font-family: Arial, sans-serif;\">Desa Cibuntu, Kecamatan\r\nCibitung, Kabupaten Bekasi – Provinsi Jawa Barat Seluas 9.885M<sup>2</sup>\r\n(sembilan ribu delapan ratus delapan puluh lima meter persegi), Gugatan Perdata\r\nNo. 103/Pdt.G/2019/PN.Ckr<o:p></o:p></span></p>\r\n\r\n<p class=\"MsoListParagraphCxSpMiddle\" style=\"margin-left:17.55pt;mso-add-space:\r\nauto;text-align:justify;text-indent:-17.55pt;mso-list:l0 level1 lfo1\"><!--[if !supportLists]--><span lang=\"IN\" style=\"font-family: Wingdings;\">Ø<span style=\"font-variant-numeric: normal; font-variant-east-asian: normal; font-stretch: normal; font-size: 7pt; line-height: normal; font-family: &quot;Times New Roman&quot;;\">&nbsp; </span></span><!--[endif]--><span style=\"font-family: Arial, sans-serif;\">Adanya pihak lain yang mengakui</span><span style=\"font-family: Arial, sans-serif;\"> </span><span style=\"font-family: Arial, sans-serif;\">dan\r\nmenguasai lahan milik PJT II </span><span lang=\"IN\" style=\"font-family: Arial, sans-serif;\">yang terletak</span><span style=\"font-family: Arial, sans-serif;\"> di </span><span lang=\"IN\" style=\"font-family: Arial, sans-serif;\">Kelurahan Jatirasa, Kecamatan\r\nJatiasih, Kota Bekasi dengan masing-masing Seluas 21.493M<sup>2</sup> (dua\r\npuluh satu ribu empat ratus sembilan puluh tiga meter persegi) dan 3.931M<sup>2\r\n</sup>(tiga ribu sembilan ratus tiga puluh satu meter persegi), Gugatan Perdata\r\nNo. 285/Pdt.G/2019/PN.Bks<o:p></o:p></span></p>\r\n\r\n<p class=\"MsoListParagraphCxSpMiddle\" style=\"margin-left:17.55pt;mso-add-space:\r\nauto;text-align:justify;text-indent:-17.55pt;mso-list:l0 level1 lfo1\"><!--[if !supportLists]--><span lang=\"IN\" style=\"font-family: Wingdings;\">Ø<span style=\"font-variant-numeric: normal; font-variant-east-asian: normal; font-stretch: normal; font-size: 7pt; line-height: normal; font-family: &quot;Times New Roman&quot;;\">&nbsp; </span></span><!--[endif]--><span style=\"font-family: Arial, sans-serif;\">Adanya pihak lain yang mengakui</span><span style=\"font-family: Arial, sans-serif;\"> </span><span style=\"font-family: Arial, sans-serif;\">dan\r\nmenguasai lahan milik PJT II </span><span lang=\"IN\" style=\"font-family: Arial, sans-serif;\">yang terletak</span><span style=\"font-family: Arial, sans-serif;\"> di </span><span lang=\"IN\" style=\"font-family: Arial, sans-serif;\">Kelurahan Sepanjangjaya,\r\nKecamatan Rawalumbu, Kota Bekasi Seluas 500M<sup>2</sup> (lima ratus meter\r\npersegi), Gugatan Perdata No. 248/Pdt.G/2019/PN.Bks<o:p></o:p></span></p>\r\n\r\n<p class=\"MsoListParagraphCxSpMiddle\" style=\"margin-left:17.55pt;mso-add-space:\r\nauto;text-align:justify;text-indent:-17.55pt;mso-list:l0 level1 lfo1\"><!--[if !supportLists]--><span lang=\"IN\" style=\"font-family: Wingdings;\">Ø<span style=\"font-variant-numeric: normal; font-variant-east-asian: normal; font-stretch: normal; font-size: 7pt; line-height: normal; font-family: &quot;Times New Roman&quot;;\">&nbsp; </span></span><!--[endif]--><span style=\"font-family: Arial, sans-serif;\">Adanya pihak lain yang mengakui</span><span style=\"font-family: Arial, sans-serif;\"> </span><span style=\"font-family: Arial, sans-serif;\">dan\r\nmenguasai lahan milik PJT II </span><span lang=\"IN\" style=\"font-family: Arial, sans-serif;\">yang terletak</span><span style=\"font-family: Arial, sans-serif;\"> di </span><span lang=\"IN\" style=\"font-family: Arial, sans-serif;\">Kelurahan Sepanjangjaya,\r\nKecamatan Rawalumbu, Kota Bekasi Seluas 500M<sup>2</sup> (lima ratus meter\r\npersegi), Gugatan Perdata No. 249/Pdt.G/2019/PN.Bks<o:p></o:p></span></p>\r\n\r\n<p class=\"MsoListParagraphCxSpMiddle\" style=\"margin-left:17.55pt;mso-add-space:\r\nauto;text-align:justify;text-indent:-17.55pt;mso-list:l0 level1 lfo1\"><!--[if !supportLists]--><span lang=\"IN\" style=\"font-family: Wingdings;\">Ø<span style=\"font-variant-numeric: normal; font-variant-east-asian: normal; font-stretch: normal; font-size: 7pt; line-height: normal; font-family: &quot;Times New Roman&quot;;\">&nbsp; </span></span><!--[endif]--><span style=\"font-family: Arial, sans-serif;\">Adanya pihak lain yang mengakui</span><span style=\"font-family: Arial, sans-serif;\"> </span><span style=\"font-family: Arial, sans-serif;\">dan\r\nmenguasai lahan milik PJT II </span><span lang=\"IN\" style=\"font-family: Arial, sans-serif;\">yang terletak</span><span style=\"font-family: Arial, sans-serif;\"> di </span><span lang=\"IN\" style=\"font-family: Arial, sans-serif;\">Kelurahan Sepanjangjaya, Kecamatan\r\nRawalumbu, Kota Bekasi Seluas 893M<sup>2</sup> (delapan ratus sembilan puluh\r\ntiga meter persegi), Gugatan Perdata No. 250/Pdt.G/2019/PN.Bks<o:p></o:p></span></p>\r\n\r\n<p class=\"MsoListParagraphCxSpMiddle\" style=\"margin-left:17.55pt;mso-add-space:\r\nauto;text-align:justify;text-indent:-17.55pt;mso-list:l0 level1 lfo1\"><!--[if !supportLists]--><span lang=\"IN\" style=\"font-family: Wingdings;\">Ø<span style=\"font-variant-numeric: normal; font-variant-east-asian: normal; font-stretch: normal; font-size: 7pt; line-height: normal; font-family: &quot;Times New Roman&quot;;\">&nbsp; </span></span><!--[endif]--><span style=\"font-family: Arial, sans-serif;\">Adanya pihak lain yang mengakui</span><span style=\"font-family: Arial, sans-serif;\"> </span><span style=\"font-family: Arial, sans-serif;\">dan\r\nmenguasai lahan milik PJT II </span><span lang=\"IN\" style=\"font-family: Arial, sans-serif;\">yang terletak</span><span style=\"font-family: Arial, sans-serif;\"> di </span><span lang=\"IN\" style=\"font-family: Arial, sans-serif;\">Kelurahan Margajaya, Kecamatan\r\nBekasi Selatan, Kota Bekasi Seluas 418M<sup>2</sup> (empat ratus delapan belas\r\nmeter persegi), Gugatan Perdata No. 371/Pdt.G/2019/PN.Bks<o:p></o:p></span></p>\r\n\r\n<p class=\"MsoListParagraphCxSpMiddle\" style=\"margin-left:17.55pt;mso-add-space:\r\nauto;text-align:justify;text-indent:-17.55pt;mso-list:l0 level1 lfo1\"><!--[if !supportLists]--><span lang=\"IN\" style=\"font-family: Wingdings;\">Ø<span style=\"font-variant-numeric: normal; font-variant-east-asian: normal; font-stretch: normal; font-size: 7pt; line-height: normal; font-family: &quot;Times New Roman&quot;;\">&nbsp; </span></span><!--[endif]--><span style=\"font-family: Arial, sans-serif;\">Adanya pihak lain yang mengakui</span><span style=\"font-family: Arial, sans-serif;\"> </span><span style=\"font-family: Arial, sans-serif;\">dan\r\nmenguasai lahan milik PJT II </span><span lang=\"IN\" style=\"font-family: Arial, sans-serif;\">yang terletak di\r\nCipinang Melayu, Cawang, Jakarta Timur seluas ± 500M2 (lima ratus meter persegi), Gugatan Perdata No.\r\n212/Pdt.G/2019/PN.Jakarta Timur<o:p></o:p></span></p>\r\n\r\n<p class=\"MsoListParagraphCxSpLast\" style=\"margin-left:17.55pt;mso-add-space:\r\nauto;text-indent:-17.55pt;mso-list:l0 level1 lfo1\"><!--[if !supportLists]--><span style=\"font-family: Wingdings;\">Ø<span style=\"font-variant-numeric: normal; font-variant-east-asian: normal; font-stretch: normal; font-size: 7pt; line-height: normal; font-family: &quot;Times New Roman&quot;;\">&nbsp; </span></span><!--[endif]--><span style=\"font-family: Arial, sans-serif;\">Adanya pihak lain yang mengakui</span><span style=\"font-family: Arial, sans-serif;\"> </span><span style=\"font-family: Arial, sans-serif;\">dan\r\nmenguasai lahan milik PJT II </span><span lang=\"IN\" style=\"font-family: Arial, sans-serif;\">yang terletak di\r\nPangkalan Jati, Kelurahan Cipinang Melayu, Kecamatan Makassar, Jakarta Timur\r\nseluas 644M<sup>2</sup> (enam ratus\r\nempat puluh empat meter persegi), Gugatan Perdata No. 502/Pdt.G/2019/PN.Jakarta\r\nTimur</span><span style=\"font-family: Arial, sans-serif;\"><o:p></o:p></span></p>','<p class=\"MsoListParagraphCxSpFirst\" style=\"margin-left:7.45pt;mso-add-space:\r\nauto;text-indent:-9.0pt;mso-list:l0 level1 lfo1;tab-stops:list 7.45pt\"><!--[if !supportLists]--><span lang=\"IN\" style=\"font-family: Symbol;\">·<span style=\"font-variant-numeric: normal; font-variant-east-asian: normal; font-stretch: normal; font-size: 7pt; line-height: normal; font-family: &quot;Times New Roman&quot;;\">&nbsp;&nbsp;\r\n</span></span><!--[endif]--><span style=\"font-family: Arial, sans-serif;\">Faktor eksternal: laju&nbsp; pertumbuhan ekonomi dan penduduk yang\r\nmengakibatkan kebutuhan akan tanah meningkat sehingga nilai tanah pun relatif\r\nnaik;</span><span lang=\"IN\" style=\"font-family: Arial, sans-serif;\"><o:p></o:p></span></p>\r\n\r\n<p class=\"MsoListParagraphCxSpMiddle\" style=\"margin-left:7.45pt;mso-add-space:\r\nauto;text-indent:-9.0pt;mso-list:l0 level1 lfo1;tab-stops:list 7.45pt\"><!--[if !supportLists]--><span style=\"font-size: 10pt; line-height: 115%; font-family: Symbol;\">·<span style=\"font-variant-numeric: normal; font-variant-east-asian: normal; font-stretch: normal; font-size: 7pt; line-height: normal; font-family: &quot;Times New Roman&quot;;\">&nbsp;&nbsp;\r\n</span></span><!--[endif]--><span style=\"font-family: Arial, sans-serif;\">Faktor internal:</span><span style=\"font-size: 10pt; line-height: 115%; font-family: Arial, sans-serif; background: rgb(250, 250, 252);\"> </span><span style=\"font-family: Arial, sans-serif; background: rgb(250, 250, 252);\">pengendalian dan pengawasan atas data yuridis (bukti-bukti\r\nperolehan yang menjadi dasar pemberian alas hak) serta data fisik (tindakan\r\npenguasaan fisik dan rencana fungsi/ peruntukan tanah yang belum efektif</span><span lang=\"IN\" style=\"font-family: Arial, sans-serif; background: rgb(250, 250, 252);\">;</span><span style=\"font-size: 10pt; line-height: 115%; font-family: Arial, sans-serif; background: rgb(250, 250, 252);\"><o:p></o:p></span></p>\r\n\r\n<p class=\"MsoListParagraphCxSpMiddle\" style=\"margin-left:7.45pt;mso-add-space:\r\nauto;text-indent:-9.0pt;mso-list:l0 level1 lfo1;tab-stops:list 7.45pt\"><!--[if !supportLists]--><span style=\"font-family: Symbol;\">·<span style=\"font-variant-numeric: normal; font-variant-east-asian: normal; font-stretch: normal; font-size: 7pt; line-height: normal; font-family: &quot;Times New Roman&quot;;\">&nbsp;&nbsp; </span></span><!--[endif]--><span style=\"font-family: Arial, sans-serif;\">Kurangnya\r\npengamanan atas lahan-lahan PJT II baik dalam bentuk tindakan yang sifatnya\r\npecegahan meliputi: pendaftaran tanah, pengukuran ulang,&nbsp; pemasangan patok batas maupun papan plang\r\nyang menyatakan lahan-lahan tersebut milik/ serah operasi PJT II;<o:p></o:p></span></p>\r\n\r\n<p class=\"MsoListParagraphCxSpLast\" style=\"margin-left:7.45pt;mso-add-space:auto;\r\ntext-indent:-9.0pt;mso-list:l0 level1 lfo1;tab-stops:list 7.45pt\"><!--[if !supportLists]--><span style=\"font-family: Symbol;\">·<span style=\"font-variant-numeric: normal; font-variant-east-asian: normal; font-stretch: normal; font-size: 7pt; line-height: normal; font-family: &quot;Times New Roman&quot;;\">&nbsp;&nbsp; </span></span><!--[endif]--><span style=\"font-family: Arial, sans-serif;\">Belum\r\nsaling menunjangnya program kerja antar unit-unit kerja yang memiliki\r\nketerkaitan dalam penyelesaian permasalahan aset</span><span lang=\"IN\" style=\"font-family: Arial, sans-serif;\">.</span><span style=\"font-family: Arial, sans-serif;\"><o:p></o:p></span></p>','<p class=\"MsoListParagraphCxSpFirst\" style=\"margin-left:15.9pt;mso-add-space:\r\nauto;text-align:justify;text-indent:-15.9pt;mso-list:l0 level1 lfo1\"><!--[if !supportLists]--><span style=\"font-family: Wingdings;\">Ø<span style=\"font-variant-numeric: normal; font-variant-east-asian: normal; font-stretch: normal; font-size: 7pt; line-height: normal; font-family: &quot;Times New Roman&quot;;\"> </span></span><!--[endif]--><span lang=\"IN\" style=\"font-family: Arial, sans-serif;\">Duplik dari Tergugat II (Perum Jasa Tirta II)</span><span style=\"font-family: Arial, sans-serif;\"><o:p></o:p></span></p>\r\n\r\n<p class=\"MsoListParagraphCxSpMiddle\" style=\"margin-left:15.9pt;mso-add-space:\r\nauto;text-align:justify;text-indent:-15.9pt\"><span lang=\"IN\" style=\"font-family: Arial, sans-serif;\"><o:p>&nbsp;</o:p></span><span lang=\"IN\" style=\"text-indent: -15.9pt; font-family: Wingdings;\">Ø<span style=\"font-variant-numeric: normal; font-variant-east-asian: normal; font-stretch: normal; font-size: 7pt; line-height: normal; font-family: &quot;Times New Roman&quot;;\"> </span></span><span lang=\"IN\" style=\"text-indent: -15.9pt; font-family: Arial, sans-serif;\">Saksi dari Penggugat</span></p>\r\n\r\n<p class=\"MsoListParagraphCxSpMiddle\" style=\"margin-left:15.9pt;mso-add-space:\r\nauto;text-align:justify;text-indent:-15.9pt\"><span lang=\"IN\" style=\"font-family: Arial, sans-serif;\"><o:p>&nbsp;</o:p></span><span style=\"text-indent: -15.9pt; font-family: Wingdings;\">Ø<span style=\"font-variant-numeric: normal; font-variant-east-asian: normal; font-stretch: normal; font-size: 7pt; line-height: normal; font-family: &quot;Times New Roman&quot;;\"> </span></span><span lang=\"IN\" style=\"text-indent: -15.9pt; font-family: Arial, sans-serif;\">Jawaban dari Tergugat I (Perum Jasa Tirta II)</span></p>\r\n\r\n<p class=\"MsoListParagraphCxSpMiddle\" style=\"margin-left:15.9pt;mso-add-space:\r\nauto;text-align:justify;text-indent:-15.9pt\"><span style=\"font-family: Arial, sans-serif;\"><o:p>&nbsp;</o:p></span><span lang=\"IN\" style=\"text-indent: -15.9pt; font-family: Wingdings;\">Ø<span style=\"font-variant-numeric: normal; font-variant-east-asian: normal; font-stretch: normal; font-size: 7pt; line-height: normal; font-family: &quot;Times New Roman&quot;;\"> </span></span><span lang=\"IN\" style=\"text-indent: -15.9pt; font-family: Arial, sans-serif;\">Pembuktian dari Penggugat (Perum Jasa Tirta II)</span></p>\r\n\r\n<p class=\"MsoListParagraphCxSpMiddle\" style=\"margin-left:15.9pt;mso-add-space:\r\nauto;text-align:justify;text-indent:-15.9pt;tab-stops:17.35pt\"><span lang=\"IN\" style=\"font-family: Arial, sans-serif;\"><o:p>&nbsp;</o:p></span><span style=\"text-indent: -15.9pt; font-family: Wingdings;\">Ø<span style=\"font-variant-numeric: normal; font-variant-east-asian: normal; font-stretch: normal; font-size: 7pt; line-height: normal; font-family: &quot;Times New Roman&quot;;\"> </span></span><span lang=\"IN\" style=\"text-indent: -15.9pt; font-family: Arial, sans-serif;\">Pembuktian dari Penggugat (Perum Jasa Tirta II)</span></p>\r\n\r\n<p class=\"MsoListParagraphCxSpMiddle\" style=\"margin-left:15.9pt;mso-add-space:\r\nauto;text-align:justify;text-indent:-15.9pt;tab-stops:17.35pt\"><span style=\"font-family: Arial, sans-serif;\"><o:p>&nbsp;</o:p></span><span lang=\"IN\" style=\"text-indent: -15.9pt; font-family: Wingdings;\">Ø<span style=\"font-variant-numeric: normal; font-variant-east-asian: normal; font-stretch: normal; font-size: 7pt; line-height: normal; font-family: &quot;Times New Roman&quot;;\"> </span></span><span lang=\"IN\" style=\"text-indent: -15.9pt; font-family: Arial, sans-serif;\">Pembuktian dari Penggugat (Perum Jasa Tirta II)</span></p><p class=\"MsoListParagraphCxSpMiddle\" style=\"margin-left:15.9pt;mso-add-space:\r\nauto;text-align:justify;text-indent:-15.9pt;mso-list:l0 level1 lfo1;tab-stops:\r\n17.35pt\"><span lang=\"IN\" style=\"text-indent: -15.9pt; font-family: Wingdings;\">Ø<span style=\"font-variant-numeric: normal; font-variant-east-asian: normal; font-stretch: normal; font-size: 7pt; line-height: normal; font-family: &quot;Times New Roman&quot;;\"> </span></span><span lang=\"IN\" style=\"text-indent: -15.9pt; font-family: Arial, sans-serif;\">Pemanggilan Para Pihak (Pemanggilan Kedua)</span></p>\r\n\r\n<p class=\"MsoListParagraphCxSpMiddle\" style=\"margin-left:15.9pt;mso-add-space:\r\nauto;text-align:justify;text-indent:-15.9pt;tab-stops:17.35pt\"><span lang=\"IN\" style=\"text-indent: -15.9pt; font-family: Wingdings;\">Ø<span style=\"font-variant-numeric: normal; font-variant-east-asian: normal; font-stretch: normal; font-size: 7pt; line-height: normal; font-family: &quot;Times New Roman&quot;;\"> </span></span><span lang=\"IN\" style=\"text-indent: -15.9pt; font-family: Arial, sans-serif;\">Replik dari Penggugat</span></p>\r\n\r\n<p class=\"MsoListParagraphCxSpMiddle\" style=\"margin-left:15.9pt;mso-add-space:\r\nauto;text-align:justify;text-indent:-15.9pt;tab-stops:17.35pt\"><span style=\"text-indent: -15.9pt; font-family: Wingdings;\">Ø<span style=\"font-variant-numeric: normal; font-variant-east-asian: normal; font-stretch: normal; font-size: 7pt; line-height: normal; font-family: &quot;Times New Roman&quot;;\"> </span></span><span lang=\"IN\" style=\"text-indent: -15.9pt; font-family: Arial, sans-serif;\">Putusan</span></p>','<p class=\"MsoNormal\" align=\"center\" style=\"text-align: left;\"><span lang=\"IN\" style=\"font-family: Arial, sans-serif;\">Oktober 2019<o:p></o:p></span></p>','<p class=\"MsoNormal\"><span style=\"font-family: Arial, sans-serif;\">Sekper.</span><span lang=\"IN\" style=\"font-family: Arial, sans-serif;\"> cq Bidang Bantuan Hukum</span><span style=\"font-family: Arial, sans-serif;\">,\r\nDivisi Inventarisasi &amp; Pengendalian Aset dan Unit Kerja lainnya yang\r\nterkait </span><span lang=\"IN\" style=\"font-family: Arial, sans-serif;\">sesuai dengan Peraturan Direksi PJT\r\nII No. 1/11/PRT/2016 tantang SOTK<o:p></o:p></span></p>',NULL,NULL,NULL,2,10,1,1,0,0,'2019-12-19 08:12:19','2020-01-08 09:09:08'),(30,'<p class=\"MsoNormal\"><span style=\"font-family: Arial, sans-serif;\">Belum jelasnya pengelolaan\r\nbarang bekas dan barang sisa pasca pelaksanaan proyek</span><span lang=\"IN\" style=\"font-family: Arial, sans-serif;\"><o:p></o:p></span></p>','<p class=\"MsoNormal\"><span style=\"font-family: Arial, sans-serif;\">Terbatasnya kapasitas gudang Unit Kerja</span><span lang=\"IN\" style=\"font-family: Arial, sans-serif;\"><o:p></o:p></span></p>','<p class=\"MsoNormal\"><span style=\"font-family: Arial, sans-serif;\">Berkoordinasi dengan Divisi IPA dan Unit Usaha Wilayah\r\n(UUW) perihal Pengelolaan Barang Bekas dan Barang Sisa<o:p></o:p></span></p>','<p class=\"MsoNormal\" align=\"center\" style=\"text-align: left;\"><span style=\"font-family: Arial, sans-serif;\">T</span><span lang=\"IN\" style=\"font-family: Arial, sans-serif;\">entative</span><span style=\"font-family: Arial, sans-serif;\"><o:p></o:p></span></p>','<p class=\"MsoNormal\"><span style=\"font-family: Arial, sans-serif;\">Divisi</span><span lang=\"IN\" style=\"font-family: Arial, sans-serif;\"> Pengelolaan Proyek ,\r\nDivisi IPA &amp; </span><span style=\"font-family: Arial, sans-serif;\">UUW </span><span lang=\"IN\" style=\"font-family: Arial, sans-serif;\">Terkait<o:p></o:p></span></p>',NULL,NULL,NULL,2,10,1,1,0,0,'2019-12-19 08:41:42','2020-01-08 09:09:08'),(31,'<p class=\"MsoNormal\"><span lang=\"IN\" style=\"font-family: Arial, sans-serif;\">Pintu Utama No. 3\r\nBendung Bekasi saat ini tidak bisa dioperasikan (macet).<o:p></o:p></span></p>','<p class=\"MsoNormal\" style=\"margin-left:.15in;text-indent:-.15in;mso-list:l0 level1 lfo1;\r\ntab-stops:list .15in\"><!--[if !supportLists]--><span style=\"font-family: &quot;Times New Roman&quot;, serif;\">-<span style=\"font-variant-numeric: normal; font-variant-east-asian: normal; font-stretch: normal; font-size: 7pt; line-height: normal; font-family: &quot;Times New Roman&quot;;\">&nbsp;&nbsp;&nbsp;&nbsp;\r\n</span></span><!--[endif]--><span lang=\"IN\" style=\"font-family: Arial, sans-serif;\">Tidak terpasangnya\r\npenggerak inventer. </span><span style=\"font-family: Arial, sans-serif;\"><o:p></o:p></span></p>\r\n\r\n<p class=\"MsoNormal\" style=\"margin-left:.15in;text-indent:-.15in;mso-list:l0 level1 lfo1;\r\ntab-stops:list .15in\"><!--[if !supportLists]--><span style=\"font-family: &quot;Times New Roman&quot;, serif;\">-<span style=\"font-variant-numeric: normal; font-variant-east-asian: normal; font-stretch: normal; font-size: 7pt; line-height: normal; font-family: &quot;Times New Roman&quot;;\">&nbsp;&nbsp;&nbsp;&nbsp;\r\n</span></span><!--[endif]--><span lang=\"IN\" style=\"font-family: Arial, sans-serif;\">Penggantian seal dan\r\nroda sudah dilakukan tetapi tidak berfungsi maksimal.</span><span style=\"font-family: Arial, sans-serif;\"><o:p></o:p></span></p>','<p class=\"MsoNormal\" style=\"margin-left:10.35pt;text-indent:-10.35pt;mso-list:\r\nl0 level1 lfo1;tab-stops:list 10.35pt\"><!--[if !supportLists]--><span style=\"font-family: &quot;Times New Roman&quot;, serif;\">-<span style=\"font-variant-numeric: normal; font-variant-east-asian: normal; font-stretch: normal; font-size: 7pt; line-height: normal; font-family: &quot;Times New Roman&quot;;\">&nbsp;&nbsp;&nbsp;&nbsp; </span></span><!--[endif]--><span lang=\"EN-ID\" style=\"font-family: Arial, sans-serif;\">Sudah masuk dalam program investasi tahun 2019</span><span lang=\"IN\" style=\"font-family: Arial, sans-serif;\">.</span><span style=\"font-family: Arial, sans-serif;\"><o:p></o:p></span></p>\r\n\r\n<p class=\"MsoNormal\" style=\"margin-left:10.35pt;text-indent:-10.35pt;mso-list:\r\nl0 level1 lfo1;tab-stops:list 10.35pt\"><!--[if !supportLists]--><span style=\"font-family: &quot;Times New Roman&quot;, serif;\">-<span style=\"font-variant-numeric: normal; font-variant-east-asian: normal; font-stretch: normal; font-size: 7pt; line-height: normal; font-family: &quot;Times New Roman&quot;;\">&nbsp;&nbsp;&nbsp;&nbsp; </span></span><!--[endif]--><span lang=\"EN-ID\" style=\"font-family: Arial, sans-serif;\">Dalam proses penetapan pemenang.</span><span style=\"font-family: Arial, sans-serif;\"><o:p></o:p></span></p>','Tahun 2019','<p class=\"MsoNormal\"><span lang=\"IN\" style=\"font-family: Arial, sans-serif;\">GM Wilayah I</span><span lang=\"EN-ID\" style=\"font-family: Arial, sans-serif;\"> dan DPP</span><span style=\"font-family: Arial, sans-serif;\"><o:p></o:p></span></p>',NULL,NULL,NULL,2,10,1,1,0,0,'2019-12-19 09:08:34','2020-01-08 09:09:08'),(32,'<p class=\"MsoNormal\"><span lang=\"EN-ID\" style=\"font-family: Arial, sans-serif;\">Proses pencatatan\r\npengambilan air baku IPA Buaran 2 (Aetra) tidak sesuai kontak</span><span lang=\"IN\" style=\"font-family: Arial, sans-serif;\"><o:p></o:p></span></p>','<p class=\"MsoNormal\"><span lang=\"EN-ID\" style=\"font-family: Arial, sans-serif;\">Terjadi kerusakan <i>water\r\nmeter</i> IPA-Buaran 2 (PT. Aetra) pada tanggal 8 Juli 2019, transmiter pada <i>water\r\nmeter</i> IPA-Buaran 2 sudah berumur lama</span><span lang=\"IN\" style=\"font-family: Arial, sans-serif;\"><o:p></o:p></span></p>','<p class=\"MsoNormal\" style=\"margin-left:10.35pt;text-align:justify;text-indent:\r\n-10.35pt;mso-list:l0 level1 lfo1;tab-stops:list 10.35pt\"><!--[if !supportLists]--><span style=\"font-family: &quot;Times New Roman&quot;, serif;\">-<span style=\"font-variant-numeric: normal; font-variant-east-asian: normal; font-stretch: normal; font-size: 7pt; line-height: normal; font-family: &quot;Times New Roman&quot;;\">&nbsp;&nbsp;&nbsp;&nbsp; </span></span><!--[endif]--><span lang=\"EN-ID\" style=\"font-family: Arial, sans-serif;\">Diusulkan dalam RKAP 2020 untuk penggantian <i>water\r\nmeter</i> IPA-Buaran</span><span style=\"font-family: Arial, sans-serif;\"><o:p></o:p></span></p>\r\n\r\n<p class=\"MsoNormal\" style=\"margin-left:10.35pt;text-align:justify;text-indent:\r\n-10.35pt;mso-list:l0 level1 lfo1;tab-stops:list 10.35pt\"><!--[if !supportLists]--><span style=\"font-family: &quot;Times New Roman&quot;, serif;\">-<span style=\"font-variant-numeric: normal; font-variant-east-asian: normal; font-stretch: normal; font-size: 7pt; line-height: normal; font-family: &quot;Times New Roman&quot;;\">&nbsp;&nbsp;&nbsp;&nbsp; </span></span><!--[endif]--><span style=\"font-family: Arial, sans-serif;\">Untuk\r\npencatatan pengambilan air baku, sementara menggunakan <i>water meter clamp on</i>\r\nmilik PT. Aetra<o:p></o:p></span></p>','<p class=\"MsoNormal\" align=\"center\" style=\"text-align: left;\"><span lang=\"IN\" style=\"font-family: Arial, sans-serif;\">Tahun 20</span><span lang=\"EN-ID\" style=\"font-family: Arial, sans-serif;\">20</span><span lang=\"IN\" style=\"font-family: Arial, sans-serif;\"><o:p></o:p></span></p>','<p class=\"MsoNormal\"><span lang=\"IN\" style=\"font-family: Arial, sans-serif;\">GM Wilayah I</span><span lang=\"EN-ID\" style=\"font-family: Arial, sans-serif;\"> dan Div. SDA-SDL</span><span style=\"font-family: Arial, sans-serif;\"><o:p></o:p></span></p>',NULL,NULL,NULL,2,10,1,1,0,0,'2019-12-19 09:12:29','2020-01-08 09:09:08'),(33,'<p class=\"MsoNormal\" style=\"text-align:justify\"><span lang=\"IN\" style=\"font-family: Arial, sans-serif;\">Terjadi\r\nkerusakan pada Bangunan Talang SS. Bulak Mangga Antara B.Ma. 7 – 8</span><span style=\"font-family: Arial, sans-serif;\"><o:p></o:p></span></p>','<p class=\"MsoNormal\"><span lang=\"IN\" style=\"font-family: Arial, sans-serif;\">Karena adanya pergeseran\r\npada abutment talang sehingga menyebabkan&nbsp;\r\nambruknya segment udik talang<o:p></o:p></span></p>','<p class=\"MsoNormal\" style=\"margin-left:10.35pt;text-align:justify;text-indent:\r\n-10.35pt;mso-list:l0 level1 lfo1;tab-stops:list 10.35pt\"><!--[if !supportLists]--><span style=\"font-family: &quot;Times New Roman&quot;, serif;\">-<span style=\"font-variant-numeric: normal; font-variant-east-asian: normal; font-stretch: normal; font-size: 7pt; line-height: normal; font-family: &quot;Times New Roman&quot;;\">&nbsp;&nbsp;&nbsp;&nbsp; </span></span><!--[endif]--><span lang=\"IN\" style=\"font-family: Arial, sans-serif;\">Sudah dilaksanakan pekerjaan perkuatan dan perbaikan\r\ntalang sebelah selatan dan&nbsp; sebelah utara\r\npada RKT I 2019</span><span style=\"font-family: Arial, sans-serif;\"><o:p></o:p></span></p>\r\n\r\n<p class=\"MsoNormal\" style=\"margin-left:10.35pt;text-align:justify;text-indent:\r\n-10.35pt;mso-list:l0 level1 lfo1;tab-stops:list 10.35pt\"><!--[if !supportLists]--><span style=\"font-family: &quot;Times New Roman&quot;, serif;\">-<span style=\"font-variant-numeric: normal; font-variant-east-asian: normal; font-stretch: normal; font-size: 7pt; line-height: normal; font-family: &quot;Times New Roman&quot;;\">&nbsp;&nbsp;&nbsp;&nbsp; </span></span><!--[endif]--><span lang=\"EN-ID\" style=\"font-family: Arial, sans-serif;\">Perbaikan permanen sedang dilaksanakan oleh BBWS\r\nCitarum</span><span style=\"font-family: Arial, sans-serif;\"><o:p></o:p></span></p>','<p class=\"MsoNormal\" align=\"center\" style=\"text-align: left;\"><span lang=\"EN-ID\" style=\"font-family: Arial, sans-serif;\">Akhir tahun</span><span lang=\"IN\" style=\"font-family: Arial, sans-serif;\"> 2019<o:p></o:p></span></p>','<p class=\"MsoNormal\"><span lang=\"IN\" style=\"font-family: Arial, sans-serif;\">GM Wilayah I</span><span lang=\"EN-ID\" style=\"font-family: Arial, sans-serif;\"> dan BBWSC</span><span lang=\"IN\" style=\"font-family: Arial, sans-serif;\"><o:p></o:p></span></p>',NULL,NULL,NULL,2,10,1,1,0,0,'2019-12-19 09:21:38','2020-01-08 09:09:08'),(34,'<p class=\"MsoNormal\" style=\"text-align:justify\"><span lang=\"IN\" style=\"font-family: Arial, sans-serif;\">Pasok\r\nair irigasi DI Cipamingkis kurang<o:p></o:p></span></p>','<p class=\"MsoNormal\" style=\"text-align:justify\"><span style=\"font-family: Arial, sans-serif;\">Kerusakan pada Bendung Cipamingkis</span><span lang=\"IN\" style=\"font-family: Arial, sans-serif;\"> dan sering jebolnya bendung darurat pada saat debit\r\nbesar atau banjir<o:p></o:p></span></p>','<p class=\"MsoNormal\" style=\"margin-left:10.35pt;text-align:justify;text-indent:\r\n-10.35pt;mso-list:l0 level1 lfo1;tab-stops:list 10.35pt\"><!--[if !supportLists]--><span style=\"font-family: &quot;Times New Roman&quot;, serif;\">-<span style=\"font-variant-numeric: normal; font-variant-east-asian: normal; font-stretch: normal; font-size: 7pt; line-height: normal; font-family: &quot;Times New Roman&quot;;\">&nbsp;&nbsp;&nbsp;&nbsp; </span></span><!--[endif]--><span style=\"font-family: Arial, sans-serif;\">Sudah\r\ndibuatkan Bendung darurat ( ± 400 meter ) dari Bendung yang rusak, dan\r\ndibuatkan saluran (sodetan) ke intake SI. Cibarusah<o:p></o:p></span></p>\r\n\r\n<p class=\"MsoNormal\" style=\"margin-left:10.35pt;text-align:justify;text-indent:\r\n-10.35pt;mso-list:l0 level1 lfo1;tab-stops:list 10.35pt\"><!--[if !supportLists]--><span style=\"font-family: &quot;Times New Roman&quot;, serif;\">-<span style=\"font-variant-numeric: normal; font-variant-east-asian: normal; font-stretch: normal; font-size: 7pt; line-height: normal; font-family: &quot;Times New Roman&quot;;\">&nbsp;&nbsp;&nbsp;&nbsp; </span></span><!--[endif]--><span style=\"font-family: Arial, sans-serif;\">Membuat\r\nsaluran suplesi dari air dengan membuat Bendung darurat sungai alam Cihieum\r\nsaluran pembawanya ke SS. Mengker<o:p></o:p></span></p>','<p class=\"MsoNormal\" align=\"center\" style=\"text-align: left;\"><span lang=\"EN-ID\" style=\"font-family: Arial, sans-serif;\">Tahun</span><span lang=\"IN\" style=\"font-family: Arial, sans-serif;\"> 2019<o:p></o:p></span></p>','<p class=\"MsoNormal\"><span lang=\"IN\" style=\"font-family: Arial, sans-serif;\">GM Wilayah I</span><span style=\"font-family: Arial, sans-serif;\"><o:p></o:p></span></p>',NULL,NULL,NULL,2,10,1,1,0,0,'2019-12-19 09:22:39','2020-01-08 09:09:08'),(35,'<p class=\"MsoNormal\" style=\"text-align:justify\"><span style=\"font-family: Arial, sans-serif;\">Kewenangan melakukan evaluasi DED belum jelas\r\nsesuai PRD-22/DIR/07/2019 dan SOTK<o:p></o:p></span></p>','<p class=\"MsoNormal\" style=\"text-align:justify\"><span style=\"font-family: Arial, sans-serif;\">Unit kerja tidak mempunyai kewenangan untuk\r\nmelakukan evaluasi DED untuk pekerjaan konstruksi mengacu PRD-22/DIR/07/2019\r\ntentang pedoman pengadaan barang/jasa, sedangkan pada SOTK kewenangan tersebut\r\nmasih muncul</span><span lang=\"IN\" style=\"font-family: Arial, sans-serif;\"><o:p></o:p></span></p>','<p class=\"MsoNormal\" style=\"text-align:justify\"><span style=\"font-family: Arial, sans-serif;\">Koordinasi bersama Divisi SDAL terkait\r\nkewenangan evaluasi tersebut&nbsp;<o:p></o:p></span></p>','<p class=\"MsoNormal\" align=\"center\" style=\"text-align: left;\"><span style=\"font-family: Arial, sans-serif;\">Oktober\r\n2019<o:p></o:p></span></p>','<p class=\"MsoNormal\"><span style=\"font-family: Arial, sans-serif;\">GM Wilayah II<o:p></o:p></span></p>',NULL,NULL,NULL,2,10,1,0,0,0,'2019-12-19 09:23:36','2020-01-08 09:09:08'),(36,'<p class=\"MsoNormal\"><span style=\"font-family: Arial, sans-serif;\">Adanya permintaan dari BBWS Citarum yang membutuhkan\r\nnarasi tambahan atas N</span><span lang=\"IN\" style=\"font-family: Arial, sans-serif;\">eraca Ketersediaan Air\r\n(NKA)</span><span style=\"font-family: Arial, sans-serif;\"> yang&nbsp; dikeluarkan oleh Jasa Tirta\r\nII</span><span lang=\"IN\" style=\"font-family: Arial, sans-serif;\"><o:p></o:p></span></p>','<p class=\"MsoNormal\"><span style=\"font-family: Arial, sans-serif;\">Dalam NKA yang dikeluarkan</span><span lang=\"IN\" style=\"font-family: Arial, sans-serif;\"> Jasa Tirta II </span><span style=\"font-family: Arial, sans-serif;\">(Divisi </span><span lang=\"IN\" style=\"font-family: Arial, sans-serif;\">P</span><span style=\"font-family: Arial, sans-serif;\">SDA/SDL) tidak ada keterangan terkait\r\nskematik diagram pengambilan air dan tidak ada alokasi air/water balance\r\nsetelah diambil oleh pemohon</span><span lang=\"IN\" style=\"font-family: Arial, sans-serif;\"><o:p></o:p></span></p>','<p class=\"MsoNormal\"><span style=\"font-family: Arial, sans-serif;\">Koordinasi dengan Divisi </span><span lang=\"IN\" style=\"font-family: Arial, sans-serif;\">P</span><span style=\"font-family: Arial, sans-serif;\">SDA/SDL untuk melengkapi data / keterangan\r\nyang diperlukan dalam setiap NKA yang dikeluarkan<o:p></o:p></span></p>','<p class=\"MsoNormal\" align=\"center\" style=\"text-align:center\"><span style=\"font-family: Arial, sans-serif;\">RKT IV\r\n2019</span><span lang=\"IN\" style=\"font-family: Arial, sans-serif;\"><o:p></o:p></span></p>\r\n\r\n<p class=\"MsoNormal\"><span lang=\"IN\" style=\"font-family: Arial, sans-serif;\"><o:p>&nbsp;</o:p></span></p>','<p class=\"MsoNormal\"><span style=\"font-family: Arial, sans-serif;\">Kadiv PSDA/L<o:p></o:p></span></p>',NULL,NULL,NULL,2,10,1,1,0,0,'2019-12-19 09:24:49','2020-01-08 09:09:08'),(37,'<p class=\"MsoNormal\"><span style=\"font-family: Arial, sans-serif;\">Rencana aksi </span><span lang=\"IN\" style=\"font-family: Arial, sans-serif;\">Jasa\r\nTirta </span><span style=\"font-family: Arial, sans-serif;\">II yang menargetkan penertiban sebanyak 5000 petak K</span><span lang=\"IN\" style=\"font-family: Arial, sans-serif;\">eramba Jaring Apung (KJA)</span><span style=\"font-family: Arial, sans-serif;\"> di tahun 2019 terkendala\r\nperencanaan program dan penganggaran<o:p></o:p></span></p>','<p class=\"MsoNormal\"><span lang=\"IN\" style=\"font-family: Arial, sans-serif;\">belum ada pembagian\r\ntugas kewenangan secara detail dalam program Citarum Harum sementara alokasi\r\nanggaran terdapat di Divisi PSDA/SDL<o:p></o:p></span></p>','<p class=\"MsoNormal\"><span style=\"font-family: Arial, sans-serif;\">Manajemen dapat memfasilitasi program Citarum Harum yang\r\nanggarannya ada di </span><span lang=\"IN\" style=\"font-family: Arial, sans-serif;\">Divisi P</span><span style=\"font-family: Arial, sans-serif;\">SDA/</span><span lang=\"IN\" style=\"font-family: Arial, sans-serif;\">SDL</span><span style=\"font-family: Arial, sans-serif;\"> untuk merealisasikan rencana target\r\npenertiban tahun 2019 sebanyak 5000 petak KJA<o:p></o:p></span></p>','<p class=\"MsoNormal\" align=\"center\" style=\"text-align: left;\"><span style=\"font-family: Arial, sans-serif;\">RKT IV\r\n2019<o:p></o:p></span></p>','<p class=\"MsoNormal\"><span style=\"font-family: Arial, sans-serif;\">Kadiv PSDA/L<o:p></o:p></span></p>',NULL,NULL,NULL,2,10,1,1,0,0,'2019-12-19 09:26:34','2020-01-08 09:09:08'),(38,'<p class=\"MsoNormal\" style=\"text-align:justify\"><span style=\"font-family: Arial, sans-serif;\">Matriks RACI Program Citarum Harum 2020-2024<o:p></o:p></span></p>','<p class=\"MsoNormal\" style=\"text-align:justify\"><span style=\"font-family: Arial, sans-serif;\">Perlunya pembagian tugas yang jelas dalam\r\nsetiap kegiatan program Citarum Harum</span><span lang=\"IN\" style=\"font-family: Arial, sans-serif;\"><o:p></o:p></span></p>','<p class=\"MsoNormal\"><span style=\"font-family: Arial, sans-serif;\">Finalisasi matriks RACI<o:p></o:p></span></p>','<p class=\"MsoNormal\" align=\"center\" style=\"text-align: left;\"><span style=\"font-family: Arial, sans-serif;\">Minggu\r\nII Oktober 2019</span><span lang=\"IN\" style=\"font-family: Arial, sans-serif;\"><o:p></o:p></span></p>','<p class=\"MsoNormal\" style=\"text-align:justify\"><span style=\"font-family: Arial, sans-serif;\">Divisi PSDA/L<o:p></o:p></span></p>',NULL,NULL,NULL,2,11,1,1,0,0,'2019-12-19 09:27:21','2020-01-08 09:09:08'),(39,'<p class=\"MsoNoSpacing\" style=\"text-align:justify\"><span style=\"font-family: Arial, sans-serif;\">H</span><span lang=\"IN\" style=\"font-family: Arial, sans-serif;\">asil\r\naudit </span><span style=\"font-family: Arial, sans-serif;\">yang belum sesuai rekomendasi </span><span lang=\"IN\" style=\"font-family: Arial, sans-serif;\">: <o:p></o:p></span></p>\r\n\r\n<p class=\"MsoNormal\"><span style=\"font-family: Arial, sans-serif;\"><o:p>&nbsp;</o:p></span><span style=\"text-align: justify; text-indent: -13.5pt; font-family: Wingdings;\">§<span style=\"font-variant-numeric: normal; font-variant-east-asian: normal; font-stretch: normal; font-size: 7pt; line-height: normal; font-family: &quot;Times New Roman&quot;;\">&nbsp; </span></span><span lang=\"IN\" style=\"text-align: justify; text-indent: -13.5pt; font-family: Arial, sans-serif;\">Terdapat </span><span style=\"text-align: justify; text-indent: -13.5pt; font-family: Arial, sans-serif;\">4 temuan BPK RI Tahun 2015 dan 13 temuan BPK RI\r\nTahun 2018 yang belum sesuai dengan rekomendasi.</span></p>\r\n\r\n<p class=\"MsoListParagraphCxSpMiddle\" style=\"margin-left:13.7pt;mso-add-space:\r\nauto;text-align:justify;text-indent:-13.5pt;mso-list:l0 level1 lfo1\"><!--[if !supportLists]--><span style=\"font-family: Wingdings;\">§<span style=\"font-variant-numeric: normal; font-variant-east-asian: normal; font-stretch: normal; font-size: 7pt; line-height: normal; font-family: &quot;Times New Roman&quot;;\">&nbsp; </span></span><!--[endif]--><span lang=\"IN\" style=\"font-family: Arial, sans-serif;\">Terdapat </span><span style=\"font-family: Arial, sans-serif;\">4 temuan KAP Tahun 2015 dan 8 temuan Manajemen\r\nLetter KAP Tahun 2018 yang belum sesuai dengan rekomendasi.<o:p></o:p></span></p>\r\n\r\n<p class=\"MsoListParagraphCxSpLast\" style=\"margin-left:13.7pt;mso-add-space:auto;\r\ntext-indent:-13.5pt;mso-list:l0 level1 lfo1\"><!--[if !supportLists]--><span style=\"font-family: Wingdings;\">§<span style=\"font-variant-numeric: normal; font-variant-east-asian: normal; font-stretch: normal; font-size: 7pt; line-height: normal; font-family: &quot;Times New Roman&quot;;\">&nbsp; </span></span><!--[endif]--><span style=\"font-family: Arial, sans-serif;\">Terdapat 1 temuan SPI Tahun 2016 , 4 temuan tahun\r\n2017 dan 2 temuan Semester I tahun&nbsp; 2018.</span><span style=\"font-family: Arial, sans-serif;\"><o:p></o:p></span></p>','<p class=\"MsoListParagraphCxSpFirst\" style=\"margin-left:11.95pt;mso-add-space:\r\nauto;text-indent:-13.5pt;mso-list:l0 level1 lfo1\"><!--[if !supportLists]--><span style=\"font-family: Wingdings;\">§<span style=\"font-variant-numeric: normal; font-variant-east-asian: normal; font-stretch: normal; font-size: 7pt; line-height: normal; font-family: &quot;Times New Roman&quot;;\">&nbsp; </span></span><!--[endif]--><span lang=\"IN\" style=\"font-family: Arial, sans-serif;\">Penyelesaian </span><span style=\"font-family: Arial, sans-serif;\">tindak lanjut rekomendasi </span><span lang=\"IN\" style=\"font-family: Arial, sans-serif;\">terkait dengan pihak eksternal</span><span style=\"font-family: Arial, sans-serif;\"><o:p></o:p></span></p>\r\n\r\n<p class=\"MsoListParagraphCxSpLast\" style=\"margin-left:11.95pt;mso-add-space:\r\nauto;text-indent:-13.5pt;mso-list:l0 level1 lfo1\"><!--[if !supportLists]--><span style=\"font-family: Wingdings;\">§<span style=\"font-variant-numeric: normal; font-variant-east-asian: normal; font-stretch: normal; font-size: 7pt; line-height: normal; font-family: &quot;Times New Roman&quot;;\">&nbsp; </span></span><!--[endif]--><span style=\"font-family: Arial, sans-serif;\">Tindaklanjut\r\nrekomendasi temuan memerlukan waktu penyelesaian (dalam proses)<o:p></o:p></span></p>','<p class=\"MsoNormal\"><span lang=\"IN\" style=\"font-family: Arial, sans-serif;\">Monitoring dan Evaluasi </span><span style=\"font-family: Arial, sans-serif;\">tindak\r\nlanjut rekomendasi temuan per 2 minggu<o:p></o:p></span></p>','<p class=\"MsoNormal\" align=\"center\" style=\"text-align: left;\"><span style=\"font-family: Arial, sans-serif;\">Oktober\r\n</span><span lang=\"IN\" style=\"font-family: Arial, sans-serif;\">201</span><span style=\"font-family: Arial, sans-serif;\">9<o:p></o:p></span></p>','<p class=\"MsoNormal\"><span lang=\"IN\" style=\"font-family: Arial, sans-serif;\">Kepala SPI</span><span style=\"font-family: Arial, sans-serif;\"> dan\r\nKepala Unit Kerja terkait<o:p></o:p></span></p>',NULL,NULL,NULL,2,12,1,0,0,0,'2019-12-19 09:28:23','2020-01-08 09:09:08'),(40,'<p class=\"MsoNormal\"><span lang=\"FI\" style=\"font-family: Arial, sans-serif;\">Tindaklanjut Temuan Surveillance Visit I ISO 9001 : 2015</span><span style=\"font-family: Arial, sans-serif;\"><o:p></o:p></span></p>','<p class=\"MsoListParagraph\" style=\"margin-left:0in;mso-add-space:auto\"><span style=\"font-family: Arial, sans-serif;\">Adanya\r\ntemuan berupa 2 minor dan 16 observasi dari hasil survailen visit I yang perlu\r\nditindaklanjuti oleh auditee<o:p></o:p></span></p>','<p class=\"MsoListParagraphCxSpFirst\" style=\"margin-left:12.85pt;mso-add-space:\r\nauto;text-indent:-12.85pt;mso-list:l0 level1 lfo1;tab-stops:list 12.85pt\"><!--[if !supportLists]--><span style=\"font-family: Wingdings;\">§<span style=\"font-variant-numeric: normal; font-variant-east-asian: normal; font-stretch: normal; font-size: 7pt; line-height: normal; font-family: &quot;Times New Roman&quot;;\">&nbsp; </span></span><!--[endif]--><span style=\"font-family: Arial, sans-serif;\">Koordinasi\r\ndengan unit kerja terkait untuk menindaklanjuti temuan tersebut<o:p></o:p></span></p>\r\n\r\n<p class=\"MsoListParagraphCxSpMiddle\" style=\"margin-left:12.85pt;mso-add-space:\r\nauto;text-indent:-12.85pt;mso-list:l0 level1 lfo1;tab-stops:list 12.85pt\"><!--[if !supportLists]--><span style=\"font-family: Wingdings;\">§<span style=\"font-variant-numeric: normal; font-variant-east-asian: normal; font-stretch: normal; font-size: 7pt; line-height: normal; font-family: &quot;Times New Roman&quot;;\">&nbsp; </span></span><!--[endif]--><span style=\"font-family: Arial, sans-serif;\">Koordinasi\r\ndengan IKRCS terkait laporan tindaklanjut temuan survailen visit I<o:p></o:p></span></p>\r\n\r\n<p class=\"MsoListParagraphCxSpLast\" style=\"margin-left:12.85pt;mso-add-space:\r\nauto;text-indent:-12.85pt;mso-list:l0 level1 lfo1;tab-stops:list 12.85pt\"><!--[if !supportLists]--><span style=\"font-family: Wingdings;\">§<span style=\"font-variant-numeric: normal; font-variant-east-asian: normal; font-stretch: normal; font-size: 7pt; line-height: normal; font-family: &quot;Times New Roman&quot;;\">&nbsp; </span></span><!--[endif]--><span style=\"font-family: Arial, sans-serif;\">Penyampaian\r\nlaporan berkala kepada Direksi selaku manajemen puncak terkait progress\r\ntindaklanjut temuan dari unit kerja terkait<o:p></o:p></span></p>','<p class=\"MsoNormal\"><span style=\"font-family: Arial, sans-serif;\">Oktober</span><span lang=\"IN\" style=\"font-family: Arial, sans-serif;\"> 2019</span><span style=\"font-family: Arial, sans-serif;\"><o:p></o:p></span></p>','<p class=\"MsoNormal\"><span style=\"font-family: Arial, sans-serif;\">Kadiv PKSM<o:p></o:p></span></p>',NULL,NULL,NULL,2,12,1,1,0,0,'2019-12-19 09:29:00','2020-01-08 09:09:08'),(41,'<p class=\"MsoNoSpacing\" style=\"text-align:justify\"><span lang=\"FI\" style=\"font-family: Arial, sans-serif;\">Masih ada 70 Rekomendasi\r\nAssessment GCG Tahun 2018 Belum Ditindaklanjuti Oleh Pemilik Modal, Dewas dan\r\nDireksi</span><span lang=\"FI\" style=\"font-family: Arial, sans-serif;\"> </span><span style=\"font-family: Arial, sans-serif;\"><o:p></o:p></span></p>','<p class=\"MsoNormal\" style=\"text-align:justify\"><span lang=\"FI\" style=\"font-family: Arial, sans-serif;\">Implementasi\r\nproses bisnis Perusahaan belum sesuai dengan Peraturan Menteri BUMN Nomor 01\r\ntahun 2011 dan Surat Keputusan Menteri BUMN Nomor 16 tahun 2012</span><span style=\"font-family: Arial, sans-serif;\"><o:p></o:p></span></p>','<p class=\"MsoListParagraphCxSpFirst\" style=\"margin-left:8.35pt;mso-add-space:\r\nauto;text-indent:-9.0pt;mso-list:l0 level1 lfo1;tab-stops:list 8.35pt\"><!--[if !supportLists]--><span style=\"font-family: Symbol;\">·<span style=\"font-variant-numeric: normal; font-variant-east-asian: normal; font-stretch: normal; font-size: 7pt; line-height: normal; font-family: &quot;Times New Roman&quot;;\">&nbsp;&nbsp; </span></span><!--[endif]--><span style=\"font-family: Arial, sans-serif;\">Revisi\r\nPedoman-Pedoman GCG<o:p></o:p></span></p>\r\n\r\n<p class=\"MsoListParagraphCxSpMiddle\" style=\"margin-left:8.35pt;mso-add-space:\r\nauto;text-indent:-9.0pt;mso-list:l0 level1 lfo1;tab-stops:list 8.35pt\"><!--[if !supportLists]--><span style=\"font-family: Symbol;\">·<span style=\"font-variant-numeric: normal; font-variant-east-asian: normal; font-stretch: normal; font-size: 7pt; line-height: normal; font-family: &quot;Times New Roman&quot;;\">&nbsp;&nbsp; </span></span><!--[endif]--><span style=\"font-family: Arial, sans-serif;\">Monitoring\r\ndan evaluasi hasil assessment GCG.<o:p></o:p></span></p>\r\n\r\n<p class=\"MsoListParagraphCxSpMiddle\" style=\"margin-left:8.35pt;mso-add-space:\r\nauto;text-indent:-9.0pt;mso-list:l0 level1 lfo1;tab-stops:list 8.35pt\"><!--[if !supportLists]--><span style=\"font-family: Symbol;\">·<span style=\"font-variant-numeric: normal; font-variant-east-asian: normal; font-stretch: normal; font-size: 7pt; line-height: normal; font-family: &quot;Times New Roman&quot;;\">&nbsp;&nbsp; </span></span><!--[endif]--><span style=\"font-family: Arial, sans-serif;\">Melaksanakan\r\nhasil rekomendasi hasil assessment GCG<o:p></o:p></span></p>\r\n\r\n<p class=\"MsoListParagraphCxSpMiddle\" style=\"margin-left:8.35pt;mso-add-space:\r\nauto;text-indent:-9.0pt;mso-list:l0 level1 lfo1;tab-stops:list 8.35pt\"><!--[if !supportLists]--><span style=\"font-family: Symbol;\">·<span style=\"font-variant-numeric: normal; font-variant-east-asian: normal; font-stretch: normal; font-size: 7pt; line-height: normal; font-family: &quot;Times New Roman&quot;;\">&nbsp;&nbsp; </span></span><!--[endif]--><span style=\"font-family: Arial, sans-serif;\">Sosialisasi\r\nGCG<o:p></o:p></span></p>\r\n\r\n<p class=\"MsoListParagraphCxSpLast\" style=\"margin-left:8.35pt;mso-add-space:auto;\r\ntext-indent:-9.0pt;mso-list:l0 level1 lfo1;tab-stops:list 8.35pt\"><!--[if !supportLists]--><span style=\"font-family: Symbol;\">·<span style=\"font-variant-numeric: normal; font-variant-east-asian: normal; font-stretch: normal; font-size: 7pt; line-height: normal; font-family: &quot;Times New Roman&quot;;\">&nbsp;&nbsp; </span></span><!--[endif]--><span style=\"font-family: Arial, sans-serif;\">Komitmen\r\nInsan Perusahaan Terhadap Implementasi GCG<o:p></o:p></span></p>','<p class=\"MsoNormal\"><span style=\"font-family: Arial, sans-serif;\">RKT IV 2019<o:p></o:p></span></p>','<p class=\"MsoNormal\"><span style=\"font-family: Arial, sans-serif;\">Kadiv PKSM<o:p></o:p></span></p>',NULL,NULL,NULL,2,12,1,1,0,0,'2019-12-19 09:29:55','2020-01-08 09:09:08'),(42,'<p class=\"MsoNoSpacing\" style=\"text-align:justify\"><i><span lang=\"FI\" style=\"font-family: Arial, sans-serif;\">Peer Review Riber Basin\r\nOrganization Performance Benchmarking </span></i><span lang=\"FI\" style=\"font-family: Arial, sans-serif;\">oleh Kementerian PUPR/BBWS\r\nBelum Dapat Dilaksanakan pada RKAP 2019</span><span lang=\"IN\" style=\"font-family: Arial, sans-serif;\"><o:p></o:p></span></p>','<p class=\"MsoNormal\"><span style=\"font-family: Arial, sans-serif; letter-spacing: 0.05pt;\">Pembuatan sertifikat masih dalam\r\nproses</span><span style=\"font-family: Arial, sans-serif;\"><o:p></o:p></span></p>','<p class=\"MsoListParagraphCxSpFirst\" style=\"margin-left:8.35pt;mso-add-space:\r\nauto;text-indent:-9.0pt;mso-list:l0 level1 lfo1\"><!--[if !supportLists]--><span style=\"font-family: Arial, sans-serif;\">-<span style=\"font-variant-numeric: normal; font-variant-east-asian: normal; font-stretch: normal; font-size: 7pt; line-height: normal; font-family: &quot;Times New Roman&quot;;\">&nbsp;&nbsp;\r\n</span></span><!--[endif]--><i><span style=\"font-family: Arial, sans-serif;\">Self\r\nAssessment RBO-PB<o:p></o:p></span></i></p>\r\n\r\n<p class=\"MsoListParagraphCxSpMiddle\" style=\"margin-left:8.35pt;mso-add-space:\r\nauto;text-indent:-9.0pt;mso-list:l0 level1 lfo1\"><!--[if !supportLists]--><span style=\"font-family: Arial, sans-serif;\">-<span style=\"font-variant-numeric: normal; font-variant-east-asian: normal; font-stretch: normal; font-size: 7pt; line-height: normal; font-family: &quot;Times New Roman&quot;;\">&nbsp;&nbsp;\r\n</span></span><!--[endif]--><span style=\"font-family: Arial, sans-serif;\">Monitoring dan evaluasi hasil<i> assessment RBO-PB </i>Tahun 2018<i><o:p></o:p></i></span></p>\r\n\r\n<p class=\"MsoListParagraphCxSpLast\" style=\"margin-left:8.35pt;mso-add-space:auto;\r\ntext-indent:-9.0pt;mso-list:l0 level1 lfo1\"><!--[if !supportLists]--><span style=\"font-family: Arial, sans-serif;\">-<span style=\"font-variant-numeric: normal; font-variant-east-asian: normal; font-stretch: normal; font-size: 7pt; line-height: normal; font-family: &quot;Times New Roman&quot;;\">&nbsp;&nbsp;\r\n</span></span><!--[endif]--><span style=\"font-family: Arial, sans-serif;\">Memperbaiki Hasil <i>Assessment RBO-PB</i> Tahun 2018 terhadap indicator-inikator penilaian\r\nyang belum mencapai nilai maksimal, yaitu ; Pengembangan SDM, Pengembangan\r\nTeknik, Daya Rusak Air dan Tingkat Pemulihan Biaya<i><o:p></o:p></i></span></p>','<p class=\"MsoNormal\" align=\"center\" style=\"text-align: left;\"><span style=\"font-family: Arial, sans-serif;\">RKT I\r\nRKAP 2020<o:p></o:p></span></p>','<p class=\"MsoNormal\"><span style=\"font-family: Arial, sans-serif;\">Kadiv PKSM<o:p></o:p></span></p>',NULL,NULL,NULL,2,12,1,1,0,0,'2019-12-19 09:30:40','2020-01-08 09:09:08'),(43,'<p class=\"MsoNormal\" style=\"text-align:justify\"><span style=\"font-family: Arial, sans-serif;\">Proses assessment re-sertifikasi Laboratorium\r\nKualitas Air ISO/IEC 17025: 2017 tidak dapat dilanjutkan<o:p></o:p></span></p>','<p class=\"MsoNormal\" style=\"text-align:justify\"><span style=\"font-family: Arial, sans-serif;\">Terdapat kekurangan persyaratan dokumen dalam\r\naudit kecukupan mengacu kepada Persyaratan Khusus Laboratorium Pengujian\r\n(KAN-01) yaitu legalitas laboratorium sesuai yaitu Nomor Induk Berusaha (NIB)\r\ndengan Nomor Klasifikasi Bidang Usaha (KBLI) 71202 khusus laboratorium\r\npengujian<o:p></o:p></span></p>','<p class=\"MsoNormal\" style=\"text-align:justify\"><span style=\"font-family: Arial, sans-serif;\">Melakukan koordinasi dengan Divisi P3 untuk\r\nmendaftarkan NIB untuk Laboratorium dengan No. KBLI 71202<o:p></o:p></span></p>','<p class=\"MsoNormal\" align=\"center\" style=\"text-align: left;\"><span style=\"font-family: Arial, sans-serif;\">s.d\r\nOktober 2019<o:p></o:p></span></p>','<p class=\"MsoNormal\"><span style=\"font-family: Arial, sans-serif;\">Divisi P3 dan GM Wilayah II<o:p></o:p></span></p>',NULL,NULL,NULL,2,12,1,1,0,0,'2019-12-19 09:31:28','2020-01-08 09:09:08'),(44,'<p class=\"MsoNormal\"><span style=\"font-family: Arial, sans-serif;\">Belum adanya Manajer Proyek\r\ndefinitif<o:p></o:p></span></p>','<p class=\"MsoNormal\"><span style=\"font-family: Arial, sans-serif;\">Belum adanya penetapan Manajer Proyek<o:p></o:p></span></p>','<p class=\"MsoNormal\"><span style=\"font-family: Arial, sans-serif;\">Mengajukan permohonan personil yang akan ditugaskan dalam\r\nTim Manajemen Proyek (TMP) ke Unit Kerja Terkait dan selanjutnya akan diusulkan\r\nke Direksi<o:p></o:p></span></p>','<p class=\"MsoNormal\" align=\"center\" style=\"text-align: left;\"><span style=\"font-family: Arial, sans-serif;\">Oktober\r\n2019<o:p></o:p></span></p>','<p class=\"MsoNormal\"><span style=\"font-family: Arial, sans-serif;\">Divisi</span><span lang=\"IN\" style=\"font-family: Arial, sans-serif;\"> Pengelolaan Proyek </span><span style=\"font-family: Arial, sans-serif;\">&amp;\r\nUnit Kerja</span><span lang=\"IN\" style=\"font-family: Arial, sans-serif;\">Terkait</span><span style=\"font-family: Arial, sans-serif;\"><o:p></o:p></span></p>',NULL,NULL,NULL,3,14,1,1,0,0,'2019-12-19 09:33:56','2020-01-08 09:09:08'),(45,'<p class=\"MsoNormal\"><span style=\"font-family: Arial, sans-serif;\">Kompetensi SDM<o:p></o:p></span></p>','<p class=\"MsoNormal\"><span style=\"font-family: Arial, sans-serif;\">Pelatihan dan Sertifikasi SDM\r\nbelum terlaksana</span><span style=\"font-family: Arial, sans-serif;\"><o:p></o:p></span></p>','<p class=\"MsoNormal\"><span style=\"font-family: Arial, sans-serif;\">Usulan Pelatihan dan Sertifikasi sudah di usulkan ke\r\nDivisi Terkait<o:p></o:p></span></p>','<p class=\"MsoNormal\" align=\"center\" style=\"text-align:center\"><span style=\"font-family: Arial, sans-serif;\">RKT I 2020</span><span style=\"font-family: Arial, sans-serif;\"><o:p></o:p></span></p>','<p class=\"MsoNormal\"><span lang=\"FI\" style=\"font-family: Arial, sans-serif;\">ULP &amp; Div SDM</span><span style=\"font-family: Arial, sans-serif;\"><o:p></o:p></span></p>',NULL,NULL,NULL,3,14,1,1,0,0,'2019-12-19 09:34:50','2020-01-08 09:09:08'),(46,'<p class=\"MsoNormal\" style=\"text-align:justify\"><span style=\"font-family: Arial, sans-serif;\">Pengadaan Jasa\r\nTenaga Kerja <i>Outsourcing</i> Tahun 2020 :<o:p></o:p></span></p>\r\n\r\n<p class=\"MsoListParagraphCxSpFirst\" style=\"margin-left:10.35pt;mso-add-space:\r\nauto;text-indent:-10.2pt;mso-list:l0 level1 lfo1\"><!--[if !supportLists]--><span style=\"font-family: Arial, sans-serif;\">-<span style=\"font-variant-numeric: normal; font-variant-east-asian: normal; font-stretch: normal; font-size: 7pt; line-height: normal; font-family: &quot;Times New Roman&quot;;\">&nbsp;&nbsp;\r\n</span></span><!--[endif]--><span style=\"font-family: Arial, sans-serif;\">Bidang\r\nPengamanan<o:p></o:p></span></p>\r\n\r\n<p class=\"MsoListParagraphCxSpLast\" style=\"margin-left:10.35pt;mso-add-space:\r\nauto;text-indent:-10.2pt;mso-list:l0 level1 lfo1\"><!--[if !supportLists]--><span style=\"font-family: Arial, sans-serif;\">-<span style=\"font-variant-numeric: normal; font-variant-east-asian: normal; font-stretch: normal; font-size: 7pt; line-height: normal; font-family: &quot;Times New Roman&quot;;\">&nbsp;&nbsp;\r\n</span></span><!--[endif]--><span style=\"font-family: Arial, sans-serif;\">Bidang\r\nKebersihan &amp; Pengemudi<o:p></o:p></span></p>','<p class=\"MsoNormal\" style=\"margin-left:10.1pt;text-align:justify;text-indent:\r\n-13.5pt;mso-list:l0 level1 lfo1;tab-stops:list 10.1pt\"><!--[if !supportLists]--><span style=\"font-family: Arial, sans-serif;\">1.<span style=\"font-variant-numeric: normal; font-variant-east-asian: normal; font-stretch: normal; font-size: 7pt; line-height: normal; font-family: &quot;Times New Roman&quot;;\">&nbsp;\r\n</span></span><!--[endif]--><span lang=\"IN\" style=\"font-family: Arial, sans-serif;\">Masa Pelaksanaan\r\nPengadaan Jasa Tenaga Kerja <i>Outsourcing</i>\r\nTahun 2018 sd 2019 berakhir bulan Desembe</span><span style=\"font-family: Arial, sans-serif;\">r 2019<o:p></o:p></span></p>\r\n\r\n<p class=\"MsoNormal\" style=\"margin-left:10.1pt;text-align:justify;text-indent:\r\n-13.5pt;mso-list:l0 level1 lfo1;tab-stops:list 10.1pt\"><!--[if !supportLists]--><span style=\"font-family: Arial, sans-serif;\">2.<span style=\"font-variant-numeric: normal; font-variant-east-asian: normal; font-stretch: normal; font-size: 7pt; line-height: normal; font-family: &quot;Times New Roman&quot;;\">&nbsp;\r\n</span></span><!--[endif]--><span style=\"font-family: Arial, sans-serif;\">UMK Tenaga Kerja <i>Outsourcing</i> berbeda, sehingga berdampak pada program alih tugas\r\nkepada petugas dari satu wilayah ke wilayah lainnya<o:p></o:p></span></p>','<p class=\"MsoNormal\" style=\"margin-left:14.85pt;text-align:justify;text-indent:\r\n-14.85pt;mso-list:l0 level1 lfo1\"><!--[if !supportLists]--><span style=\"font-family: Arial, sans-serif;\">1.<span style=\"font-variant-numeric: normal; font-variant-east-asian: normal; font-stretch: normal; font-size: 7pt; line-height: normal; font-family: &quot;Times New Roman&quot;;\">&nbsp;&nbsp;\r\n</span></span><!--[endif]--><span lang=\"IN\" style=\"font-family: Arial, sans-serif;\">Akan dilakukan lelang tidak mengikat untuk kontrak pengadaan Jasa Tenaga\r\nKerja <i>Outsourcing</i> Tahun 2020 </span><span style=\"font-family: Arial, sans-serif;\"><o:p></o:p></span></p>\r\n\r\n<p class=\"MsoNormal\" style=\"margin-left:14.85pt;text-align:justify;text-indent:\r\n-14.85pt;mso-list:l0 level1 lfo1\"><!--[if !supportLists]--><span style=\"font-family: Arial, sans-serif;\">2.<span style=\"font-variant-numeric: normal; font-variant-east-asian: normal; font-stretch: normal; font-size: 7pt; line-height: normal; font-family: &quot;Times New Roman&quot;;\">&nbsp;&nbsp;\r\n</span></span><!--[endif]--><span style=\"font-family: Arial, sans-serif;\">Penetapan Upah\r\nTenaga Kerja <i>Outsourcing</i> terpusat berdasarkan\r\nUMK tertinggi di Wilayah Kerja PJT II<o:p></o:p></span></p>','<p class=\"MsoNormal\" align=\"center\" style=\"text-align: left;\"><span style=\"font-family: Arial, sans-serif;\">RKT IV 2019</span><span style=\"font-family: Arial, sans-serif;\"><o:p></o:p></span></p>','<p class=\"MsoNormal\"><span style=\"font-family: Arial, sans-serif;\">Divisi Umum &amp; PKBL</span><span style=\"font-family: Arial, sans-serif;\"><o:p></o:p></span></p>',NULL,NULL,NULL,3,14,1,1,0,0,'2019-12-19 09:35:39','2020-01-08 09:09:08'),(47,'<p class=\"MsoNormal\"><span style=\"font-family: Arial, sans-serif;\">Tenaga <i>Outsourcing</i> Pengamanan</span><u><span style=\"font-family: Arial, sans-serif;\"><o:p></o:p></span></u></p>','<p class=\"MsoNormal\" style=\"text-align:justify\"><span style=\"font-family: Arial, sans-serif;\">Jumlah T</span><span style=\"font-family: Arial, sans-serif;\" lang=\"IN\">enaga Outsourcing bidang </span><span style=\"font-family: Arial, sans-serif;\">pengamanan saat ini masih\r\nkurang, belum memenuhi&nbsp; kebutuhan ideal,\r\nsehingga berpengaruh terhadap jam operasional tenaga pengamanan dan belum memenuhi\r\nketentuan (UU No. 13 tahun 2013 tentang ketenagakerjaan)<o:p></o:p></span></p>','<p class=\"MsoNormal\" style=\"text-align:justify\"><span style=\"font-family: Arial, sans-serif;\">Mengusulkan kembali penambahan personil\r\ntenaga satpam yang dipekerjakan di Perum Jasa Tirta II pada RKAP Tahun 2020<o:p></o:p></span></p>','<p class=\"MsoNormal\" style=\"text-align:center\" align=\"center\"><span style=\"font-family: Arial, sans-serif;\">RKT IV 2019</span><span style=\"font-family: Arial, sans-serif;\"><o:p></o:p></span></p>','<p class=\"MsoNormal\"><span style=\"font-family: Arial, sans-serif;\">Divisi Umum &amp; PKBL</span><span style=\"font-family: Arial, sans-serif;\"><o:p></o:p></span></p>','<p> sudah ditindaklanjuti</p><p><br></p>','akan tindaklanjuti<br>','tindaklanjut',3,14,1,1,1,0,'2019-12-19 09:36:18','2020-01-08 09:09:08'),(48,'<p class=\"MsoNormal\"><span style=\"font-family: Arial, sans-serif;\">Proses pelaksanaan tugas operasional tidak optimal karena\r\nadanya rangkap tugas<o:p></o:p></span></p>','<p class=\"MsoNormal\"><span lang=\"EN-ID\" style=\"font-family: Arial, sans-serif;\">Adanya kekosongan\r\npejabat setingkat Supervisor dan Juru</span><span lang=\"IN\" style=\"font-family: Arial, sans-serif;\"> yang\r\n</span><span lang=\"EN-ID\" style=\"font-family: Arial, sans-serif;\">purnabakti serta adanya mutasi\r\nkaryawan</span><span style=\"font-family: Arial, sans-serif;\"><o:p></o:p></span></p>','<p class=\"MsoNormal\"><span lang=\"EN-ID\" style=\"font-family: Arial, sans-serif;\">Sudah diusulkan ke\r\nDivisi SDM</span><span style=\"font-family: Arial, sans-serif;\"><o:p></o:p></span></p>','<p class=\"MsoNormal\" align=\"center\" style=\"text-align: left;\"><span lang=\"IN\" style=\"font-family: Arial, sans-serif;\">Tahun 2019</span><span style=\"font-family: Arial, sans-serif;\"><o:p></o:p></span></p>','<p class=\"MsoNormal\"><span lang=\"IN\" style=\"font-family: Arial, sans-serif;\">GM Wilayah I</span><span lang=\"EN-ID\" style=\"font-family: Arial, sans-serif;\"> dan Divisi SDM</span><span style=\"font-family: Arial, sans-serif;\"><o:p></o:p></span></p>',NULL,NULL,NULL,3,14,1,1,0,0,'2019-12-19 09:37:19','2020-01-08 09:09:08'),(49,'<p class=\"MsoNormal\" style=\"text-align:justify\"><span style=\"font-family: Arial, sans-serif;\">Proses pelaksanaan tugas operasional tidak\r\noptimal karena adanya rangkap tugas, dan kompetensi SDM yang kurang memadai<o:p></o:p></span></p>','<p class=\"MsoNormal\"><span style=\"font-family: Arial, sans-serif;\">Adanya kekosongan pejabat setingkat Supervisor dan Juru\r\nyang purnabakti serta adanya mutasi karyawan<o:p></o:p></span></p>','<p class=\"MsoNormal\"><span style=\"font-family: Arial, sans-serif;\">Mengusulkan penambahan, pelatihan dan pembinaan karyawan<o:p></o:p></span></p>','<p class=\"MsoNormal\" align=\"center\" style=\"text-align: left;\"><span style=\"font-family: Arial, sans-serif;\">s.d\r\nOktober 2019<o:p></o:p></span></p>','<p class=\"MsoNormal\"><span style=\"font-family: Arial, sans-serif;\">Divisi SDM dan GM Wilayah II<o:p></o:p></span></p>',NULL,NULL,NULL,3,14,1,1,0,0,'2019-12-19 09:37:56','2020-01-08 09:09:08'),(50,'<p class=\"MsoNormal\"><span style=\"font-family: Arial, sans-serif;\">Ruang dan Fasilitas Kerja\r\nBidang Sistem &amp; TI Sudah Tidak Memadai</span><span style=\"font-family: Arial, sans-serif;\"><o:p></o:p></span></p>','<p style=\"margin:0in;margin-bottom:.0001pt;text-align:justify\"><span style=\"font-size: 11pt; font-family: Arial, sans-serif;\">Penambahan\r\n3 Orang Tenaga Kerja Baru dan sebagai antisipasi Perubahan Struktur Organisasi\r\nBidang Sistem &amp; TI, sebagaimana gambar berikut:</span></p><p style=\"margin:0in;margin-bottom:.0001pt;text-align:justify\"><img src=\"data:image/png;base64,iVBORw0KGgoAAAANSUhEUgAAAPQAAABgCAYAAAAq2F+rAAAboElEQVR4Ae2d93cU19nH3z8o5+SH9DjFPknsODHEKY7TThIcO7jFJnbcg40NppliMM0idNMkBCqgilChSAj1XhHqvQswtvHzns8DI69Wu9LObJlddOecu1P2zp1nnrnf+9zylP/r7+0VkwwP7oU6MNDXJ4P9/Qu2Pn/++efyf/fChzTvEHsNUl9Pj4wMDcn1yclpEE6Nj8v46Kjwn69vat0zV56ujg4ZHRqS0eFhv+X4KvteuGYAbXonPoETico9PDgoJVeuyKGDB6WjrU04TzxxQjIzMhToABJpi9TlP8DPteKiIkk7c0bGRkb0Gv+RZ3J8XCorKmTjxo2Sn5cnFwoKZGJsTP+LxPtEwzMMoA2gXQP01MSEfLxrlzz88MNSVloqFWVlsmjRItm+bZvcmJqSmqoq6Wxvl97ubmltbpaGujoF8NnsbDlz+rTSXVdTIy3NzQr8jmvX5GRiomzatEnIk3P2rLS2tAgSG8BHA+DCTYMBtAG0KxUdgCFht3z4oSxbtkyyMjIU3MtefFFSU1Lk1MmT8swzz8iG9ev1v2effVaWLl0qBXl5sm/vXsk9d07WrV0rzz37rKxcuVLyc3PlxRdekCeffFKOHD4su3bulEsXL0rcrl1SX1urEj7cYIqG8g2gDaBdAfTQwIBK33Xr1imQX3v1Vflo61ZNFphffuklldZ79+zR61u3bNEu+YebN8ue3btl86ZNCuy1a9cK5WRnZcmO7dsV0O+995401NdrNzwagBYpGgygDaBdATTj4erKSlnxzjs6Hl68eLGkp6XJ6tWrJSU5WZ566ikBqHSp16xZIznZ2bJ+3TpJOnVKgXzwwAF568035e3ly1Uar1q1SqX98889p9L97bff1vIvFxUJjUekAOX2cwygDaBdqeyArLaqSjLT06WtpUWOHjkiPV1dkpyUpDPT8ceOKUAb6+sV6IyhM9LTFdAbPvhA8zL+jvv4Yx1rF166JB999JGOoctKSrQBYJ+anKxde7eBFqnnG0AbQLsCaGamq6uqdHKLCS6d6EpNlazMTL12NitLJ7WYzWbWG+kNoF/69791zGz9j+ROJ096uuan263nGRkq+bmnrbV1wUhpA2gDaFcAzXLU1ZYWQYoyux1oYoKLVH53Vny++8rLyqS7s9PMckeqi2CeE3sKIaH6ZoCasfQIa8zhSkNDCwbMfBcjoY2EdkVCh6pRMOXMFAgG0AbQIQc0a8yDfX0qGTmOpWTRHasNhQG0AXRIAQ14GbMyPo7VFMuaZQbQBtAhAzRjYsCMgsgnhw7pUhTLUbGUPvnkE1VmYWac94k1SW0AbQAdskoLAFqamlQxRGJ4Y+kMpZdYVEiJGUBTWWKRwbHWwgdDL98IBRB0sWN5A9AYhsRifYsYoPnYmLeROLZTcRiXYXVD68+xnXtN3pmzoOHkhwF05Hjt7ztGBNB8aEzbsIBBbY/JEoCNkToAZS3Ssm1ljxYRraO1vzk1JfHHj+vY5tMbN/Q+7qFc7GP9vZy5HtkKZgAdWX77qt8RATTgRZn+1VdeUWP2pvp67dJcvHBBwYgCPrq4tdXVcuXyZWlqaJBrV69KLbauTU2quofOLpMrnGO4TpeIhgFjdyO13a9IVC4DaPe/Q0QAjdcIDM+xb0XZvvTKFcE0bsmSJaqji8XMc889pwmbVszikMj79+1TELNn5pRrr7/+ujz//PNqgYNaHw0F0tyA2v3KZADt/jeICKBpvQE14AOQmzZulKeXLpW1a9ZI2unTakKHd4l3331XFeoBL5Y0KOBjA8skCyB///335djRo3rO9S9u3dKuuz//U766JOZa+CpdqAD9xRdf6Jzal19+Kbdv3474/JqZFJtj6YdxcF1trXywfr2sWb1aPvjgA9m4YYNKWWxbLTvXlKQk2blzpyTEx8vuuDjNj9H7008/rRY47737ro6hrWuY2dH1Li0p0TG4AWr4gBoob0MB6La2NvnpT38qExMT8tprr2l9GRgYkKmpKQHg/f39AuC5duPGDQV8T0+P6jCPjIzoOXlHR0cdNwQG0HMAmo+MnWtiQoJ2odHCaWxokD179iiYqyorpaS4WJ27YTmD0zjGx1jT4ErmXE6O+pI6X1Ag7W1teg2PFiz8YypXWV5uAD0H/wMFYyjyhQLQNTU1ct999wkKHn/605/U4d/HH3+sAoAG/y9/+YskJibK7t27BbdE1KO///3vmu/Xv/619uIYvl28eNEAOhQf1bsMxrY4eaPVw+6VsTSAxL4VzxQcI23ZI7FJ1jG2sHS3uYe87Lmm5Zw4ofkAtRk/uy+d+e6hAHRJSYn85z//UceBL730kixfvlzwPsJ8yyuvvCJbt27VYduKFSvk8ccf13mX9evXCy6HyH/mzBl58cUXHYOZG42EnkdCMMZF4YAZ6lCm5rsz4N6NiDl3B+ChADQS+vjx4yppT5w4oZIYQL/zzjuyd+9esa4xnwLwn3jiCZXex44dU1CXlpbKrl27tAvuFNUG0PMA2mq9+eDhSAbA7gDYm++hALQvEDJ2JnlunDOWxu0Q0rupqUlu3bolN2/e9Mzm6PieATRdV5aAFnLyrqTmPPDGIlyAdoTKIG66JwBtjXVxZm65eVlIe5RbGBaY8XjgAPZu7AygnfPOm5dOz6fXoSfHxnTCiZnE+Pj4BZcYg7G2TYPGUptThi7k+wygowjQE6OjOpPc19cXRGcltm8tyM/XJTQDaGcV0wDaGd9CKQSmJTSAPp2aKu3t7bGNyiCoJ7wKXigNoJ1VTANoZ3wzgA4CtHPdagAdXIW8VwCNbkPM20MbCS0aJ8lIaOegtgBNSNjPPvssbEnktq4zh+sZKDPFvMcSA2gD6GC7ftYKAfGeCTCHMU6o04EDB+TtdR/Jnr375dDB0JePZR/hbDHfpYEKlieRvt+MoT364KbL7Vw6WxUXUIdrDgIXuz3dPfLvnZnS1NohQ/3h8V4D/VbjZL1XrOwNoA2gZ0ghKvLIQL8MD/TJsO45tpOc3jf/M0YH79i9v7EnR9rau2RsaMAmbfM/Y+a7OnmXO/yj8XGjETCANoCerniAuauzW8pqW6W8znmqqLsqVfVXhX0w5XjfW1F/VUpqWuSF7RlyvqxRKhuclV9W16r0VYaYPove0tpWae/o0mADkQa1AbQB9DSgkXiFFU1yKKNE8koa5OzlOscpp3jmvZmFtZJdNPOa3fIpM6uoVlYeypMzF6rlXHF9UPTleLwftGUVBkcf75N7pUGOZJcpbeNDkY9LHVFAv/nmm4I1zZUrV9Q7iQeWouJwoY+hAXR+Sb0UlDbI+DDjyN7Qpd7gyxrs75W+3h5JKqiUzs4uHUNHG43wsLiqWbIKa+SeBjRLDN/73vdk8+bNgv3qI488okbogDw7O1u9Uxw5ckSwh3311Vfl7Nmzut+/f79s2LBB79u3b5+a04UL/bEOaLrMUxMT0+6SLbfJge4/uzEll2vbpbi2XT6/OeW4nOsTE3ecTvT0yABAvpv6e3vUY6tTGq9PjMv42JicLmyQoaERueHwXXk+qzpWd9iTPibErk8GwcPrk1LV3CUFFVflixvOeTh11911XwCWjNZ7sI+YhMYtDAbqeJz45z//qbarcXFxsnjxYvnXv/4l69atk1WrVqkbokcffVSeeuopWbZsmQKZcxqBpUuXSnl5ebjwHNPr0Cyx4Ls86eTJaQcRlsOIQPdnUpJlx55PNHEc6H3e+U7Ex0tNdfWs2W7Akp+bq26mvO8J5Dz5rvOLtdv2SUJConAeyH3eefCeQ+ONVaEnGKCvvq7OMX0853Rykuzef0S2xB0Upzy0HHywdDZkc+ksYoDGRxSS9uWXX1ZjdexYkc6PPfaY/Pe//xXWFz/88EM1Wsf1DJ49cTFz6tQpBXZubq6sXr1aWltbDaB9tNr4J8ebKi55qqurHae62hohBVNGenq6epdByngDBn9xOCEIpvz6ulodujkto7KyUnt6uMbyXJ7CkSVOKxNPnpTqGuc8qFUe1gb1jkePHlWfeeMjIzN46MlPX8cRAzTeG8fHx9WxG87dkNjDw8PS2Nio1ycnJ+X69evT1+hq0y1n39XVNZ0PgsO1xXKXm8ADAPrChQvhYk/A5eLID7sAz26tVfmSkpICLiecGVNSUjT4gyegCfyQnZkZVqER6DtVVFTI+fx8DUBh8S6QfcQAHeiLWPnwRmF5c7SuhXt/LwD63Llz4WbTvOVj4OML0IAHB3/hbJTnJe5uBnp+DFF8Abquri7QYsKWr7i4WCU0kWQCAbKVJ2oBHTZOzVGwAfQczLHxlwG0DWb5yWoA7Ycxdi4bQNvhlv+8BtD+eRPoPwbQgXJqjnwG0HMwx8ZfBtA2mOUnqwG0H8bYuWwAbYdb/vMaQPvnTaD/GEAHyqk58t2rgGaFwYoXxet3dHTI5cuX5+DEV39xnzWJhZtcb3e6X+X86sgJoCnbc2Nyj6XOQDaUlqzNuxzruvfe7qQYPPR8DjwsKiryLtbnOTy07mUfSLwuA2ifrLR38V4FNM7p//GPfygz8BlHmBgiTLBsyIwuSziffvqpDA4Oah6uDw0N6fHBgwc1JA3+rok5RUPQyzo4sblHR33GkHICaHQP0A6kwrO6wXJld3e3JjQJq6qqdKkTkFsrIFYj9dBDD8n58+clISFB/vCHP+jSKDSwNEoMLKtB8qwNdgHN7Dwhd9h4d56Xmpqq719fXy/JycnKQ57HRpwt+MgGfwnTQ2PDUizvw3egnLGxsel8mvnujwG0JzccHt+rgN62bZuG8j19+rQq7OTl5akSDxp6KKL89re/FdRqAcbatWtVDZdwMoD40KFD8vOf/1yjWfziF79Qx/Yo/HAvGn8AzXuzC+iGhgZ1lo9y0caNG5UW1IBRQsILLc9D+YhQN3/9619VwQhwASK2X/7yl3qNCBv8z/uiaYjiEtd8SW27gN6+fbsGTkTBCY3FjIwM5QXRO4jo8Zvf/Eb3P/vZz1TrEdrRdOTZPIvrRARZtGiRRgWBf9CHAtWlS5e8WSghA7TVwsx6wgK4QAB6lDNQAbTW9WJlbymWeK9DIylQtyWhiffGG2+oYQxqtoSXIXYUgd8ADOq3lu48/yMpcW9MpXvwwQcVNESEJCIoUod7kKIoBHludgFNMDroe/LJJ5UWnoE+P3r/PAOQ79ixQ/785z+rFH7rrbf0P7QN2XgnGqW//e1vCmDABKhpDAh6x3t4b3YATU+EZ9NYbNmyRWmCRjQX4SFxtf73v/8pL9esWSNoefEf4ZGRwvCKxugnP/mJXnvhhRe0gc3JyRHe5dq1a9qb8KQxaEDjl5ugcbTiqOa5kSrKy6SsrMyVZ/O+qCUS9fJeAjQaR0g7uoWbNm3SigYQ8L1O5QRMAB0Jjb58QUGBKn8gmekyZmZmal4kt2VE87vf/U6lExUXyYW2n+fmBNCEkUVCA0TAgJ7/yZMnFQDQD40AHE0zutbQb0lohgW8B3veg3hXgIZjEo2U92YH0KiY0jAQbofGBTrgB0MZ6KVBhJdIasIlFxYWKqh5HxoDpDrPIx4Xkh2bht///vd6L+VSBt/Hcwsa0CiqNzc2qoYP0R0jnc5mpMnmuMNy6FiiZKbdiTAZURpSUzUiZndn5wztoViX0J6VhGNr3Mmx99iScbTn/973co5xDF1ggOJvswtoz3I8n+9rAg614bk2JpwAFb0Keg/+NjuA9i7Dk0bPY/LRxfa+5n0/uuSEvEWq+9uCBjQRIgE1pnYoqUc6fXFzUrKuNEvD1R75dHIi4s/nfXl3T1XAcIKZ52BQEapn+Oty+6sw4bweDKDDSZdn2cEA2rOccB0HDehQVSyn5UwMD8jpC9VSUdeqPq2clhML99FwEjcsLzdXG65Q0GwAbQ9aBtA+TPZCURGtMhYSoAEffp8Zixbk5cn1ycmgJbUBtAE0WJo2zrCA5dZ+oQG6saFBlzIWPfKISmu6+wx7nPLfANoA2gA6RL0O7GhxaxNounXzppruPfqrX8nXv/51eWLJEunq6AhqTG0AbQBtAB0koJnYYjzMcsX7q1bpsg9LP/MlPLesXLlSHnrwQfnRj34k3/jGN9RTC8tlTpfMAHQJNrRR4OAAjTNWKHw5OGDsGg0bWl4d167NmASlYc7KyBCW0NzeUNi5UFDg3MGB065eqO6LxS43gAZIKEV87Wtfk29/+9sBpW9961vyne98R3784x/L/fffr3tAvW7tWp1pdxKCBTqqKip0TZS1ZIB96eIF3XMcyYRG1ImEBPHlgohQMyhUQA+KPG7QmJ+fr2u/vd3dMwDNSkdOdrau26Pa6SYPWdsG0DQydjDmaAyNVEKSsA9VujE2LGmFdVLdeE3Gh4dCVq4nrXYYE0heC9BoOAFQwOk0IalpEIgJdQMdZJuRF8jPGPx8QYFkZ2ZIWlqGbDuYJDnZWUI0xUimjLQ0aayvlyEvjTu+BZOBGenpci47SxKS0iTuSLLk52RHlr70dCm6dGlW7CoaUqQ2oMYV0dmsLOVhRkZmROmzvhW02G3cbQOaitPa3KzSgI8TqtRcXyP7T52T7LxCaaipDlm50IfkguYBmx4U5wN1KAFNQ/CDH/xA7rvvPklJTlZJPd/zvf+HHlr0yfExGRgclpzyDrk+PqbXuB6phKSjwfee5OOcngT/3xgfk+aOAblY0yW3JscjRhs84Pn+XPsAIIYKmm90VM6Wd8jI8Mj0tUjy0C6YqQ+2AG1Jga1btqiiORYooUonExPl6PEEiU84EbIyLdroAu7Yvl28vTx6A8LueagB/cADD6jvcvbolPurdPPRifP5js5uybjcJMNhCug2Hw3z/Q9dNU0dklfWImOD0RnlEX/d6ZebNEDefO8TLf/bBnR7W5vqfLs9aWD3+Titu4qUttmVnetDhRrQSOlvfvObqrgPn51OkBlABx9Fk+++IABNvx5H4LG20Y1ta2mJWkAjlZksw6qnrbXVsXTWimgktK2JJH+NtgF0FKM8nIBesmSJLj0xBg40/fCHP5yeQAPM3/3ud9X4vbK8XMfP3uNPf5XO1/W5JDS9imhIhKz11+WOBvqUBj9d7qihz0dv03aX20jor7pzfFgmebCcobv88MMPB5xwGgCQue/73/++3P/AAxqeJRRqoHMBmgaAECtup8HeHqlt7pw1hmYiCH/ZbtOHog8xnr3H0Hxzlrvcpo8hma/G3AA6BMolGFpUlJfrbDoz6vOlupoaXWNE7RPJTBA/4kGxXOXrI9m95g/QWHexPowdL4oVbiViQB0+eOCOhC5vnZ4UYxLwcmGh2kW7RZv1XEwby0tLJKf82vSkGI0NQD+wf7/OI1l53djjeIKhL7PunvXDADpIQMNMpDSVMdCEFGacvHjRIlX93Lljhxpo0Pp7fhynx/4ATYXEMcDtL790fXCUknRSSqqaJM8D0FTOzPT0Wcb+bhBLFNSCvFw5V9E+A9Csr+OBxO0NLzEJ8fGz1IUNoEMAaLvAowFoqKvTLjcudqjIKF3YLcdf/rkAnXjihNzy8JLpVsU8nZIkpdXNswCNMkdtba1bZE0/lxjmFwryZwG6qaFBezbTGV06IE4cS73eNvUG0C4Bmi7628uXCx5SALg/cDq5bgAdPMoMoIPnYVhLCMcstxOwcQ+TLUxqMPkTajBTvgF08FXJADoIHvryHRVEcT5vjSZAK6j7+0PazfZsXAygfVYBWxcNoG2x605mnKnhFxpvjZiL4dQNX9BsWOTgWTFUW7QB2hOAoT42gA6+1hhAO+AhHhJxZ4prVtyurlixQnXEX3/9dY30gL/lUG0G0L1quWMmxQKrUQbQgfFpRi5cruIPmzAozPYSCgW/x4AcR+aW3+UZNzk8WaiAHhlAM+zOuHpooF+cAJqGl+UuX4HQ6Ul5+5QO5BNZs9z55a0yPtSvNE6Mjaq5p5NZblzjYozj7UKXkD6sEwcST8qTbk9A9/b0KH3wr7nR2Sw3dB0+fNgnDwmO4Iu3nvR4H0flLDc+lnFGjmTGoJtoDUjnZ555Rrvb6enp3u/h+HwhAvpMYaNOwPX29Aqpv69flUrsLlvhYB8dcyr5448/rnGdcH6PE37MPXEkb3cD0CXVzZJT2iKjA/1K3+jIqGRn2l+2Yg6G0Dg44CfCBuFpAAlWdoTCeeyxxwIKsuf5Dhagz5Zdk66unmn+NdQ7AzT0IKjwaw49OFkgUAGO99EUpGG0s0UloHkBQu+MjY3puxC2hWMiNhC0jDW1UG0LDdB9Pb3yybk6OZZXL8fz76QjuQ2yfe9RuX3bHl/5HsSKIlQOwyAC1lEpaXgJ8ULwOrtbakqS1DS0yp6sWonPb1AaEwvbZMOeU9JQb38dGtdGxJwiqgWRQZibIRYX8aWI7mF3A9BFFwok9XKbHMqpU/oSCholLqVIjicm2S1O6zTO/3FPhdCCh3/84x+Vh6gOE7zOzha1gLbzEsHkXUiAZpINS6Hu7h651tEt7XdTR1evxMcn2FYs6ezsVFAAXuI4MSxCF51zhkpWlEU73wf1T+wCurp6p2nsGxhWTyt2u9wMCXAXBHgJN0O8KYLB0auwgsnZoY28KqHz82V4aHiaPvhXVU20zlS7xYnFQ+Ju0RMlugeRKAmLwzVLqAVasAF0GMwnQz07HeryGDsPeqThgX456UBTjMpDd5bxKKsRzHsQA41xK/GeAJTdzQL0UH/fNI2TDsfQdLmJJ0VUTULIAm7O6c5CH7Gc7W4A+nx+voyPjkzTB/9aHI6hLR4SvK6mpkZ5SEhf4mYxB2HFjw6UTgPoBQho7wYCXW4nk2KBVjI7+SxAe+qvowIbTaqfANrTawz8M6qfdr5yGPMutC63N5g5N4AOvIJZEtoAOnCeRTSnAbQBtJ0KZwBth1su5DWANoC2U+0MoO1wy4W8BtAG0HaqnQG0HW65kNcA2gDaTrUzgLbDLRfyGkB/BWgX2D/rkbhVxoTUe5Y7OyNDWlpaZuWP9AWW53zNcuOxJC0tLdLkzHoeSlesFATt4ICPADhibUtPSwu5X25fM8nRfA3b66OHD6vqZnFxsbiVCouKBLdL3oEPWLbKz81VnWw0qdyiD+m8f/9+jd0NTdY3ZZUA54CoKxcVFblGH3xBHRffZkQBsehjb9tjCe5l4+LitJVClzcWEi3qli1bpKu9fYZE8GTEQji21lGRPASKcysRf4vIIJ7SGf5zjgcX4k5dPH/eNfouEdyvoEA12eCZZ93gHCeQvINb/OO5BXl5UltdPcum3hageTFeqLamRrsjynQYH+WJClxeWjqrAnl+qIVyTDQO1lbpqrmVrOf74jmgHhse1uQWfTwXGr3BbNFLT8d6B7do5PnQ4e2/3TagealoqBR2GKnMD7HfLuvjmv1XfsoNL9znhSNAmw/n/ocz38B8A191wADaBa+fvj6EuWYAGoo6oIDGWsYkwwNTB2K/DmB59v9bpMM62uAmIQAAAABJRU5ErkJggg==\" data-filename=\"image.png\" style=\"width: 244px;\"><span style=\"font-size: 11pt; font-family: Arial, sans-serif;\"><o:p><br></o:p></span></p><p style=\"margin:0in;margin-bottom:.0001pt;text-align:justify\"><span style=\"font-family: Arial, sans-serif; font-size: 11pt;\">Maka\r\nkapasitas Ruang Kerja Bidang Sistem &amp; TI saat ini sudah tidak dapat\r\nmenampung jumlah SDM yang diperlukan.</span><br></p>','<p class=\"MsoNormal\"><span style=\"font-family: Arial, sans-serif;\">Perluasan Ruang Kerja dan Penyedian Fasilitas Kerja\r\nPersonil Bidang Sistem &amp; TI<o:p></o:p></span></p>','<p class=\"MsoNormal\" align=\"center\" style=\"text-align: left;\"><span style=\"font-family: Arial, sans-serif;\">Triwulan\r\nIV / 2019<o:p></o:p></span></p>','<p class=\"MsoNormal\"><span style=\"font-family: Arial, sans-serif;\">Divisi Umum &amp; PKBL<o:p></o:p></span></p>',NULL,NULL,NULL,3,15,1,1,0,0,'2019-12-19 09:38:50','2020-01-08 09:09:08'),(51,'<p class=\"MsoNormal\"><span style=\"font-family: Arial, sans-serif;\">Penguatan Infrastruktur Sistem\r\nAplikasi <i>e-procurement</i> dan <i>e-catalog</i></span><span style=\"font-family: Arial, sans-serif;\"><o:p></o:p></span></p>','<p class=\"MsoNormal\"><span style=\"font-family: Arial, sans-serif;\">Aplikasi <i>e-procurement</i> yang tersedia saat ini belum cukup mencakup informasi\r\nkeseluruhan sehingga diperlukan penyempurnaan termasuk penyusunan <i>e-catalog</i> dan diterapkannya DPT/DPTS</span><span style=\"font-family: Arial, sans-serif;\"><o:p></o:p></span></p>','<p class=\"MsoNormal\"><span style=\"font-family: Arial, sans-serif;\">Koordinasi dengan Unit-unit Kerja Terkait dalam\r\npenyusunan <i>e-catalog</i> dan DPT/DPTS ke\r\ndalam aplikasi <i>e-procurement</i><o:p></o:p></span></p>','<p class=\"MsoNormal\" align=\"center\" style=\"text-align: left;\"><span style=\"font-family: Arial, sans-serif;\">RKT I 2020</span><span style=\"font-family: Arial, sans-serif;\"><o:p></o:p></span></p>','<p class=\"MsoNormal\"><span lang=\"FI\" style=\"font-family: Arial, sans-serif;\">ULP, Renstra &amp; Litbang, dan Unit kerja terkait <b>&nbsp;</b></span><span style=\"font-family: Arial, sans-serif;\"><o:p></o:p></span></p>',NULL,NULL,NULL,3,15,1,1,0,0,'2019-12-19 09:39:39','2020-01-08 09:09:08'),(52,'<span style=\"font-size: 11pt; line-height: 115%; font-family: Arial, sans-serif;\">Belum\r\nadanya kesepahaman materi RPP terkait program program pengusahaan yang akan\r\ndijalankan atau dikembangkan pada wilayah kerja baru Jasa Tirta II</span>','<span style=\"font-size: 11pt; line-height: 115%; font-family: Arial, sans-serif;\">Perbedaan persepsi antar\r\nKementerian</span>','<span style=\"font-size: 11pt; line-height: 115%; font-family: Arial, sans-serif;\">Melaksanakan lobi dan\r\npersiapan pelaksanaan rapat harmonisasi</span>','<span style=\"font-size: 11pt; line-height: 115%; font-family: Arial, sans-serif;\">Berkelanjutan</span>','<span style=\"font-size: 11pt; line-height: 115%; font-family: Arial, sans-serif;\">SE. Tk I Bidang\r\nPengembangan Wilayah</span>',NULL,NULL,NULL,5,NULL,1,1,0,0,'2019-12-19 09:53:14','2020-01-08 09:09:08'),(55,'pembuatan pedoman&nbsp;','kurang koordinasi&nbsp;','membentuk tim&nbsp;','maret 2019&nbsp;','bidang kesekretariatan&nbsp;',NULL,NULL,NULL,1,NULL,1,0,0,0,'2020-01-06 11:39:29','2020-01-08 09:09:08');

/*Table structure for table `users` */

DROP TABLE IF EXISTS `users`;

CREATE TABLE `users` (
  `id` bigint(20) unsigned NOT NULL AUTO_INCREMENT,
  `name` varchar(255) COLLATE utf8mb4_unicode_ci NOT NULL,
  `username` varchar(255) COLLATE utf8mb4_unicode_ci NOT NULL,
  `email` varchar(255) COLLATE utf8mb4_unicode_ci NOT NULL,
  `email_verified_at` timestamp NULL DEFAULT NULL,
  `password` varchar(255) COLLATE utf8mb4_unicode_ci NOT NULL,
  `remember_token` varchar(100) COLLATE utf8mb4_unicode_ci DEFAULT NULL,
  `departemen_id` int(5) DEFAULT NULL,
  `created_at` timestamp NULL DEFAULT NULL,
  `updated_at` timestamp NULL DEFAULT NULL,
  PRIMARY KEY (`id`),
  UNIQUE KEY `users_email_unique` (`email`,`username`)
) ENGINE=InnoDB AUTO_INCREMENT=22 DEFAULT CHARSET=utf8mb4 COLLATE=utf8mb4_unicode_ci;

/*Data for the table `users` */

insert  into `users`(`id`,`name`,`username`,`email`,`email_verified_at`,`password`,`remember_token`,`departemen_id`,`created_at`,`updated_at`) values (1,'Divisi Inventarisasi dan Pengendalian Aset','ipa','ipa@gmail.com','2019-07-29 16:42:00','$2y$10$c57iAqV4J37/gx6AsUaOeuq2m/fzMM6Hgw2zPkW9W/noh6U5DYs8i','',1,'2019-07-29 16:42:00','2019-07-29 16:42:00'),(2,'Sekretariat Perusahaan','sekper','sekper@gmail.com','2019-07-29 16:42:00','$2y$10$5M0X5XM3ljhBQ/lG/7fwAuO0ZojCVFxSRwF3Kd65aoDWXNT/t9zhm','',2,'2019-07-29 16:42:01','2019-07-29 16:42:01'),(3,'Divisi Sumber Daya Manusia','sdm','sdm@gmail.com','2019-07-29 16:42:01','$2y$10$W17ALurAVFYMD6KZNG5zpu.x/Em2OfLc0c9c2Ubfv2FMCNtrnMsYK','',3,'2019-07-29 16:42:01','2019-07-29 16:42:01'),(4,'Divisi Umum dan PKBL','umum','umum@gmail.com','2019-07-29 16:42:01','$2y$10$ePMxDtGzMn/yCF3AMV4pS.wDAMGjJXevP8c9nhkcto2rG0gFc/6lq','',4,'2019-07-29 16:42:01','2019-07-29 16:42:01'),(5,'Divisi Keuangan dan Akuntansi','akuntansi','akuntansi@gmail.com','2019-07-29 16:42:01','$2y$10$rblgLvhOICWjAWYgVfmz2.Vmw4XZfftX0IMlIO9mJoJszZatx1CWW','',5,'2019-07-29 16:42:01','2019-07-29 16:42:01'),(6,'Divisi Pengendalian Kinerja dan Sistem Manajemen','pksm','pksm@gmail.com','2019-07-29 16:42:01','$2y$10$Qw9sDg4QS6IP8etBz6ASSu5NUPaGAHjiWxPLeWO7E0rERq0UBjNKm','',6,'2019-07-29 16:42:01','2019-07-29 16:42:01'),(7,'Satuan Pengawasan Intern','spi','spi@gmail.com','2019-07-29 16:42:01','$2y$10$8oFS2JVVPyGTY9Dxj6W0deJqcUD7Rc7ReQVDhLQjZtyYUwi8NL23S','',7,'2019-07-29 16:42:01','2019-07-29 16:42:01'),(8,'Divisi Pengelolaan Proyek','dpp','dpp@gmail.com','2019-07-29 16:42:01','$2y$10$J60R1Z.PqtUAy1a6IhuWVecl3kMNG9q8IjDq1VIXC4gGXvnuCk0.y','',8,'2019-07-29 16:42:01','2019-07-29 16:42:01'),(9,'Divisi SDA dan SDL','sdasdl','sdasdl@gmail.com','2019-07-29 16:42:02','$2y$10$oPDOwumhg9TizAh5jPu63ueB18X5NeDm4vbmM76Oo1ooripNPPcQG','',9,'2019-07-29 16:42:02','2019-07-29 16:42:02'),(10,'Divisi Rencana Strategis dan Litbang','renstra','renstra@gmail.com','2019-07-29 16:42:02','$2y$10$J7FEmRFqatzBgMafryDNKuNIuXWyjr20K3/7PhVgvBotiBVS/lyH.','',10,'2019-07-29 16:42:02','2019-07-29 16:42:02'),(11,'Divisi Pengusahaan dan Pelayanan Pelanggan','p3','p3@gmail.com','2019-07-29 16:42:02','$2y$10$GctnIUblLrq/Wk0lIzw4ReZ3k.oylLv1Zm6XtECSeEvqvzqMoMnWa','',11,'2019-07-29 16:42:02','2019-07-29 16:42:02'),(12,'Unit Usaha Wilayah II','uuw2','uuw2@gmail.com','2019-07-29 16:42:02','$2y$10$IoIW72dPFZwWJest3yO9p.5MkeeHb85LlgC3M.S667wvdZCkA1QJO','',12,'2019-07-29 16:42:02','2019-07-29 16:42:02'),(13,'Unit Usaha PLTA','plta','plta@gmail.com','2019-07-29 16:42:02','$2y$10$W2tQMOF41jg5kZXJLOgpnufVNYQ5PM85RvmauQ7YFjQAHShLjsj6y','',13,'2019-07-29 16:42:02','2019-07-29 16:42:02'),(14,'Unit Usaha Pariwisata dan AMDK','pariwisata','pariwisata@gmail.com','2019-07-29 16:42:02','$2y$10$Vt2vtcDZT94a9KknRS0yHecUktGsaZTwrpQIHQalfT2OpInFMMb1i','',14,'2019-07-29 16:42:02','2019-07-29 16:42:02'),(15,'Unit Usaha Wilayah I','uuw1','uuw1@gmail.com','2019-07-29 16:42:02','$2y$10$Q8mvWRyNDKk3Zify7Fw6MuZiIXVVBPHsqM2UySIxtjj/DwusnpTeW','',15,'2019-07-29 16:42:03','2019-07-29 16:42:03'),(16,'Unit Usaha Wilayah IV','uuw4','uuw4@gmail.com','2019-07-29 16:42:03','$2y$10$eIeR8z/EK./.ClURBqicQutWS0P4wXGD0Dvd.Q/d99sXMwjRqqF.W','',16,'2019-07-29 16:42:03','2019-07-29 16:42:03'),(17,'Unit Usaha Wilayah III','uuw3','uuw3@gmail.com','2019-07-29 16:42:03','$2y$10$rtkqmiTT0fm3OHnrkEgkp.YoElrYpQKsQoVHRi8qVJw1rtOxfdvSm','',17,'2019-07-29 16:42:03','2019-07-29 16:42:03'),(18,'Unit Layanan Pengadaan','ulp','ulp@gmail.com','2019-07-29 16:42:03','$2y$10$22ZwB6P6ehENujRgQcRF/ucR6sAHEk5gylnAn/466L2TDztEfjfhG','',18,'2019-07-29 16:42:03','2019-07-29 16:42:03'),(19,'Anak Perusahaan','pengwil','pengwil@gmail.com','2019-07-29 16:42:03','$2y$10$wia1/WKg6A0.iQ3.WQgJjelVO.L60/4j5H8KjsH1XcH1J1BJ2vFMu',NULL,19,'2019-07-29 16:42:03','2019-07-29 16:42:03'),(20,'Administrator PKSM','admin.pksm','admin.pksm@admin.com','2019-07-29 16:42:03','$2y$10$wia1/WKg6A0.iQ3.WQgJjelVO.L60/4j5H8KjsH1XcH1J1BJ2vFMu','',0,'2019-07-29 16:42:03','2019-07-29 16:42:03'),(21,'Administrator SEKPER','admin.sekper','admin.sekper@admin.com','2019-07-29 16:42:03','$2y$10$wia1/WKg6A0.iQ3.WQgJjelVO.L60/4j5H8KjsH1XcH1J1BJ2vFMu','',0,'2019-07-29 16:42:03','2019-07-29 16:42:03');

/*!40101 SET SQL_MODE=@OLD_SQL_MODE */;
/*!40014 SET FOREIGN_KEY_CHECKS=@OLD_FOREIGN_KEY_CHECKS */;
/*!40014 SET UNIQUE_CHECKS=@OLD_UNIQUE_CHECKS */;
/*!40111 SET SQL_NOTES=@OLD_SQL_NOTES */;
