-- --------------------------------------------------------
-- Host:                         127.0.0.1
-- Server version:               5.7.24 - MySQL Community Server (GPL)
-- Server OS:                    Win64
-- HeidiSQL Version:             10.2.0.5599
-- --------------------------------------------------------

/*!40101 SET @OLD_CHARACTER_SET_CLIENT=@@CHARACTER_SET_CLIENT */;
/*!40101 SET NAMES utf8 */;
/*!50503 SET NAMES utf8mb4 */;
/*!40014 SET @OLD_FOREIGN_KEY_CHECKS=@@FOREIGN_KEY_CHECKS, FOREIGN_KEY_CHECKS=0 */;
/*!40101 SET @OLD_SQL_MODE=@@SQL_MODE, SQL_MODE='NO_AUTO_VALUE_ON_ZERO' */;


-- Dumping database structure for rtmdb
CREATE DATABASE IF NOT EXISTS `rtmdb` /*!40100 DEFAULT CHARACTER SET latin1 */;
USE `rtmdb`;

-- Dumping structure for table rtmdb.departemen
CREATE TABLE IF NOT EXISTS `departemen` (
  `id` int(5) NOT NULL AUTO_INCREMENT,
  `departemen` varchar(100) DEFAULT NULL,
  PRIMARY KEY (`id`)
) ENGINE=InnoDB AUTO_INCREMENT=20 DEFAULT CHARSET=latin1;

-- Dumping data for table rtmdb.departemen: ~19 rows (approximately)
/*!40000 ALTER TABLE `departemen` DISABLE KEYS */;
INSERT INTO `departemen` (`id`, `departemen`) VALUES
	(1, 'Divisi Inventarisasi dan Pengendalian Aset (IPA)'),
	(2, 'Sekretariat Perusahaan (Sekper)'),
	(3, 'Divisi Sumber Daya Manusia (SDM)'),
	(4, 'Divisi Umum dan PKBL'),
	(5, 'Divisi Keuangan dan Akuntansi (Akuntansi)'),
	(6, 'Divisi Pengendalian Kinerja dan Sistem Manajemen (PKSM)'),
	(7, 'Satuan Pengawasan Intern (SPI)'),
	(8, 'Divisi Pengelolaan Proyek (DPP)'),
	(9, 'Divisi SDA dan SDL (SDASDL)'),
	(10, 'Divisi Rencana Strategis dan Litbang (Renstra & Litbang)'),
	(11, 'Divisi Pengusahaan dan Pelayanan Pelanggan (P3)'),
	(12, 'Unit Usaha Wilayah II (UUW II)'),
	(13, 'Unit Usaha PLTA'),
	(14, 'Unit Usaha Pariwisata dan AMDK'),
	(15, 'Unit Usaha Wilayah I (UUW I)'),
	(16, 'Unit Usaha Wilayah IV (UUW IV)'),
	(17, 'Unit Usaha Wilayah III (UUW III)'),
	(18, 'Unit Layanan Pengadaan (ULP)'),
	(19, 'Anak Perusahaan');
/*!40000 ALTER TABLE `departemen` ENABLE KEYS */;

-- Dumping structure for table rtmdb.departemen_uraian
CREATE TABLE IF NOT EXISTS `departemen_uraian` (
  `departemen_id` int(5) NOT NULL,
  `uraian_id` int(5) NOT NULL,
  PRIMARY KEY (`departemen_id`,`uraian_id`)
) ENGINE=InnoDB DEFAULT CHARSET=latin1;

-- Dumping data for table rtmdb.departemen_uraian: ~64 rows (approximately)
/*!40000 ALTER TABLE `departemen_uraian` DISABLE KEYS */;
INSERT INTO `departemen_uraian` (`departemen_id`, `uraian_id`) VALUES
	(1, 4),
	(1, 10),
	(1, 25),
	(2, 1),
	(2, 2),
	(2, 3),
	(2, 4),
	(2, 10),
	(2, 11),
	(2, 25),
	(3, 4),
	(3, 25),
	(4, 4),
	(4, 14),
	(4, 25),
	(5, 4),
	(5, 25),
	(5, 26),
	(6, 4),
	(6, 15),
	(6, 17),
	(6, 18),
	(6, 19),
	(6, 20),
	(6, 21),
	(6, 22),
	(6, 23),
	(6, 24),
	(6, 25),
	(7, 4),
	(7, 25),
	(8, 4),
	(8, 25),
	(8, 27),
	(9, 4),
	(9, 25),
	(9, 26),
	(9, 27),
	(10, 4),
	(10, 12),
	(10, 13),
	(10, 24),
	(10, 25),
	(10, 26),
	(10, 27),
	(11, 4),
	(11, 16),
	(11, 25),
	(12, 4),
	(12, 25),
	(13, 4),
	(13, 15),
	(13, 25),
	(14, 4),
	(14, 25),
	(15, 4),
	(15, 25),
	(16, 4),
	(16, 25),
	(17, 4),
	(17, 25),
	(18, 4),
	(18, 25),
	(19, 25);
/*!40000 ALTER TABLE `departemen_uraian` ENABLE KEYS */;

-- Dumping structure for table rtmdb.jenis
CREATE TABLE IF NOT EXISTS `jenis` (
  `id` int(11) NOT NULL AUTO_INCREMENT,
  `jenis_masalah` text,
  `created_at` timestamp NULL DEFAULT NULL,
  `updated_at` timestamp NULL DEFAULT NULL,
  PRIMARY KEY (`id`)
) ENGINE=InnoDB AUTO_INCREMENT=7 DEFAULT CHARSET=latin1;

-- Dumping data for table rtmdb.jenis: ~6 rows (approximately)
/*!40000 ALTER TABLE `jenis` DISABLE KEYS */;
INSERT INTO `jenis` (`id`, `jenis_masalah`, `created_at`, `updated_at`) VALUES
	(1, 'Hasil Audit', '2019-08-13 10:11:34', '2019-08-13 10:11:35'),
	(2, 'Umpan Balik (Feedback) Pelanggan', '2019-08-13 10:11:58', '2019-08-13 10:11:58'),
	(3, 'Kinerja Proses dan Kesesuaian Produk', '2019-08-13 10:15:47', '2019-08-13 10:15:49'),
	(4, 'Status Tindakan Koreksi dan Tindakan Pencegahan', '2019-08-13 10:15:48', '2019-08-13 10:15:49'),
	(5, 'Perubahan yang dapat mempengaruhi pada sistem manajemen', '2019-08-13 10:15:52', '2019-08-13 10:15:50'),
	(6, 'Saran untuk koreksi', '2019-08-13 10:15:51', '2019-08-13 10:15:51');
/*!40000 ALTER TABLE `jenis` ENABLE KEYS */;

-- Dumping structure for table rtmdb.media
CREATE TABLE IF NOT EXISTS `media` (
  `id` bigint(20) unsigned NOT NULL AUTO_INCREMENT,
  `model_type` varchar(255) COLLATE utf8mb4_unicode_ci NOT NULL,
  `model_id` bigint(20) unsigned NOT NULL,
  `collection_name` varchar(255) COLLATE utf8mb4_unicode_ci NOT NULL,
  `name` varchar(255) COLLATE utf8mb4_unicode_ci NOT NULL,
  `file_name` varchar(255) COLLATE utf8mb4_unicode_ci NOT NULL,
  `mime_type` varchar(255) COLLATE utf8mb4_unicode_ci DEFAULT NULL,
  `disk` varchar(255) COLLATE utf8mb4_unicode_ci NOT NULL,
  `size` bigint(20) unsigned NOT NULL,
  `manipulations` json NOT NULL,
  `custom_properties` json NOT NULL,
  `responsive_images` json NOT NULL,
  `order_column` int(10) unsigned DEFAULT NULL,
  `created_at` timestamp NULL DEFAULT NULL,
  `updated_at` timestamp NULL DEFAULT NULL,
  PRIMARY KEY (`id`),
  KEY `media_model_type_model_id_index` (`model_type`,`model_id`)
) ENGINE=InnoDB AUTO_INCREMENT=2 DEFAULT CHARSET=utf8mb4 COLLATE=utf8mb4_unicode_ci;

-- Dumping data for table rtmdb.media: ~0 rows (approximately)
/*!40000 ALTER TABLE `media` DISABLE KEYS */;
INSERT INTO `media` (`id`, `model_type`, `model_id`, `collection_name`, `name`, `file_name`, `mime_type`, `disk`, `size`, `manipulations`, `custom_properties`, `responsive_images`, `order_column`, `created_at`, `updated_at`) VALUES
	(1, 'App\\Rtm', 4, 'document', '5da42491eb741_CONTOH SURAT', '5da42491eb741_CONTOH-SURAT.docx', 'application/vnd.openxmlformats-officedocument.wordprocessingml.document', 'public', 11334, '[]', '[]', '[]', 1, '2019-10-14 14:33:00', '2019-10-14 14:33:00');
/*!40000 ALTER TABLE `media` ENABLE KEYS */;

-- Dumping structure for table rtmdb.menu
CREATE TABLE IF NOT EXISTS `menu` (
  `id` int(5) unsigned NOT NULL AUTO_INCREMENT,
  `name` varchar(50) NOT NULL DEFAULT '0',
  `link` varchar(50) NOT NULL DEFAULT '0',
  `icon` varchar(50) DEFAULT '0',
  `is_parent` varchar(50) NOT NULL DEFAULT '0',
  `role` varchar(20) DEFAULT NULL,
  `urutan` int(5) DEFAULT NULL,
  PRIMARY KEY (`id`)
) ENGINE=InnoDB AUTO_INCREMENT=9 DEFAULT CHARSET=latin1;

-- Dumping data for table rtmdb.menu: ~8 rows (approximately)
/*!40000 ALTER TABLE `menu` DISABLE KEYS */;
INSERT INTO `menu` (`id`, `name`, `link`, `icon`, `is_parent`, `role`, `urutan`) VALUES
	(1, 'Beranda', '/', 'icon-home', '0', 'admin,unit,viewer', 1),
	(2, 'User', 'user', 'icon-users', '6', 'admin', 7),
	(3, 'Dokumen', 'dokumen', 'icon-docs', '0', '', 8),
	(4, 'Evaluasi RTM', '/masalah', 'icon-docs', '8', 'admin,unit,viewer', 5),
	(5, 'Bahan RTM', '/rtm', 'icon-notebook', '8', 'admin,unit,viewer', 3),
	(6, 'Menu Admin', '#', 'icon-user', '0', 'admin', 6),
	(7, 'Risalah RTM', '/masalah', 'icon-folder-alt', '8', 'admin,unit,viewer', 4),
	(8, 'RTM', '#', ' icon-puzzle', '0', 'admin,unit,viewer', 2);
/*!40000 ALTER TABLE `menu` ENABLE KEYS */;

-- Dumping structure for table rtmdb.migrations
CREATE TABLE IF NOT EXISTS `migrations` (
  `id` int(10) unsigned NOT NULL AUTO_INCREMENT,
  `migration` varchar(255) COLLATE utf8mb4_unicode_ci NOT NULL,
  `batch` int(11) NOT NULL,
  PRIMARY KEY (`id`)
) ENGINE=InnoDB AUTO_INCREMENT=6 DEFAULT CHARSET=utf8mb4 COLLATE=utf8mb4_unicode_ci;

-- Dumping data for table rtmdb.migrations: ~4 rows (approximately)
/*!40000 ALTER TABLE `migrations` DISABLE KEYS */;
INSERT INTO `migrations` (`id`, `migration`, `batch`) VALUES
	(1, '2014_10_12_000000_create_users_table', 1),
	(2, '2014_10_12_100000_create_password_resets_table', 1),
	(3, '2019_07_29_163140_create_permission_tables', 1),
	(5, '2019_10_14_110202_create_media_table', 2);
/*!40000 ALTER TABLE `migrations` ENABLE KEYS */;

-- Dumping structure for table rtmdb.model_has_permissions
CREATE TABLE IF NOT EXISTS `model_has_permissions` (
  `permission_id` int(10) unsigned NOT NULL,
  `model_type` varchar(255) COLLATE utf8mb4_unicode_ci NOT NULL,
  `model_id` bigint(20) unsigned NOT NULL,
  PRIMARY KEY (`permission_id`,`model_id`,`model_type`),
  KEY `model_has_permissions_model_id_model_type_index` (`model_id`,`model_type`),
  CONSTRAINT `model_has_permissions_permission_id_foreign` FOREIGN KEY (`permission_id`) REFERENCES `permissions` (`id`) ON DELETE CASCADE
) ENGINE=InnoDB DEFAULT CHARSET=utf8mb4 COLLATE=utf8mb4_unicode_ci;

-- Dumping data for table rtmdb.model_has_permissions: ~0 rows (approximately)
/*!40000 ALTER TABLE `model_has_permissions` DISABLE KEYS */;
/*!40000 ALTER TABLE `model_has_permissions` ENABLE KEYS */;

-- Dumping structure for table rtmdb.model_has_roles
CREATE TABLE IF NOT EXISTS `model_has_roles` (
  `role_id` int(10) unsigned NOT NULL,
  `model_type` varchar(255) COLLATE utf8mb4_unicode_ci NOT NULL,
  `model_id` bigint(20) unsigned NOT NULL,
  PRIMARY KEY (`role_id`,`model_id`,`model_type`),
  KEY `model_has_roles_model_id_model_type_index` (`model_id`,`model_type`),
  CONSTRAINT `model_has_roles_role_id_foreign` FOREIGN KEY (`role_id`) REFERENCES `roles` (`id`) ON DELETE CASCADE
) ENGINE=InnoDB DEFAULT CHARSET=utf8mb4 COLLATE=utf8mb4_unicode_ci;

-- Dumping data for table rtmdb.model_has_roles: ~20 rows (approximately)
/*!40000 ALTER TABLE `model_has_roles` DISABLE KEYS */;
INSERT INTO `model_has_roles` (`role_id`, `model_type`, `model_id`) VALUES
	(2, 'App\\user', 1),
	(2, 'App\\user', 2),
	(2, 'App\\user', 3),
	(2, 'App\\user', 4),
	(2, 'App\\user', 5),
	(2, 'App\\user', 6),
	(2, 'App\\user', 7),
	(2, 'App\\user', 8),
	(2, 'App\\user', 9),
	(2, 'App\\user', 10),
	(2, 'App\\user', 11),
	(2, 'App\\user', 12),
	(2, 'App\\user', 13),
	(2, 'App\\user', 14),
	(2, 'App\\user', 15),
	(2, 'App\\user', 16),
	(2, 'App\\user', 17),
	(2, 'App\\user', 18),
	(2, 'App\\user', 19),
	(1, 'App\\user', 20);
/*!40000 ALTER TABLE `model_has_roles` ENABLE KEYS */;

-- Dumping structure for table rtmdb.password_resets
CREATE TABLE IF NOT EXISTS `password_resets` (
  `email` varchar(255) COLLATE utf8mb4_unicode_ci NOT NULL,
  `token` varchar(255) COLLATE utf8mb4_unicode_ci NOT NULL,
  `created_at` timestamp NULL DEFAULT NULL,
  KEY `password_resets_email_index` (`email`)
) ENGINE=InnoDB DEFAULT CHARSET=utf8mb4 COLLATE=utf8mb4_unicode_ci;

-- Dumping data for table rtmdb.password_resets: ~0 rows (approximately)
/*!40000 ALTER TABLE `password_resets` DISABLE KEYS */;
/*!40000 ALTER TABLE `password_resets` ENABLE KEYS */;

-- Dumping structure for table rtmdb.permissions
CREATE TABLE IF NOT EXISTS `permissions` (
  `id` int(10) unsigned NOT NULL AUTO_INCREMENT,
  `name` varchar(255) COLLATE utf8mb4_unicode_ci NOT NULL,
  `guard_name` varchar(255) COLLATE utf8mb4_unicode_ci NOT NULL,
  `created_at` timestamp NULL DEFAULT NULL,
  `updated_at` timestamp NULL DEFAULT NULL,
  PRIMARY KEY (`id`)
) ENGINE=InnoDB AUTO_INCREMENT=5 DEFAULT CHARSET=utf8mb4 COLLATE=utf8mb4_unicode_ci;

-- Dumping data for table rtmdb.permissions: ~4 rows (approximately)
/*!40000 ALTER TABLE `permissions` DISABLE KEYS */;
INSERT INTO `permissions` (`id`, `name`, `guard_name`, `created_at`, `updated_at`) VALUES
	(1, 'view post', 'web', '2019-08-01 20:53:03', '2019-08-01 20:53:04'),
	(2, 'edit post', 'web', '2019-08-01 20:53:14', '2019-08-01 20:53:16'),
	(3, 'delete post', 'web', '2019-08-01 20:53:26', '2019-08-01 20:53:27'),
	(4, 'add post', 'web', '2019-09-16 09:56:19', '2019-09-16 09:56:20');
/*!40000 ALTER TABLE `permissions` ENABLE KEYS */;

-- Dumping structure for table rtmdb.progres
CREATE TABLE IF NOT EXISTS `progres` (
  `id` int(11) NOT NULL AUTO_INCREMENT,
  `target` float NOT NULL DEFAULT '0',
  `realisasi` float NOT NULL DEFAULT '0',
  `competitor` float NOT NULL DEFAULT '0',
  `year` varchar(20) NOT NULL DEFAULT '',
  `uraian_id` varchar(20) NOT NULL DEFAULT '',
  `created_at` timestamp NULL DEFAULT NULL,
  `updated_at` timestamp NULL DEFAULT NULL,
  PRIMARY KEY (`id`)
) ENGINE=InnoDB AUTO_INCREMENT=16 DEFAULT CHARSET=latin1;

-- Dumping data for table rtmdb.progres: ~15 rows (approximately)
/*!40000 ALTER TABLE `progres` DISABLE KEYS */;
INSERT INTO `progres` (`id`, `target`, `realisasi`, `competitor`, `year`, `uraian_id`, `created_at`, `updated_at`) VALUES
	(1, 80, 50, 100, '2018', '1', '2019-09-15 15:44:33', '2019-09-15 15:44:33'),
	(2, 80, 60, 100, '2019', '1', '2019-09-15 15:44:33', '2019-09-15 15:44:33'),
	(3, 50, 30, 40, '2017', '6', '2019-09-22 15:46:41', '2019-09-22 15:46:41'),
	(4, 50, 40, 40, '2018', '6', '2019-09-22 15:46:41', '2019-09-22 15:46:41'),
	(5, 50, 50, 40, '2019', '6', '2019-09-22 22:56:45', '2019-09-22 22:56:46'),
	(6, 80, 70, 100, '2020', '1', '2019-09-26 15:29:12', '2019-09-26 15:29:12'),
	(7, 80, 80, 100, '2020', '1', '2019-09-26 15:37:20', '2019-09-26 15:37:20'),
	(8, 80, 90, 100, '2019', '2', '2019-09-26 15:40:25', '2019-09-26 15:40:25'),
	(9, 80, 100, 90, '2020', '2', '2019-09-26 15:41:40', '2019-09-26 15:41:40'),
	(10, 80, 100, 100, '2020', '2', '2019-09-26 15:41:40', '2019-09-26 15:41:40'),
	(11, 100, 75, 50, '2014', '76', '2019-10-03 19:16:53', '2019-10-03 19:16:53'),
	(12, 110, 85, 60, '2015', '76', '2019-10-03 19:25:17', '2019-10-03 19:25:17'),
	(13, 120, 95, 70, '2016', '76', '2019-10-03 19:25:17', '2019-10-03 19:25:17'),
	(14, 130, 105, 80, '2017', '76', '2019-10-03 19:36:33', '2019-10-03 19:36:33'),
	(15, 130, 110, 80, '2017', '76', '2019-10-03 19:37:25', '2019-10-03 19:37:25');
/*!40000 ALTER TABLE `progres` ENABLE KEYS */;

-- Dumping structure for table rtmdb.roles
CREATE TABLE IF NOT EXISTS `roles` (
  `id` int(10) unsigned NOT NULL AUTO_INCREMENT,
  `name` varchar(255) COLLATE utf8mb4_unicode_ci NOT NULL,
  `guard_name` varchar(255) COLLATE utf8mb4_unicode_ci NOT NULL,
  `created_at` timestamp NULL DEFAULT NULL,
  `updated_at` timestamp NULL DEFAULT NULL,
  PRIMARY KEY (`id`)
) ENGINE=InnoDB AUTO_INCREMENT=5 DEFAULT CHARSET=utf8mb4 COLLATE=utf8mb4_unicode_ci;

-- Dumping data for table rtmdb.roles: ~4 rows (approximately)
/*!40000 ALTER TABLE `roles` DISABLE KEYS */;
INSERT INTO `roles` (`id`, `name`, `guard_name`, `created_at`, `updated_at`) VALUES
	(1, 'admin', 'web', '2019-08-01 20:51:35', '2019-08-01 20:51:38'),
	(2, 'unit', 'web', '2019-08-01 20:52:03', '2019-08-01 20:52:04'),
	(3, 'viewer', 'web', '2019-08-01 20:52:15', '2019-08-01 20:52:16'),
	(4, 'writer', 'web', '2019-08-01 14:10:34', '2019-08-01 14:10:34');
/*!40000 ALTER TABLE `roles` ENABLE KEYS */;

-- Dumping structure for table rtmdb.role_has_permissions
CREATE TABLE IF NOT EXISTS `role_has_permissions` (
  `permission_id` int(10) unsigned NOT NULL,
  `role_id` int(10) unsigned NOT NULL,
  PRIMARY KEY (`permission_id`,`role_id`),
  KEY `role_has_permissions_role_id_foreign` (`role_id`),
  CONSTRAINT `role_has_permissions_permission_id_foreign` FOREIGN KEY (`permission_id`) REFERENCES `permissions` (`id`) ON DELETE CASCADE,
  CONSTRAINT `role_has_permissions_role_id_foreign` FOREIGN KEY (`role_id`) REFERENCES `roles` (`id`) ON DELETE CASCADE
) ENGINE=InnoDB DEFAULT CHARSET=utf8mb4 COLLATE=utf8mb4_unicode_ci;

-- Dumping data for table rtmdb.role_has_permissions: ~6 rows (approximately)
/*!40000 ALTER TABLE `role_has_permissions` DISABLE KEYS */;
INSERT INTO `role_has_permissions` (`permission_id`, `role_id`) VALUES
	(1, 1),
	(2, 1),
	(3, 1),
	(1, 2),
	(2, 2),
	(1, 3);
/*!40000 ALTER TABLE `role_has_permissions` ENABLE KEYS */;

-- Dumping structure for table rtmdb.rtm
CREATE TABLE IF NOT EXISTS `rtm` (
  `id` int(11) NOT NULL AUTO_INCREMENT,
  `rtm_ke` int(5) DEFAULT NULL,
  `tingkat` varchar(20) DEFAULT NULL,
  `rkt` varchar(5) DEFAULT NULL,
  `tahun` varchar(5) DEFAULT NULL,
  `created_at` timestamp NULL DEFAULT NULL,
  `updated_at` timestamp NULL DEFAULT NULL,
  PRIMARY KEY (`id`),
  UNIQUE KEY `rtm_ke` (`rtm_ke`)
) ENGINE=InnoDB AUTO_INCREMENT=5 DEFAULT CHARSET=latin1;

-- Dumping data for table rtmdb.rtm: ~9 rows (approximately)
/*!40000 ALTER TABLE `rtm` DISABLE KEYS */;
INSERT INTO `rtm` (`id`, `rtm_ke`, `tingkat`, `rkt`, `tahun`, `created_at`, `updated_at`) VALUES
	(1, 72, 'Pusat', 'I', '2020', '2019-09-15 16:05:50', '2019-09-15 16:05:50'),
	(2, 73, 'Pusat', 'II', '2020', '2019-09-16 13:48:09', '2019-09-16 13:48:09'),
	(3, 74, 'Pusat', 'I', '2019', '2019-09-29 23:00:44', '2019-09-29 23:00:44'),
	(4, 75, 'Pusat', 'II', '2019', '2019-10-14 14:33:00', '2019-10-14 14:33:00');
/*!40000 ALTER TABLE `rtm` ENABLE KEYS */;

-- Dumping structure for table rtmdb.rtm_uraian
CREATE TABLE IF NOT EXISTS `rtm_uraian` (
  `rtm_id` int(5) NOT NULL,
  `uraian_id` int(5) NOT NULL,
  `status` smallint(6) DEFAULT '1',
  `created_at` timestamp NULL DEFAULT NULL,
  `updated_at` timestamp NULL DEFAULT NULL,
  PRIMARY KEY (`rtm_id`,`uraian_id`)
) ENGINE=InnoDB DEFAULT CHARSET=latin1;

-- Dumping data for table rtmdb.rtm_uraian: ~70 rows (approximately)
/*!40000 ALTER TABLE `rtm_uraian` DISABLE KEYS */;
INSERT INTO `rtm_uraian` (`rtm_id`, `uraian_id`, `status`, `created_at`, `updated_at`) VALUES
	(1, 1, 1, NULL, NULL),
	(1, 4, 1, NULL, NULL),
	(2, 1, 1, '2019-10-06 12:05:49', '2019-10-06 12:05:49'),
	(2, 2, 1, NULL, NULL),
	(2, 3, 1, NULL, NULL),
	(3, 10, 1, NULL, NULL),
	(3, 11, 1, NULL, NULL),
	(3, 12, 1, NULL, NULL),
	(3, 13, 1, NULL, NULL),
	(3, 14, 1, NULL, NULL),
	(3, 15, 1, NULL, NULL),
	(3, 16, 1, NULL, NULL),
	(3, 17, 1, NULL, NULL),
	(3, 18, 1, NULL, NULL),
	(3, 19, 1, NULL, NULL),
	(3, 20, 1, NULL, NULL),
	(3, 21, 1, NULL, NULL),
	(3, 22, 1, NULL, NULL),
	(3, 23, 1, NULL, NULL),
	(3, 24, 1, NULL, NULL),
	(3, 25, 1, NULL, NULL),
	(3, 26, 1, NULL, NULL),
	(3, 27, 1, NULL, NULL),
	(3, 28, 1, NULL, NULL),
	(3, 29, 1, NULL, NULL),
	(3, 30, 1, NULL, NULL),
	(3, 31, 1, NULL, NULL),
	(3, 32, 1, NULL, NULL),
	(3, 33, 1, NULL, NULL),
	(3, 34, 1, NULL, NULL),
	(3, 35, 1, NULL, NULL),
	(3, 36, 1, NULL, NULL),
	(3, 37, 1, NULL, NULL),
	(3, 38, 1, NULL, NULL),
	(3, 39, 1, NULL, NULL),
	(3, 40, 1, NULL, NULL),
	(3, 41, 1, NULL, NULL),
	(3, 42, 1, NULL, NULL),
	(3, 43, 1, NULL, NULL),
	(3, 44, 1, NULL, NULL),
	(3, 45, 1, NULL, NULL),
	(3, 46, 1, NULL, NULL),
	(3, 47, 1, NULL, NULL),
	(3, 48, 1, NULL, NULL),
	(3, 49, 1, NULL, NULL),
	(3, 50, 1, NULL, NULL),
	(3, 51, 1, NULL, NULL),
	(3, 52, 1, NULL, NULL),
	(3, 53, 1, NULL, NULL),
	(3, 54, 1, NULL, NULL),
	(3, 55, 1, NULL, NULL),
	(3, 56, 1, NULL, NULL),
	(3, 57, 1, NULL, NULL),
	(3, 58, 1, NULL, NULL),
	(3, 59, 1, NULL, NULL),
	(3, 60, 1, NULL, NULL),
	(3, 61, 1, NULL, NULL),
	(3, 62, 1, NULL, NULL),
	(3, 63, 1, NULL, NULL),
	(3, 64, 1, NULL, NULL),
	(3, 65, 1, NULL, NULL),
	(3, 66, 1, NULL, NULL),
	(3, 67, 1, NULL, NULL),
	(3, 68, 1, NULL, NULL),
	(3, 69, 1, NULL, NULL),
	(3, 70, 1, NULL, NULL),
	(3, 71, 1, NULL, NULL),
	(3, 72, 1, NULL, NULL),
	(3, 73, 1, NULL, NULL),
	(3, 74, 1, NULL, NULL);
/*!40000 ALTER TABLE `rtm_uraian` ENABLE KEYS */;

-- Dumping structure for table rtmdb.statusn
CREATE TABLE IF NOT EXISTS `statusn` (
  `id` int(5) NOT NULL AUTO_INCREMENT,
  `nama` varchar(30) DEFAULT NULL,
  PRIMARY KEY (`id`)
) ENGINE=InnoDB AUTO_INCREMENT=4 DEFAULT CHARSET=latin1;

-- Dumping data for table rtmdb.statusn: ~3 rows (approximately)
/*!40000 ALTER TABLE `statusn` DISABLE KEYS */;
INSERT INTO `statusn` (`id`, `nama`) VALUES
	(1, 'bahan'),
	(2, 'risalah'),
	(3, 'ditindaklanjuti');
/*!40000 ALTER TABLE `statusn` ENABLE KEYS */;

-- Dumping structure for table rtmdb.uraian
CREATE TABLE IF NOT EXISTS `uraian` (
  `id` int(5) NOT NULL AUTO_INCREMENT,
  `uraian` mediumtext,
  `analisis` text,
  `r_uraian` text,
  `r_target` text,
  `r_pic` text,
  `ket` text,
  `tindak` text,
  `p_rencana` text,
  `p_realisasi` text,
  `jenis_id` int(5) DEFAULT NULL,
  `status` tinyint(1) DEFAULT NULL,
  `sbahan` tinyint(1) DEFAULT '1',
  `srisalah` tinyint(1) DEFAULT '0',
  `stindak` tinyint(1) DEFAULT '0',
  `created_at` timestamp NULL DEFAULT NULL,
  `updated_at` timestamp NULL DEFAULT NULL,
  PRIMARY KEY (`id`)
) ENGINE=InnoDB AUTO_INCREMENT=77 DEFAULT CHARSET=latin1;

-- Dumping data for table rtmdb.uraian: ~71 rows (approximately)
/*!40000 ALTER TABLE `uraian` DISABLE KEYS */;
INSERT INTO `uraian` (`id`, `uraian`, `analisis`, `r_uraian`, `r_target`, `r_pic`, `ket`, `tindak`, `p_rencana`, `p_realisasi`, `jenis_id`, `status`, `sbahan`, `srisalah`, `stindak`, `created_at`, `updated_at`) VALUES
	(1, '1. Sebagai seorang karyawan, umumnya Anda menghabiskan sekitar 8 jam untuk bekerja. Suka atau tidak suka, sejumlah masalah akan muncul saat Anda bekerja.', 'Tentunya,&nbsp; setiap masalah tidak boleh dibiarkan berlarut-larut. Mengapa? Ketika Anda membiarkannya, akan timbul masalah-masalah baru sehingga Anda terjerembab pada kubangan masalah.', 'Jangan khawatir jika Anda tidak tahu akan solusi masalah yang sedang Anda hadapi. Berikut 7 contoh masalah di tempat kerja lengkap dengan solusi cerdasnya.', '30 Hari', '2', NULL, 'Jangan khawatir jika Anda tidak tahu akan solusi masalah yang sedang Anda hadapi. Berikut 7 contoh masalah di tempat kerja lengkap dengan solusi cerdasnya.', 'Jangan khawatir jika Anda tidak tahu akan solusi masalah yang sedang Anda hadapi. Berikut 7 contoh masalah di tempat kerja lengkap dengan solusi cerdasnya.', 'Jangan khawatir jika Anda tidak tahu akan solusi masalah yang sedang Anda hadapi. Berikut 7 contoh masalah di tempat kerja lengkap dengan solusi cerdasnya.', 1, 1, 1, 1, 0, '2019-09-15 15:44:33', '2019-09-26 15:37:20'),
	(2, '2. Sebagai seorang karyawan, umumnya Anda menghabiskan sekitar 8 jam untuk bekerja. Suka atau tidak suka, sejumlah masalah akan muncul saat Anda bekerja.', 'Tentunya,&nbsp; setiap masalah tidak boleh dibiarkan berlarut-larut. Mengapa? Ketika Anda membiarkannya, akan timbul masalah-masalah baru sehingga Anda terjerembab pada kubangan masalah.', 'Jangan khawatir jika Anda tidak tahu akan solusi masalah yang sedang Anda hadapi. Berikut 7 contoh masalah di tempat kerja lengkap dengan solusi cerdasnya.', '30 Hari', '2', NULL, 'Jangan khawatir jika Anda tidak tahu akan solusi masalah yang sedang Anda hadapi. Berikut 7 contoh masalah di tempat kerja lengkap dengan solusi cerdasnya.', 'Jangan khawatir jika Anda tidak tahu akan solusi masalah yang sedang Anda hadapi. Berikut 7 contoh masalah di tempat kerja lengkap dengan solusi cerdasnya.', 'Jangan khawatir jika Anda tidak tahu akan solusi masalah yang sedang Anda hadapi. Berikut 7 contoh masalah di tempat kerja lengkap dengan solusi cerdasnya.', 2, 1, 1, 1, 0, '2019-09-15 15:44:34', '2019-09-26 15:41:40'),
	(3, '3. Sebagai seorang karyawan, umumnya Anda menghabiskan sekitar 8 jam untuk bekerja. Suka atau tidak suka, sejumlah masalah akan muncul saat Anda bekerja.', 'Tentunya,&nbsp; setiap masalah tidak boleh dibiarkan berlarut-larut. Mengapa? Ketika Anda membiarkannya, akan timbul masalah-masalah baru sehingga Anda terjerembab pada kubangan masalah.', 'Jangan khawatir jika Anda tidak tahu akan solusi masalah yang sedang Anda hadapi. Berikut 7 contoh masalah di tempat kerja lengkap dengan solusi cerdasnya.', '30 Hari', '2', NULL, 'Jangan khawatir jika Anda tidak tahu akan solusi masalah yang sedang Anda hadapi. Berikut 7 contoh masalah di tempat kerja lengkap dengan solusi cerdasnya.', 'Jangan khawatir jika Anda tidak tahu akan solusi masalah yang sedang Anda hadapi. Berikut 7 contoh masalah di tempat kerja lengkap dengan solusi cerdasnya.', 'Jangan khawatir jika Anda tidak tahu akan solusi masalah yang sedang Anda hadapi. Berikut 7 contoh masalah di tempat kerja lengkap dengan solusi cerdasnya.', 3, 1, 1, 1, 0, '2019-09-15 15:44:35', '2019-09-15 15:44:35'),
	(4, 'Foxconn Dituding Eksploitasi Buruh Demi iPhone 11', '<div style="text-align: justify; ">Jakarta - Lembaga pengawasan buruh Chinese Labor Watch (CLW), memperingatkan pabrik Foxconn melanggar undang-undang buruh China. Tudingan eksploitasi buruh kembali dialamatkan pada Foxconn.</div><div style="text-align: justify;"><br></div><div style="text-align: justify;">Untuk diketahui, Foxconn adalah pabrik perakitan gadget dengan Apple sebagai pelanggan terbesarnya. Tak heran, Foxconn juga sering disebut sebagai pembuat iPhone.</div><div style="text-align: justify;"><br></div><div style="text-align: justify; ">Diduga, Foxconn memeras tenaga buruhnya demi kejar setoran memenuhi kapasitas produksi iPhone 11 yang baru dirilis. Apple sendiri langsung melakukan investigasi dan mengakui bahwa terjadi sejumlah pelanggaran, namun tidak semua.</div>', '<div style="text-align: justify;">Jakarta - Lembaga pengawasan buruh Chinese Labor Watch (CLW), memperingatkan pabrik Foxconn melanggar undang-undang buruh China. Tudingan eksploitasi buruh kembali dialamatkan pada Foxconn.</div><div style="text-align: justify;"><br></div><div style="text-align: justify;">Untuk diketahui, Foxconn adalah pabrik perakitan gadget dengan Apple sebagai pelanggan terbesarnya. Tak heran, Foxconn juga sering disebut sebagai pembuat iPhone.</div><div style="text-align: justify;"><br></div><div style="text-align: justify;">Diduga, Foxconn memeras tenaga buruhnya demi kejar setoran memenuhi kapasitas produksi iPhone 11 yang baru dirilis. Apple sendiri langsung melakukan investigasi dan mengakui bahwa terjadi sejumlah pelanggaran, namun tidak semua.</div>', '<div style="text-align: justify;">Jakarta - Lembaga pengawasan buruh Chinese Labor Watch (CLW), memperingatkan pabrik Foxconn melanggar undang-undang buruh China. Tudingan eksploitasi buruh kembali dialamatkan pada Foxconn.</div><div style="text-align: justify;"><br></div><div style="text-align: justify;">Untuk diketahui, Foxconn adalah pabrik perakitan gadget dengan Apple sebagai pelanggan terbesarnya. Tak heran, Foxconn juga sering disebut sebagai pembuat iPhone.</div><div style="text-align: justify;"><br></div><div style="text-align: justify;">Diduga, Foxconn memeras tenaga buruhnya demi kejar setoran memenuhi kapasitas produksi iPhone 11 yang baru dirilis. Apple sendiri langsung melakukan investigasi dan mengakui bahwa terjadi sejumlah pelanggaran, namun tidak semua.</div>', '1,2,3,4,5,6,7,8,9,10,11,12,13,14,15,16,17,18', NULL, 'lakukan tindak lanjut<br>', '<div style="text-align: justify;">lakukan tindak lanjut<br></div>', '<div style="text-align: justify;">lakukan tindak lanjut<br></div>', 3, 0, 1, 1, 0, '2019-09-16 02:10:40', '2019-10-12 22:06:47'),
	(10, '<div style="text-align: justify;">Adanya pihak lain yang mengakui dan menguasai lahan milik PJT II&nbsp; di Kampung Pangkalan Bambu, Kelurahan Margajaya, Kecamatan Bekasi Selatan, Kota Bekasi, seluas 33.740 m2 (tiga puluh tiga ribu tujuh ratus empat puluh meter persegi)</div>', '<p class="MsoListParagraphCxSpFirst" style="text-align: justify; margin-left: 14.45pt;"><!--[if !supportLists]-->·<span style="font-variant-numeric: normal; font-variant-east-asian: normal; font-stretch: normal; line-height: normal;">&nbsp;&nbsp;&nbsp;&nbsp;&nbsp; </span><!--[endif]--><span lang="EN-US" style="">Faktor eksternal: laju&nbsp; pertumbuhan ekonomi dan penduduk yang\r\nmengakibatkan kebutuhan akan tanah meningkat sehingga nilai tanah pun relatif\r\nnaik;</span><o:p></o:p></p>\r\n\r\n<p class="MsoListParagraphCxSpMiddle" style="text-align: justify; margin-left: 14.45pt;"><!--[if !supportLists]--><span lang="EN-US" style="line-height: 115%;">·<span style="font-variant-numeric: normal; font-variant-east-asian: normal; font-stretch: normal; line-height: normal;">&nbsp;&nbsp;&nbsp;&nbsp;&nbsp;&nbsp;\r\n</span></span><!--[endif]--><span lang="EN-US" style="">Faktor\r\ninternal : <span style="background-image: initial; background-position: initial; background-size: initial; background-repeat: initial; background-attachment: initial; background-origin: initial; background-clip: initial;">pengendalian dan pengawasan atas\r\ndata yuridis (bukti-bukti perolehan yang menjadi dasar pemberian alas hak)\r\nserta data fisik (tindakan penguasaan fisik dan rencana fungsi/ peruntukan\r\ntanah yang belum efektif dan komprehensif.</span></span><span lang="EN-US" style="line-height: 115%; background-image: initial; background-position: initial; background-size: initial; background-repeat: initial; background-attachment: initial; background-origin: initial; background-clip: initial;"><o:p></o:p></span></p>\r\n\r\n<p class="MsoListParagraphCxSpMiddle" style="text-align: justify; margin-left: 11.95pt;"><!--[if !supportLists]--><span lang="EN-US" style="">·<span style="font-variant-numeric: normal; font-variant-east-asian: normal; font-stretch: normal; line-height: normal;">&nbsp;&nbsp;&nbsp;&nbsp;\r\n</span></span><!--[endif]-->ada pihak yang telah menguasai dan memperjual\r\nbelikan secara melawan hukum dan tanpa hak atas tanah Pangkalan Bambu tanpa\r\nsepengetahuan dan tanpa seijin PJT II<span lang="EN-US" style=""><o:p></o:p></span></p>\r\n\r\n<p class="MsoListParagraphCxSpLast" style="text-align: justify; margin-left: 11.95pt;"><!--[if !supportLists]--><span lang="EN-US" style="">·<span style="font-variant-numeric: normal; font-variant-east-asian: normal; font-stretch: normal; line-height: normal;">&nbsp;&nbsp;&nbsp;&nbsp;\r\n</span></span><!--[endif]-->proses sertifikasi yang diajukan oleh PJT II\r\ndikembalikan oleh BPN Kota Bekasi<span lang="EN-US" style="font-family: Arial, sans-serif;"><o:p></o:p></span></p>', '<p class="MsoListParagraphCxSpFirst" style="text-align: justify; margin-left: 14.45pt;"><!--[if !supportLists]--><span lang="EN-US" style="">·<span style="font-variant-numeric: normal; font-variant-east-asian: normal; font-stretch: normal; line-height: normal;">&nbsp;&nbsp;&nbsp;&nbsp;&nbsp;\r\n</span></span><!--[endif]-->Mengajukan gugatan perdata di Peng<span lang="EN-US" style="">a</span>dilan\r\nNegeri Bekasi (Bukti dari Pihak Tergugat)<span lang="EN-US" style=""><o:p></o:p></span></p>\r\n\r\n<p class="MsoListParagraphCxSpMiddle" style="text-align: justify; margin-left: 14.45pt;"><!--[if !supportLists]--><span lang="EN-US" style="">·<span style="font-variant-numeric: normal; font-variant-east-asian: normal; font-stretch: normal; line-height: normal;">&nbsp;&nbsp;&nbsp;&nbsp;&nbsp;\r\n</span></span><!--[endif]-->Penggunaan Jasa Kepengacaraan Ronggur<span lang="EN-GB" style="">,</span> Roberto<span lang="EN-GB" style="">,</span> Michael Hutagalung<span lang="EN-US" style=""><o:p></o:p></span></p>\r\n\r\n<p class="MsoListParagraphCxSpMiddle" style="text-align: justify; margin-left: 14.45pt;"><!--[if !supportLists]--><span lang="EN-US" style="">·<span style="font-variant-numeric: normal; font-variant-east-asian: normal; font-stretch: normal; line-height: normal;">&nbsp;&nbsp;&nbsp;&nbsp;&nbsp;\r\n</span></span><!--[endif]--><span lang="EN-GB" style="">Telah ada putusan Pengadilan Negeri Bekasi\r\natas Gugatan Perdata terkait tanah yang terletak di Kampung Pangkalan Bambu, </span><span lang="EN-US" style="">Kelurahan Margajaya, Kecamatan Bekasi </span>Selatan<span lang="EN-US" style="">, Kota Bekasi yang pada intinya dalam amar putusannya menyatakan bahwa gugatan\r\nPenggugat tidak dapat diterima (nieton\r\nvan kelijkverklaard) artinya bahwa Gugatan yang diajukan oleh Perum\r\nJasa Tirta II selaku Penggugat tidak dapat diterima.</span><span lang="EN-US" style=""><o:p></o:p></span></p>\r\n\r\n<p class="MsoListParagraphCxSpMiddle" style="text-align: justify; margin-left: 14.45pt;"><!--[if !supportLists]--><span lang="EN-US" style="">·<span style="font-variant-numeric: normal; font-variant-east-asian: normal; font-stretch: normal; line-height: normal;">&nbsp;&nbsp;&nbsp;&nbsp;&nbsp;\r\n</span></span><!--[endif]--><span lang="EN-US" style="">Atas putusan Pengadilan Negeri Bekasi\r\ntersebut, Perum Jasa Tirta II menyampaikan upaya Banding.</span><span lang="EN-US" style=""><o:p></o:p></span></p>\r\n\r\n<p class="MsoListParagraphCxSpMiddle" style="text-align: justify; margin-left: 14.45pt;"><!--[if !supportLists]--><span lang="EN-US" style="">·<span style="font-variant-numeric: normal; font-variant-east-asian: normal; font-stretch: normal; line-height: normal;">&nbsp;&nbsp;&nbsp;&nbsp;&nbsp;\r\n</span></span><!--[endif]--><span lang="EN-US" style="">Surat\r\nDinas Direktur Utama Perum Jasa Tirta II kepada Jaksa Agung Republik Indonesia\r\nNomor&nbsp;&nbsp;&nbsp;&nbsp;&nbsp;&nbsp;&nbsp;&nbsp;&nbsp; 1/ DIR/ 87/ SD/ 2018\r\ntanggal 9 Mei 2018 perihal Permohonan bantuan hukum Datun terhadap aset lahan\r\nmilik dan lahan serah operasi Perum Jasa Tirta II (PJT II) yang dikuasai oleh\r\npihak yang tidak berhak/ melawan hukum,<o:p></o:p></span></p>\r\n\r\n<p class="MsoListParagraphCxSpMiddle" style="text-align: justify; margin-left: 14.45pt;"><!--[if !supportLists]--><span lang="EN-US" style="">·<span style="font-variant-numeric: normal; font-variant-east-asian: normal; font-stretch: normal; line-height: normal;">&nbsp;&nbsp;&nbsp;&nbsp;&nbsp;\r\n</span></span><!--[endif]--><span lang="EN-US" style="">Bahwa\r\nberdasarkan Surat Kuasa Khusus Nomor: 1DIR/11/SKS/2018 antara Direktur Utama\r\nPerusahaan Umum (Perum) Jasa Tirta II selaku P</span>EMBERI KUASA<span lang="EN-US" style=""> dan </span>Jaksa Agung Muda Perdata &amp;<span lang="EN-US" style=""><o:p></o:p></span></p>\r\n\r\n<p class="MsoListParagraphCxSpMiddle" style="text-align: justify; margin-left: 14.45pt;">Tata\r\nUsaha Negara Kejaksaan Agung Republik Indonesia selaku PENERIMA KUASA<span lang="EN-US" style=""> yang ditindaklanjuti dengan </span>Surat Kuasa\r\nSubtitusi Nomor: SK – 035/G/G.p.2/08/2108<span lang="EN-US" style=""> tanggal 09 Agustus 2018;<o:p></o:p></span></p>\r\n\r\n<p class="MsoListParagraphCxSpMiddle" style="text-align: justify; margin-left: 14.45pt;"><!--[if !supportLists]--><span lang="EN-US" style="">·<span style="font-variant-numeric: normal; font-variant-east-asian: normal; font-stretch: normal; line-height: normal;">&nbsp;&nbsp;&nbsp;&nbsp;&nbsp;\r\n</span></span><!--[endif]--><span lang="EN-US" style="">Telah\r\ndihasilkan suatu kesepakatan agenda kerja antara Tim Jaksa Pengacara Negara\r\nKejagung RI dan Tim Kegiatan Penyelesaian Permasalahan Hukum Pangkalan Bambu\r\nPJT II yang dituangkan di dalam notulen rapat tanggal 04 September 2018 <o:p></o:p></span></p>\r\n\r\n<p class="MsoListParagraphCxSpLast" style="text-align: justify; margin-left: 14.45pt;"><!--[if !supportLists]--><span lang="EN-US" style="">·<span style="font-variant-numeric: normal; font-variant-east-asian: normal; font-stretch: normal; line-height: normal;">&nbsp;&nbsp;&nbsp;&nbsp;&nbsp;\r\n</span></span><!--[endif]--><span lang="EN-US" style="">Telah\r\nditerbitkan KEPUTUSAN DIREKSI </span>PERUSAHAAN UMUM (<span lang="EN-US" style="">PERUM</span>)<span lang="EN-US" style=""> JASA TIRTA II NOMOR :1/</span>DIR/&nbsp; <span lang="EN-US" style="">141/KPT/20</span>18<span lang="EN-US" style="">\r\nTENTANG PEMBENTUKAN TIM KEGIATAN PENYELESAIAN PERMASALAHAN LAHAN MILIK PERUM\r\nJASA TIRTA II DI PANGKALAN BAMBU BEKASI<span style="font-family: Arial, sans-serif;"><o:p></o:p></span></span></p>', '<p class="MsoNormal" align="center" style="text-align: justify; "><span lang="EN-US" style="">Berkelanjutan<span style="font-family: Arial, sans-serif;"><o:p></o:p></span></span></p>', '1,2', 'Sekper. cq Bidang Bantuan Hukum, Divisi Inventarisasi &amp; Pengendalian Aset dan Unit Kerja lainnya yang terkait', '<p class="MsoListParagraphCxSpFirst" style="text-align: justify; margin-left: 14.45pt;"><!--[if !supportLists]--><span lang="EN-US" style="">·<span style="font-variant-numeric: normal; font-variant-east-asian: normal; font-stretch: normal; line-height: normal;">&nbsp;&nbsp;&nbsp;&nbsp;&nbsp;\r\n</span></span><!--[endif]-->Mengajukan gugatan perdata di Peng<span lang="EN-US" style="">a</span>dilan\r\nNegeri Bekasi (Bukti dari Pihak Tergugat)<span lang="EN-US" style=""><o:p></o:p></span></p>\r\n\r\n<p class="MsoListParagraphCxSpMiddle" style="text-align: justify; margin-left: 14.45pt;"><!--[if !supportLists]--><span lang="EN-US" style="">·<span style="font-variant-numeric: normal; font-variant-east-asian: normal; font-stretch: normal; line-height: normal;">&nbsp;&nbsp;&nbsp;&nbsp;&nbsp;\r\n</span></span><!--[endif]-->Penggunaan Jasa Kepengacaraan Ronggur<span lang="EN-GB" style="">,</span> Roberto<span lang="EN-GB" style="">,</span> Michael Hutagalung<span lang="EN-US" style=""><o:p></o:p></span></p>\r\n\r\n<p class="MsoListParagraphCxSpMiddle" style="text-align: justify; margin-left: 14.45pt;"><!--[if !supportLists]--><span lang="EN-US" style="">·<span style="font-variant-numeric: normal; font-variant-east-asian: normal; font-stretch: normal; line-height: normal;">&nbsp;&nbsp;&nbsp;&nbsp;&nbsp;\r\n</span></span><!--[endif]--><span lang="EN-GB" style="">Telah ada putusan Pengadilan Negeri Bekasi\r\natas Gugatan Perdata terkait tanah yang terletak di Kampung Pangkalan Bambu, </span><span lang="EN-US" style="">Kelurahan Margajaya, Kecamatan Bekasi </span>Selatan<span lang="EN-US" style="">, Kota Bekasi yang pada intinya dalam amar putusannya menyatakan bahwa gugatan\r\nPenggugat tidak dapat diterima (nieton\r\nvan kelijkverklaard) artinya bahwa Gugatan yang diajukan oleh Perum\r\nJasa Tirta II selaku Penggugat tidak dapat diterima.</span><span lang="EN-US" style=""><o:p></o:p></span></p>\r\n\r\n<p class="MsoListParagraphCxSpMiddle" style="text-align: justify; margin-left: 14.45pt;"><!--[if !supportLists]--><span lang="EN-US" style="">·<span style="font-variant-numeric: normal; font-variant-east-asian: normal; font-stretch: normal; line-height: normal;">&nbsp;&nbsp;&nbsp;&nbsp;&nbsp;\r\n</span></span><!--[endif]--><span lang="EN-US" style="">Atas putusan Pengadilan Negeri Bekasi\r\ntersebut, Perum Jasa Tirta II menyampaikan upaya Banding.</span><span lang="EN-US" style=""><o:p></o:p></span></p>\r\n\r\n<p class="MsoListParagraphCxSpMiddle" style="text-align: justify; margin-left: 14.45pt;"><!--[if !supportLists]--><span lang="EN-US" style="">·<span style="font-variant-numeric: normal; font-variant-east-asian: normal; font-stretch: normal; line-height: normal;">&nbsp;&nbsp;&nbsp;&nbsp;&nbsp;\r\n</span></span><!--[endif]--><span lang="EN-US" style="">Surat\r\nDinas Direktur Utama Perum Jasa Tirta II kepada Jaksa Agung Republik Indonesia\r\nNomor : 1/ DIR/ 87/ SD/ 2018 tanggal 9 Mei 2018 perihal Permohonan bantuan\r\nhukum Datun terhadap aset lahan milik dan lahan serah operasi Perum Jasa Tirta\r\nII (PJT II) yang dikuasai oleh pihak yang tidak berhak/ melawan hukum,<o:p></o:p></span></p>\r\n\r\n<p class="MsoListParagraphCxSpMiddle" style="text-align: justify; margin-left: 14.45pt;"><!--[if !supportLists]--><span lang="EN-US" style="">·<span style="font-variant-numeric: normal; font-variant-east-asian: normal; font-stretch: normal; line-height: normal;">&nbsp;&nbsp;&nbsp;&nbsp;&nbsp;\r\n</span></span><!--[endif]--><span lang="EN-US" style="">Bahwa\r\nberdasarkan Surat Kuasa Khusus Nomor: 1DIR/11/SKS/2018 antara Direktur Utama\r\nPerusahaan Umum (Perum) Jasa Tirta II selaku P</span>EMBERI KUASA<span lang="EN-US" style=""> dan </span>Jaksa Agung Muda Perdata &amp;<span lang="EN-US" style=""><o:p></o:p></span></p>\r\n\r\n<p class="MsoListParagraphCxSpMiddle" style="text-align: justify; margin-left: 14.45pt;">Tata Usaha Negara Kejaksaan Agung Republik Indonesia\r\nselaku PENERIMA KUASA<span lang="EN-US" style="">\r\nyang ditindaklanjuti dengan </span>Surat Kuasa Subtitusi Nomor: SK – 035/G/G.p.2/08/2108<span lang="EN-US" style=""> tanggal 09 Agustus 2018;<o:p></o:p></span></p>\r\n\r\n<p class="MsoListParagraphCxSpMiddle" style="text-align: justify; margin-left: 14.45pt;"><!--[if !supportLists]--><span lang="EN-US" style="">·<span style="font-variant-numeric: normal; font-variant-east-asian: normal; font-stretch: normal; line-height: normal;">&nbsp;&nbsp;&nbsp;&nbsp;&nbsp;\r\n</span></span><!--[endif]--><span lang="EN-US" style="">Telah\r\ndihasilkan suatu kesepakatan agenda kerja antara Tim Jaksa Pengacara Negara\r\nKejagung RI dan Tim Kegiatan Penyelesaian Permasalahan Hukum Pangkalan Bambu\r\nPJT II yang dituangkan di dalam notulen rapat tanggal 04 September 2018 <o:p></o:p></span></p>\r\n\r\n<p class="MsoListParagraphCxSpLast" style="text-align: justify; margin-left: 14.45pt;"><!--[if !supportLists]--><span lang="EN-US" style="">·<span style="font-variant-numeric: normal; font-variant-east-asian: normal; font-stretch: normal; line-height: normal;">&nbsp;&nbsp;&nbsp;&nbsp;&nbsp;\r\n</span></span><!--[endif]--><span lang="EN-US" style="">Telah\r\nditerbitkan KEPUTUSAN DIREKSI </span>PERUSAHAAN UMUM (<span lang="EN-US" style="">PERUM</span>)<span lang="EN-US" style=""> JASA TIRTA II NOMOR :1/</span>DIR/&nbsp; <span lang="EN-US" style="">141/KPT/20</span>18<span lang="EN-US" style="">\r\nTENTANG PEMBENTUKAN TIM KEGIATAN PENYELESAIAN PERMASALAHAN LAHAN MILIK PERUM\r\nJASA TIRTA II DI PANGKALAN BAMBU BEKASI<span style="font-family: Arial, sans-serif;"><o:p></o:p></span></span></p>', NULL, NULL, 5, 1, 1, 0, 0, '2019-09-26 11:37:46', '2019-09-26 11:37:46'),
	(11, '<div style="text-align: justify;">Banyaknya gugatan/ laporan polisi/ terbitnya hak atas tanah (sertifikat)\r\ndengan nama pihak lain diatas lahan serah operasi Kementerian PUPR maupun lahan\r\nmilik Perusahaan yang sifatnya tidak dapat diprediksi/ berulang</div>', '<p class="MsoListParagraphCxSpFirst" style="text-align: justify; margin-left: 14.45pt;"><!--[if !supportLists]-->·<span style="font-variant-numeric: normal; font-variant-east-asian: normal; font-stretch: normal; line-height: normal;">&nbsp;&nbsp;&nbsp;&nbsp;&nbsp; </span><!--[endif]--><span lang="EN-US" style="">Faktor eksternal: laju&nbsp; pertumbuhan ekonomi dan penduduk yang\r\nmengakibatkan kebutuhan akan tanah meningkat sehingga nilai tanah pun relatif\r\nnaik;</span><o:p></o:p></p>\r\n\r\n<p class="MsoListParagraphCxSpMiddle" style="text-align: justify; margin-left: 14.45pt;"><!--[if !supportLists]--><span lang="EN-US" style="line-height: 115%;">·<span style="font-variant-numeric: normal; font-variant-east-asian: normal; font-stretch: normal; line-height: normal;">&nbsp;&nbsp;&nbsp;&nbsp;&nbsp;&nbsp;\r\n</span></span><!--[endif]--><span lang="EN-US" style="">Faktor\r\ninternal : <span style="background-image: initial; background-position: initial; background-size: initial; background-repeat: initial; background-attachment: initial; background-origin: initial; background-clip: initial;">pengendalian dan pengawasan atas\r\ndata yuridis (bukti-bukti perolehan yang menjadi dasar pemberian alas hak)\r\nserta data fisik (tindakan penguasaan fisik dan rencana fungsi/ peruntukan\r\ntanah yang belum efektif).</span></span><span lang="EN-US" style="line-height: 115%; background-image: initial; background-position: initial; background-size: initial; background-repeat: initial; background-attachment: initial; background-origin: initial; background-clip: initial;"><o:p></o:p></span></p>\r\n\r\n<p class="MsoListParagraphCxSpMiddle" style="text-align: justify; margin-left: 14.45pt;"><!--[if !supportLists]--><span lang="EN-US" style="">·<span style="font-variant-numeric: normal; font-variant-east-asian: normal; font-stretch: normal; line-height: normal;">&nbsp;&nbsp;&nbsp;&nbsp;&nbsp;\r\n</span></span><!--[endif]--><span lang="EN-US" style="">Kurangnya\r\npengamanan atas lahan-lahan PJT II baik dalam bentuk tindakan yang sifatnya\r\npecegahan meliputi: pendaftaran tanah, pengukuran ulang,&nbsp; pemasangan patok batas maupun papan plang\r\nyang menyatakan lahan-lahan tersebut milik/ serah operasi PJT II;<o:p></o:p></span></p>\r\n\r\n<p class="MsoListParagraphCxSpLast" style="text-align: justify; margin-left: 14.45pt;"><!--[if !supportLists]--><span lang="EN-US" style="">·<span style="font-variant-numeric: normal; font-variant-east-asian: normal; font-stretch: normal; line-height: normal;">&nbsp;&nbsp;&nbsp;&nbsp;&nbsp;\r\n</span></span><!--[endif]--><span lang="EN-US" style="">Belum\r\nsaling menunjangnya program kerja antar unit-unit kerja yang memiliki\r\nketerkaitan dalam penyelesaian permasalahan asset<span style="font-family: Arial, sans-serif;"><o:p></o:p></span></span></p>', '<p class="MsoListParagraphCxSpFirst" style="text-align: justify; margin-left: 14.45pt;"><!--[if !supportLists]-->·<span style="font-variant-numeric: normal; font-variant-east-asian: normal; font-stretch: normal; line-height: normal;">&nbsp;&nbsp;&nbsp;&nbsp;</span><span lang="EN-US" style="">Re-manajemen aset atas\r\nbukti-bukti perolehan aset (daftar aset)&nbsp;\r\ndan fisik aset<br></span>·<span style="font-variant-numeric: normal; font-variant-east-asian: normal; font-stretch: normal; line-height: normal;">&nbsp;&nbsp;&nbsp;&nbsp;</span><span lang="EN-US">Penataan fungsi/ peruntukkan\r\naset terhadap kegiatan operasional dan bisnis perusahaan;<br></span>·<span style="font-variant-numeric: normal; font-variant-east-asian: normal; font-stretch: normal; line-height: normal;">&nbsp;&nbsp;&nbsp;&nbsp;</span>Melakukan\r\npencegahan&nbsp; dengan melakukan koordinasi\r\ndan <span lang="EN-US">kerjasama\r\ndengan para stakeholders terutama\r\nkepada pihak BPN dan Pemda dalam</span> hal sinkronisasi <span lang="EN-US">data aset (pembebasan/ milik) dengan\r\nrencana tata ruang wilayah;</span></p><p class="MsoListParagraphCxSpMiddle" style="text-align: justify; margin-left: 14.45pt;"><o:p></o:p></p>\r\n\r\n<p class="MsoListParagraphCxSpMiddle" style="text-align: justify; margin-left: 14.45pt;"><!--[if !supportLists]-->·<span style="font-variant-numeric: normal; font-variant-east-asian: normal; font-stretch: normal; line-height: normal;">&nbsp;&nbsp;&nbsp;&nbsp;&nbsp; </span><!--[endif]--><span lang="EN-US" style="">Mengikuti dan menempuh upaya\r\nhukum&nbsp; dalam proses peradilan atau non\r\nlitigasi;<br></span>·<span style="font-variant-numeric: normal; font-variant-east-asian: normal; font-stretch: normal; line-height: normal;">&nbsp;&nbsp;&nbsp;&nbsp;&nbsp; </span><span lang="EN-GB">Mengikuti jalannya proses persidangan bila ada gugatan.<br></span>·<span style="font-variant-numeric: normal; font-variant-east-asian: normal; font-stretch: normal; line-height: normal;">&nbsp;&nbsp;&nbsp;&nbsp;&nbsp; </span><span lang="EN-GB">Melakukan pendampingan terhadap pejabat/ pegawai bila ada laporan\r\npolisi.<br></span>·<span style="font-variant-numeric: normal; font-variant-east-asian: normal; font-stretch: normal; line-height: normal;">&nbsp;&nbsp;&nbsp;&nbsp;&nbsp; </span><span lang="EN-GB">Untuk tindakan pengamanan atas lahan-lahan PJT II, diantaranya melakukan\r\nhal-hal sebagai berikut :</span>-<span style="font-variant-numeric: normal; font-variant-east-asian: normal; font-stretch: normal; line-height: normal;">&nbsp;&nbsp;&nbsp;&nbsp;&nbsp;\r\n</span><span lang="EN-GB">Sertifikasi terhadap lahan-lahan PJT II.</span></p><p class="MsoListParagraphCxSpMiddle" style="text-align: justify; margin-left: 30.05pt;">-<span style="font-variant-numeric: normal; font-variant-east-asian: normal; font-stretch: normal; line-height: normal;">&nbsp;&nbsp;&nbsp;&nbsp;&nbsp;\r\n</span><span lang="EN-GB">Pemasangan patok batas, </span><span lang="EN-US">seperti yang\r\ntelah dilakukan di UUW III Seksi STT<br></span>-<span style="font-variant-numeric: normal; font-variant-east-asian: normal; font-stretch: normal; line-height: normal;">&nbsp;&nbsp;&nbsp;&nbsp;&nbsp;\r\n</span><span lang="EN-GB">Pemasangan papan yang menunjukkan kepemilikan\r\nperusahaan dan/ atau papan larangan</span></p>', '<span lang="EN-US" style="line-height: 115%;">Berkelanjutan</span>', '2', '<p class="MsoNormal"><div style="text-align: justify;">Sesuai dengan Peraturan Direksi PJT II No. 1/11/PRT/2016 tentang SOTK<br><div style="text-indent: 0px;"><span lang="EN-US" style="text-indent: -6.75pt;">-<span style="font-variant-numeric: normal; font-variant-east-asian: normal; font-stretch: normal; line-height: normal;">&nbsp; </span></span><span lang="EN-US" style="text-indent: -6.75pt;">Sekper. cq&nbsp; Bidang Bantuan Hukum untuk gugatan dan\r\nlaporan polisi;<br></span><span lang="EN-US" style="text-indent: -6.75pt;">-<span style="font-variant-numeric: normal; font-variant-east-asian: normal; font-stretch: normal; line-height: normal;">&nbsp; </span></span><span lang="EN-US" style="text-indent: -6.75pt;">Sekper.c</span><span style="text-indent: -6.75pt;">q </span><span lang="EN-US" style="text-indent: -6.75pt;">Bidang </span><span style="text-indent: -6.75pt;">Bantuan Hukum</span><span lang="EN-US" style="text-indent: -6.75pt;">, Divisi Renstra Litbang,\r\nDivisi IPA dan UUW untuk tindakan, pencegahan, penguasaan/ pengamanan &amp;\r\npenataan aset dan Divisi SDA/L</span></div></div></p>', '<p style="text-align: justify; margin-left: 14.45pt;"><!--[if !supportLists]-->·<span style="font-variant-numeric: normal; font-variant-east-asian: normal; font-stretch: normal; line-height: normal;">&nbsp;&nbsp;&nbsp;&nbsp;&nbsp; </span><!--[endif]--><span lang="EN-US" style="">Re-manajemen aset atas\r\nbukti-bukti perolehan aset (daftar aset)&nbsp;\r\ndan fisik aset<br></span>·<span style="font-variant-numeric: normal; font-variant-east-asian: normal; font-stretch: normal; line-height: normal;">&nbsp;&nbsp;&nbsp;&nbsp;&nbsp; </span><span lang="EN-US">Penataan fungsi/ peruntukkan\r\naset terhadap kegiatan operasional dan bisnis perusahaan;<br></span>·<span style="font-variant-numeric: normal; font-variant-east-asian: normal; font-stretch: normal; line-height: normal;">&nbsp;&nbsp;&nbsp;&nbsp;&nbsp; </span>Melakukan\r\npencegahan&nbsp; dengan melakukan koordinasi\r\ndan <span lang="EN-US">kerjasama\r\ndengan para stakeholders terutama\r\nkepada pihak BPN dan Pemda dalam</span> hal sinkronisasi <span lang="EN-US">data aset (pembebasan/ milik) dengan\r\nrencana tata ruang wilayah;<br></span>·<span style="font-variant-numeric: normal; font-variant-east-asian: normal; font-stretch: normal; line-height: normal;">&nbsp;&nbsp;&nbsp;&nbsp;&nbsp; </span><span lang="EN-US">Mengikuti dan menempuh upaya\r\nhukum&nbsp; dalam proses peradilan atau non\r\nlitigasi;<br></span>·<span style="font-variant-numeric: normal; font-variant-east-asian: normal; font-stretch: normal; line-height: normal;">&nbsp;&nbsp;&nbsp;&nbsp;&nbsp; </span><span lang="EN-GB">Mengikuti jalannya proses persidangan bila ada gugatan.<br></span>·<span style="font-variant-numeric: normal; font-variant-east-asian: normal; font-stretch: normal; line-height: normal;">&nbsp;&nbsp;&nbsp;&nbsp;&nbsp; </span><span lang="EN-GB">Melakukan pendampingan terhadap pejabat/ pegawai bila ada laporan\r\npolisi.<br></span>·<span style="font-variant-numeric: normal; font-variant-east-asian: normal; font-stretch: normal; line-height: normal;">&nbsp;&nbsp;&nbsp;&nbsp;&nbsp; </span><span lang="EN-GB">Untuk tindakan pengamanan atas lahan-lahan PJT II, diantaranya melakukan\r\nhal-hal sebagai berikut :</span></p><p style="text-align: justify; margin-left: 14.45pt;"><o:p></o:p></p><p style="text-align: justify; margin-left: 30.05pt;"><!--[if !supportLists]-->-<span style="font-variant-numeric: normal; font-variant-east-asian: normal; font-stretch: normal; line-height: normal;">&nbsp;&nbsp;&nbsp;&nbsp;&nbsp;\r\n</span><!--[endif]--><span lang="EN-GB" style="">Sertifikasi terhadap lahan-lahan PJT II.<br></span>-<span style="font-variant-numeric: normal; font-variant-east-asian: normal; font-stretch: normal; line-height: normal;">&nbsp;&nbsp;&nbsp;&nbsp;&nbsp;\r\n</span><span lang="EN-GB">Pemasangan patok batas, </span><span lang="EN-US">seperti yang\r\ntelah dilakukan di UUW III Seksi STT</span></p><p style="text-align: justify; margin-left: 30.05pt;">-<span style="font-variant-numeric: normal; font-variant-east-asian: normal; font-stretch: normal; line-height: normal;">&nbsp;&nbsp;&nbsp;&nbsp;&nbsp;\r\n</span><span lang="EN-GB">Pemasangan papan yang menunjukkan kepemilikan\r\nperusahaan dan/ atau papan larangan</span></p>', '-', '-', 5, 1, 1, 0, 0, '2019-09-26 11:51:26', '2019-09-26 11:51:26'),
	(12, '<p class="MsoNormal"><span lang="EN-US" style="">Tertundanya\r\nPenyelesaian Proses Harmonisasi Rancangan PP pengganti PP 7/2010 ttg PJT II\r\nterkait dengan rencana Pengembangan Wilayah Kerja PJT II<span style="font-family: Arial, sans-serif;"><o:p></o:p></span></span></p>', '<p class="MsoNormal"><span lang="EN-US" style="">Pihak\r\nKementerian BUMN masih belum memberikan tanggapan atas usulan / perubahaan\r\nsubstansi Rancangan PP yang disusulkan oleh Kementerian PUPR<span style="font-family: Arial, sans-serif;"><o:p></o:p></span></span></p>', '<p class="MsoListParagraphCxSpFirst" style="margin-left: 15.9pt;"><!--[if !supportLists]--><span lang="EN-US" style="">•<span style="font-variant-numeric: normal; font-variant-east-asian: normal; font-stretch: normal; line-height: normal;">&nbsp;&nbsp;&nbsp;&nbsp;&nbsp;\r\n</span></span><!--[endif]--><span lang="EN-US" style="">Proaktif\r\nmenyiapkan bahan / materi dan memberikan penjelasan / pembahasan yang\r\ndibutuhkan pihak Kementerian BUMN, PUPR maupun Hukum &amp; HAM, baik melalui formal\r\nmeeting maupun secara informal.<o:p></o:p></span></p>\r\n\r\n<p class="MsoListParagraphCxSpLast" style="margin-left: 15.9pt;"><!--[if !supportLists]--><span lang="EN-US" style="">•<span style="font-variant-numeric: normal; font-variant-east-asian: normal; font-stretch: normal; line-height: normal;">&nbsp;&nbsp;&nbsp;&nbsp;&nbsp;\r\n</span></span><!--[endif]--><span lang="EN-US" style="">Proaktif\r\nmemonitor progres pembahasan Rancangan PP oleh Pihak Internal Kementerian BUMN.<span style="font-family: Arial, sans-serif;"><o:p></o:p></span></span></p>', '<p class="MsoNormal" style="margin-left: 8.8pt;"><!--[if !supportLists]--><span lang="EN-US" style="">•<span style="font-variant-numeric: normal; font-variant-east-asian: normal; font-stretch: normal; line-height: normal;">&nbsp;&nbsp; </span></span><!--[endif]--><span lang="EN-US" style="">Minggu II Maret 2019 :\r\nKesepahaman antara Kemen.BUMN dan PUPR<o:p></o:p></span></p>\r\n\r\n<p class="MsoNormal" style="margin-left: 8.8pt;"><!--[if !supportLists]--><span lang="EN-US" style="">•<span style="font-variant-numeric: normal; font-variant-east-asian: normal; font-stretch: normal; line-height: normal;">&nbsp;&nbsp; </span></span><!--[endif]--><span lang="EN-US" style="">Minggu III Maret 2019 :\r\nKesepahaman pada Pleno Harmonisasi di Kemen.<o:p></o:p></span></p>\r\n\r\n<p class="MsoNormal" style="margin-left:8.8pt"><span lang="EN-US" style="">Hukum &amp; HAM<span style="font-family: Arial, sans-serif;"><o:p></o:p></span></span></p>', '10', '<p class="MsoNormal"><span lang="EN-US" style="">SE.Tk.\r\nI Bidang Pengembangan Wilayah/ Ketua Tim Pengembangan Wilayah<span style="font-family: Arial, sans-serif;"><o:p></o:p></span></span></p>', '<p class="MsoListParagraphCxSpFirst" style="margin-left: 15.9pt;"><!--[if !supportLists]--><span lang="EN-US" style="">•<span style="font-variant-numeric: normal; font-variant-east-asian: normal; font-stretch: normal; line-height: normal;">&nbsp;&nbsp;&nbsp;&nbsp;&nbsp; </span></span><!--[endif]--><span lang="EN-US" style="">Proaktif menyiapkan bahan /\r\nmateri dan memberikan penjelasan / pembahasan yang dibutuhkan pihak Kementerian\r\nBUMN, PUPR maupun Hukum &amp; HAM, baik melalui formal meeting maupun\r\nsecara informal.<o:p></o:p></span></p>\r\n\r\n<p class="MsoListParagraphCxSpLast" style="margin-left: 15.9pt;"><!--[if !supportLists]--><span lang="EN-US" style="">•<span style="font-variant-numeric: normal; font-variant-east-asian: normal; font-stretch: normal; line-height: normal;">&nbsp;&nbsp;&nbsp;&nbsp;&nbsp;\r\n</span></span><!--[endif]--><span lang="EN-US" style="">Proaktif\r\nmemonitor progres pembahasan Rancangan PP oleh Pihak Internal Kementerian BUMN.<span style="font-family: Arial, sans-serif;"><o:p></o:p></span></span></p>', '-', '-', 5, 1, 1, 0, 0, '2019-09-26 11:54:47', '2019-09-26 11:54:47'),
	(13, '<p class="MsoNormal" style="text-align:justify"><span lang="EN-US" style="font-family:&quot;Arial&quot;,sans-serif">Tertundanya Proses Pelelangan Badan\r\nUsaha Pelaksana (BUP/Investor) SPAM Regional Jatiliuhur 1<o:p></o:p></span></p>', '<p class="MsoNormal" style="margin-left: 8.8pt;"><!--[if !supportLists]--><span lang="EN-US" style="">•<span style="font-variant-numeric: normal; font-variant-east-asian: normal; font-stretch: normal; line-height: normal;">&nbsp; </span></span><!--[endif]--><span lang="EN-US" style="">Belum terbitnya Surat\r\nPersetujuan Penjaminan Proyek oleh PT.PII, dimana PT. PII masih mendalami FS\r\ndan Dokumen RfP dari PJPK.<o:p></o:p></span></p>\r\n\r\n<p class="MsoNormal" style="margin-left: 8.8pt;"><!--[if !supportLists]--><span lang="EN-US" style="">•<span style="font-variant-numeric: normal; font-variant-east-asian: normal; font-stretch: normal; line-height: normal;">&nbsp; </span></span><!--[endif]--><span lang="EN-US" style="">Belum ditandatanganinya PKS\r\nRegional, dimana masih ada koreksi substansi dan narasi dari Pihak Pemerintah\r\nDaerah Kab.Bekasi dan DKI Jakarta.<span style="font-family: Arial, sans-serif;"><o:p></o:p></span></span></p>', '<p class="MsoListParagraphCxSpFirst" style="margin-left: 15.9pt;"><!--[if !supportLists]--><span lang="EN-US" style="">•<span style="font-variant-numeric: normal; font-variant-east-asian: normal; font-stretch: normal; line-height: normal;">&nbsp;&nbsp;&nbsp;&nbsp;&nbsp;\r\n</span></span><!--[endif]--><span lang="EN-US" style="">Proaktif\r\nmenyiapkan bahan / materi dan memberikan penjelasan / pembahasan yang\r\ndibutuhkan pihak PT.PII, baik melalui formal meeting maupun secara\r\ninformal.<o:p></o:p></span></p>\r\n\r\n<p class="MsoListParagraphCxSpLast" style="margin-left: 15.9pt;"><!--[if !supportLists]--><span lang="EN-US" style="">•<span style="font-variant-numeric: normal; font-variant-east-asian: normal; font-stretch: normal; line-height: normal;">&nbsp;&nbsp;&nbsp;&nbsp;&nbsp;\r\n</span></span><!--[endif]--><span lang="EN-US" style="">Proaktif\r\nmengikuti dan memonitor progres pembahasan PKS Regional yang di inisiasi oleh\r\nDit.SPAM DJCK dan BP2SPAM Kementerian PUPR.<span style="font-family: Arial, sans-serif;"><o:p></o:p></span></span></p>', '<p class="MsoNormal" style="margin-left: 8.8pt;"><!--[if !supportLists]--><span lang="EN-US" style="">•<span style="font-variant-numeric: normal; font-variant-east-asian: normal; font-stretch: normal; line-height: normal;">&nbsp;&nbsp; </span></span><!--[endif]--><span lang="EN-US" style="">Minggu I Maret 2019 :\r\nTerbitnya Surat Persetujuan Penjaminan Proyek oleh PT. PII<o:p></o:p></span></p>\r\n\r\n<p class="MsoNormal" style="margin-left: 8.8pt;"><!--[if !supportLists]--><span lang="EN-US" style="">•<span style="font-variant-numeric: normal; font-variant-east-asian: normal; font-stretch: normal; line-height: normal;">&nbsp;&nbsp; </span></span><!--[endif]--><span lang="EN-US" style="">Minggu II Maret 2019 :\r\nDitandatanganinya PKS Regional.<o:p></o:p></span></p>\r\n\r\n<p class="MsoNormal" style="margin-left: 8.8pt;"><!--[if !supportLists]--><span lang="EN-US" style="">•<span style="font-variant-numeric: normal; font-variant-east-asian: normal; font-stretch: normal; line-height: normal;">&nbsp;&nbsp; </span></span><!--[endif]--><span lang="EN-US" style="">20 Maret 2019 : Dilaksanakannya\r\nLelang BUP<span style="font-family: Arial, sans-serif;"><o:p></o:p></span></span></p>', '10', '<p class="MsoNormal"><span lang="EN-US" style="">Ketua\r\nTim KPBU SPAM Regional Jatiluhur 1<span style="font-family: Arial, sans-serif;"><o:p></o:p></span></span></p>', '<p class="MsoListParagraphCxSpFirst" style="margin-left: 15.9pt;"><!--[if !supportLists]--><span lang="EN-US" style="">•<span style="font-variant-numeric: normal; font-variant-east-asian: normal; font-stretch: normal; line-height: normal;">&nbsp;&nbsp;&nbsp;&nbsp;&nbsp; </span></span><!--[endif]--><span lang="EN-US" style="">Proaktif menyiapkan bahan /\r\nmateri dan memberikan penjelasan / pembahasan yang dibutuhkan pihak PT.PII,\r\nbaik melalui formal meeting maupun secara informal.<o:p></o:p></span></p>\r\n\r\n<p class="MsoListParagraphCxSpLast" style="margin-left: 15.9pt;"><!--[if !supportLists]--><span lang="EN-US" style="">•<span style="font-variant-numeric: normal; font-variant-east-asian: normal; font-stretch: normal; line-height: normal;">&nbsp;&nbsp;&nbsp;&nbsp;&nbsp;\r\n</span></span><!--[endif]--><span lang="EN-US" style="">Proaktif\r\nmengikuti dan memonitor progres pembahasan PKS Regional yang di inisiasi oleh\r\nDit.SPAM DJCK dan BP2SPAM Kementerian PUPR.<span style="font-family: Arial, sans-serif;"><o:p></o:p></span></span></p>', NULL, NULL, 5, 1, 1, 0, 0, '2019-09-26 11:59:54', '2019-09-26 11:59:54'),
	(14, '<span lang="EN-US" style="line-height: 115%;">Bantuan Peternakan Ayam\r\nPetelur</span>', '<span lang="EN-US" style="line-height: 115%;">Program <span style="font-family: Arial, sans-serif; font-size: 11pt;">Zero</span> KJA dengan tujuan masyarakat tersebut\r\nberalih profesi dari petani jaring apung menjadi pengusaha ayam petelur</span>', '<p class="MsoNormal"><span lang="EN-US" style="">Bantuan pelatihan dan batuan bibit ayam petelur</span><span lang="EN-US" style="font-family:&quot;Arial&quot;,sans-serif"><o:p></o:p></span></p>', '<p class="MsoNormal" align="center" style="text-align: justify; "><span lang="EN-US" style="">31 Maret\r\n2019</span><span lang="EN-US" style="font-family:&quot;Arial&quot;,sans-serif"><o:p></o:p></span></p>', '4', '<span lang="EN-US" style="line-height: 115%;">Kadiv. Umum &amp; PKBL</span>', '<span lang="EN-US" style="line-height: 115%;">Bantuan pelatihan dan\r\nbatuan bibit ayam petelur</span>', NULL, NULL, NULL, 1, 1, 0, 0, '2019-09-26 12:04:33', '2019-09-26 12:04:33'),
	(15, '<span style="line-height: 115%;" lang="EN-US">Pelaksanaan Peraturan Pemerintah&nbsp;</span><span style="line-height: 115%;" lang="EN-US">Nomor 101 Tahun 2014 tentang Pengelolaan Limbah Bahan Berbahaya dan\r\nBeracun</span>', '<span style="line-height: 115%;" lang="EN-US">Belum tersedianya prosedur&nbsp;</span><span style="line-height: 115%;" lang="EN-US">pengelolaan Limbah B3</span>', '<span style="line-height: 115%;" lang="EN-US">Penyusunan prosedur pengelolaan Limbah B3</span>', '<span style="line-height: 115%;" lang="EN-US">Juli 2019</span>', '6,13', '<ul><li style="margin-left: 8.8pt;"><span lang="EN-US" style="">GM\r\nPLTA</span></li><li style="margin-left: 8.8pt;">Kadiv. PKSM</li></ul>', '<span style="line-height: 115%;" lang="EN-US">Penyusunan prosedur pengelolaan Limbah B3</span>', 'akan dibuatkan draft prosedur pengelolaan Limbah B3', 'mengundang unit terkait', NULL, 1, 1, 0, 0, '2019-09-26 12:09:24', '2019-09-30 08:24:31'),
	(16, '<span lang="EN-US" style="line-height: 115%;">Survey</span><span lang="EN-US" style="line-height: 115%;"> kepuasan pelanggan</span>', '<p class="MsoListParagraphCxSpFirst" style="margin-left: 0cm;">Analisa <span style="font-family: Arial, sans-serif;">Survey Kepuasan</span> Pelanggan<span lang="EN-US" style="">:</span><span lang="DE" style=""><o:p></o:p></span></p>\r\n\r\n<p class="MsoListParagraphCxSpMiddle" style="margin-left: 12.95pt;"><!--[if !supportLists]--><span lang="DE" style="">1.<span style="font-variant-numeric: normal; font-variant-east-asian: normal; font-stretch: normal; line-height: normal;">&nbsp;\r\n</span></span><!--[endif]-->semester II tahun 2018 <span lang="EN-US" style="">(belum terlaksana)</span><span lang="DE" style=""><o:p></o:p></span></p>\r\n\r\n<p class="MsoListParagraphCxSpLast" style="margin-left: 12.95pt;"><!--[if !supportLists]--><span lang="DE" style="">2.<span style="font-variant-numeric: normal; font-variant-east-asian: normal; font-stretch: normal; line-height: normal;">&nbsp;\r\n</span></span><!--[endif]-->semester I tahun 2019<span lang="EN-US" style=""> (diusulkan pelaksanaannya bulan Juli\r\n2019)</span><span lang="DE" style="font-family:&quot;Arial&quot;,sans-serif;mso-ansi-language:\r\nDE"><o:p></o:p></span></p>', '<p class="MsoNormal">S<span lang="EN-US" style="">urvey</span> Kepuasan Pelanggan\r\nsemester II tahun 2018 dan semester I tahun 2019 akan dilaksanakan pada akhir\r\nbulan Juli 2019<span lang="EN-US" style="font-family:&quot;Arial&quot;,sans-serif"><o:p></o:p></span></p>', '<p class="MsoNormal" align="center" style="text-align: justify; "><span lang="EN-US" style="">Semester II 2019<span style="font-family: Arial, sans-serif;"><o:p></o:p></span></span></p>', '11', NULL, '<p class="MsoNormal" style="">S<span lang="EN-US" style="">urvey</span> Kepuasan Pelanggan\r\nsemester II tahun 2018 dan semester I tahun 2019 akan dilaksanakan pada akhir\r\nbulan Juli 2019<span lang="EN-US" style="font-family:&quot;Arial&quot;,sans-serif"><o:p></o:p></span></p>', NULL, '<p class="MsoNormal" style=""><span lang="EN-US" style="">Survey Kepuasan Pelanggan Semester II\r\n2018 dilaksanakan pada semester II 2019, sedangkan semester I 2019 akan\r\ndilaksanakan pada bulan Nov 2019<span style="font-family: Arial, sans-serif;"><o:p></o:p></span></span></p>', NULL, 1, 1, 0, 0, '2019-09-26 12:14:47', '2019-09-26 12:14:47'),
	(17, '<span style="line-height: 115%;">Belum disahkannya KPI Direktorat&nbsp; Perum\r\nJasa Tirta II&nbsp; Tahun 2019</span>', '<span style="line-height: 115%;">Berdasarkan rekomendasi Asesmen GCG, KPI\r\nkorporat agar di <span style="font-family: Arial, sans-serif; font-size: 11pt; letter-spacing: 0.05pt;">cascade </span>menjadi KPI Direktorat</span>', '<span style="line-height: 115%;">PKSM\r\nsudah menyusun 2 (dua) alternatif usulan KPI Direktorat untuk di bahas dan\r\ndisahkan oleh Direksi</span>', '<p class="MsoNormal" align="center" style="text-align: justify; "><span lang="EN-US" style="">Semester I 2019<span style="font-family: Arial, sans-serif;"><o:p></o:p></span></span></p>', '6', 'Kadiv PKSM', '<p class="MsoNormal" style="">PKSM\r\nsudah menyusun 2 (dua) alternatif usulan KPI Direktorat untuk di bahas dan\r\ndisahkan oleh Direksi<span lang="EN-US" style="font-family:&quot;Arial&quot;,sans-serif"><o:p></o:p></span></p>', '-', '<p class="MsoNormal" style=""><span lang="EN-US" style="">Direksi sudah setuju namun belum\r\ndisahkan oleh Direksi<span style="font-family: Arial, sans-serif;"><o:p></o:p></span></span></p>', NULL, 1, 1, 0, 0, '2019-09-26 12:34:54', '2019-09-26 12:34:54'),
	(18, '<p class="MsoNoSpacing">Penyusunan\r\nBuku Aplikasi KPKU 2019<span lang="EN-US" style="font-family:&quot;Arial&quot;,sans-serif"><o:p></o:p></span></p>', '<span style="line-height: 115%;">Berdasarkan\r\nSurat Kementerian BUMN Nomor : S-08/D7.MBU/01/2019 Tanggal 23 Januari 2019\r\nPerihal Pelaksanaan Asesmen KPKU BUMN Tahun 2019</span>', '<p class="MsoNormal" style="margin-left: 12.6pt;"><!--[if !supportLists]-->•<span style="font-variant-numeric: normal; font-variant-east-asian: normal; font-stretch: normal; line-height: normal;">&nbsp;&nbsp;&nbsp;\r\n</span><!--[endif]--><span lang="EN-ID" style="">Refreshment</span><span lang="EN-ID" style=""> Pemahaman Champion\r\nTeam KPKU</span><o:p></o:p></p>\r\n\r\n<p class="MsoNormal" style="margin-left: 12.6pt;"><!--[if !supportLists]-->•<span style="font-variant-numeric: normal; font-variant-east-asian: normal; font-stretch: normal; line-height: normal;">&nbsp;&nbsp;&nbsp;\r\n</span><!--[endif]--><span lang="EN-ID" style="">Kompilasi Data Kinerja sesuai data yang diminta pada\r\nKategori 1 s.d 7 termasuk melakukan Benchmarking ke BUMN lain.</span><o:p></o:p></p>\r\n\r\n<p class="MsoNormal" style="margin-left: 12.6pt;"><!--[if !supportLists]-->•<span style="font-variant-numeric: normal; font-variant-east-asian: normal; font-stretch: normal; line-height: normal;">&nbsp;&nbsp;&nbsp;\r\n</span><!--[endif]--><span lang="EN-ID" style="">Penyusunan Buku Aplikasi KPKU PJT II 2019</span><span style="font-family:&quot;Arial&quot;,sans-serif;mso-bidi-font-family:&quot;Times New Roman&quot;;\r\nmso-bidi-theme-font:minor-bidi;mso-ansi-language:IN"><o:p></o:p></span></p>', '<span lang="EN-US" style="line-height: 115%;">Mei M-4</span>', '6', '<p class="MsoNormal"><span lang="EN-US" style="">Kadiv.\r\nPKSM &amp; Tim Champion<o:p></o:p></span></p>', '<p class="MsoNormal" style="margin-left: 12.6pt;"><!--[if !supportLists]-->•<span style="font-variant-numeric: normal; font-variant-east-asian: normal; font-stretch: normal; line-height: normal;">&nbsp;&nbsp;&nbsp;\r\n</span><!--[endif]--><span lang="EN-ID" style="">Refreshment</span><span lang="EN-ID" style=""> Pemahaman Champion\r\nTeam KPKU</span><o:p></o:p></p>\r\n\r\n<p class="MsoNormal" style="margin-left: 12.6pt;"><!--[if !supportLists]-->•<span style="font-variant-numeric: normal; font-variant-east-asian: normal; font-stretch: normal; line-height: normal;">&nbsp;&nbsp;&nbsp;\r\n</span><!--[endif]--><span lang="EN-ID" style="">Kompilasi Data Kinerja sesuai data yang diminta pada\r\nKategori 1 s.d 7 termasuk melakukan Benchmarking ke BUMN lain.</span><o:p></o:p></p>\r\n\r\n<p class="MsoNormal" style="margin-left: 12.6pt;"><!--[if !supportLists]-->•<span style="font-variant-numeric: normal; font-variant-east-asian: normal; font-stretch: normal; line-height: normal;">&nbsp;&nbsp;&nbsp;\r\n</span><!--[endif]--><span lang="EN-ID" style="">Penyusunan Buku Aplikasi KPKU PJT II 2019</span><span style="font-family:&quot;Arial&quot;,sans-serif;mso-bidi-font-family:&quot;Times New Roman&quot;;\r\nmso-bidi-theme-font:minor-bidi;mso-ansi-language:IN"><o:p></o:p></span></p>', '-', '<p class="MsoNormal" style=""><span lang="EN-US" style="">Sudah disusun buku aplikasi KPKU 2019<span style="font-family: Arial, sans-serif;"><o:p></o:p></span></span></p>', NULL, 1, 1, 0, 0, '2019-09-26 12:40:40', '2019-09-26 13:12:36'),
	(19, '<span lang="EN-ID" style="line-height: 115%;">Pelaksanaan\r\nEvaluasi KPKU oleh Asesor Eksternal</span>', '<span style="line-height: 115%;">Berdasarkan\r\nSurat Kementerian BUMN Nomor : S-08/D7.MBU/01/2019 Tanggal 23 Januari 2019\r\nPerihal Pelaksanaan Asesmen KPKU BUMN Tahun 2019</span>', '<p class="MsoNormal" style="margin-left: 15.9pt;"><!--[if !supportLists]-->•<span style="font-variant-numeric: normal; font-variant-east-asian: normal; font-stretch: normal; line-height: normal;">&nbsp;&nbsp;&nbsp;&nbsp;&nbsp;\r\n</span><!--[endif]--><span lang="EN-ID" style="">Usulan revisi anggaran RKT I 2019 yang semula\r\nRp.100.000.000 menjadi Rp.200.000.000</span><o:p></o:p></p>\r\n\r\n<p class="MsoNormal" style="margin-left: 15.9pt;"><!--[if !supportLists]--><span lang="EN-ID" style="">•<span style="font-variant-numeric: normal; font-variant-east-asian: normal; font-stretch: normal; line-height: normal;">&nbsp;&nbsp;&nbsp;&nbsp;&nbsp;\r\n</span></span><!--[endif]--><span lang="EN-ID" style="">Berkoordinasi dengan Kementerian BUMN (Cq.FEB) terkait\r\npelaksanaan Evaluasi KPKU<o:p></o:p></span></p>\r\n\r\n<p class="MsoNormal" style="margin-left: 15.9pt;"><!--[if !supportLists]--><span lang="EN-ID" style="">•<span style="font-variant-numeric: normal; font-variant-east-asian: normal; font-stretch: normal; line-height: normal;">&nbsp;&nbsp;&nbsp;&nbsp;&nbsp;\r\n</span></span><!--[endif]--><span lang="EN-ID" style="">Koordinasi dengan calon Asesor dari FEB Pelaksanaan\r\nEvaluasi KPKU<span style="font-family: Arial, sans-serif;"><o:p></o:p></span></span></p>', '<span lang="EN-US" style="line-height: 115%;">Juni M-2</span>', '6', '<span lang="EN-US" style="line-height: 115%;">Kadiv. PKSM &amp; Tim Champion</span>', '<p class="MsoNormal" style="margin-left: 15.9pt;"><!--[if !supportLists]-->•<span style="font-variant-numeric: normal; font-variant-east-asian: normal; font-stretch: normal; line-height: normal;">&nbsp;&nbsp;&nbsp;&nbsp;&nbsp;\r\n</span><!--[endif]--><span lang="EN-ID" style="">Usulan revisi anggaran RKT I 2019 yang semula\r\nRp.100.000.000 menjadi Rp.200.000.000</span><o:p></o:p></p>\r\n\r\n<p class="MsoNormal" style="margin-left: 15.9pt;"><!--[if !supportLists]--><span lang="EN-ID" style="">•<span style="font-variant-numeric: normal; font-variant-east-asian: normal; font-stretch: normal; line-height: normal;">&nbsp;&nbsp;&nbsp;&nbsp;&nbsp;\r\n</span></span><!--[endif]--><span lang="EN-ID" style="">Berkoordinasi dengan Kementerian BUMN (Cq.FEB) terkait\r\npelaksanaan Evaluasi KPKU<o:p></o:p></span></p>\r\n\r\n<p class="MsoNormal" style="margin-left: 15.9pt;"><!--[if !supportLists]--><span lang="EN-ID" style="">•<span style="font-variant-numeric: normal; font-variant-east-asian: normal; font-stretch: normal; line-height: normal;">&nbsp;&nbsp;&nbsp;&nbsp;&nbsp;\r\n</span></span><!--[endif]--><span lang="EN-ID" style="">Koordinasi dengan calon Asesor dari FEB Pelaksanaan\r\nEvaluasi KPKU<span style="font-family: Arial, sans-serif;"><o:p></o:p></span></span></p>', NULL, '<span lang="EN-US" style="line-height: 115%;">Sudah dilaksanakan pada tanggal 29 Juni – 06 Juli 2019</span>', NULL, 1, 1, 0, 0, '2019-09-26 13:17:19', '2019-09-26 13:17:19'),
	(20, '<span lang="EN-US" style="line-height: 115%;">Review </span><span style="line-height: 115%;">&amp;\r\nRevisi </span><span lang="EN-US" style="line-height: 115%;">Dokumen Sistem Manajemen (Pedoman, Prosedur, Instruksi Kerja)</span><span style="line-height: 115%;"> sesuai dengan Pedoman\r\nTata Naskah Dinas.</span>', '<span style="line-height: 115%;">Perubahan Pedoman&nbsp; Tata Naskah\r\nDinas Perum Jasa Tirta II dan belum terintegrasinya proses bisnis</span>', '<p class="MsoNormal" style="margin-left: 18pt;"><!--[if !supportLists]-->•<span style="font-variant-numeric: normal; font-variant-east-asian: normal; font-stretch: normal; line-height: normal;">&nbsp;&nbsp;&nbsp;&nbsp;&nbsp;&nbsp; </span><!--[endif]--><span lang="FI" style="">Rapat\r\nPersiapan Sosialiasisi Pedoman Tata Naskah Dinas (PTND) &amp; Pros. Penomoran\r\ndengan Sekper Cq. Bidang Layanan Hukum pada M-</span>3 &amp; M4 Februari <span lang="FI" style="">2019<br></span>•<span style="font-variant-numeric: normal; font-variant-east-asian: normal; font-stretch: normal; line-height: normal;">&nbsp;&nbsp;&nbsp;&nbsp;&nbsp;&nbsp; </span><span lang="FI">Sosialiasi\r\nPTND dan Pros Penomoran pada M-</span>1 Maret <span lang="FI">2019<br></span>•<span style="font-variant-numeric: normal; font-variant-east-asian: normal; font-stretch: normal; line-height: normal;">&nbsp;&nbsp;&nbsp;&nbsp;&nbsp;&nbsp; </span><span lang="FI">Ekspose\r\nkepada Direksi Prosedur Penyusunan Naskah Dinas pada M-</span>3 Maret<span lang="FI"> 2019<br></span>•<span style="font-variant-numeric: normal; font-variant-east-asian: normal; font-stretch: normal; line-height: normal;">&nbsp;&nbsp;&nbsp;&nbsp;&nbsp;&nbsp; </span><span lang="FI">Pembahasan\r\nLanjutan Revisi Pros 06 dan Pros 10 pada M-</span>2<span lang="FI"> Maret 2019 </span>(apabila SOTK baru\r\nsudah ditetapkan)<br>•<span style="font-variant-numeric: normal; font-variant-east-asian: normal; font-stretch: normal; line-height: normal;">&nbsp;&nbsp;&nbsp;&nbsp;&nbsp;&nbsp; </span>Penyusunan Pedoman,\r\nProsedur &amp; IK berdasarkan urutan prioritas dan sesuai PTND serta hasil <span style="font-family: Arial, sans-serif;">mapping</span> secara menyeluruh</p>', '<p class="MsoNormal" style="margin-left: 8.8pt;"><!--[if !supportLists]-->•<span style="font-variant-numeric: normal; font-variant-east-asian: normal; font-stretch: normal; line-height: normal;">&nbsp;&nbsp;\r\n</span><!--[endif]-->Sosialiasi PTND &amp; Pros Penomoran pada M-1 Maret 2019<br>•<span style="font-variant-numeric: normal; font-variant-east-asian: normal; font-stretch: normal; line-height: normal;">&nbsp;&nbsp;\r\n</span>Prosedur Penyusunan Naskah Dinas pada M-1 Maret 2019<br>•<span style="font-variant-numeric: normal; font-variant-east-asian: normal; font-stretch: normal; line-height: normal;">&nbsp;&nbsp;\r\n</span>Revisi Pros 06 &amp; Pros 10 – April 2019 (apabila SOTK\r\nbaru sudah ditetapkan)<br>•<span style="font-variant-numeric: normal; font-variant-east-asian: normal; font-stretch: normal; line-height: normal;">&nbsp;&nbsp;\r\n</span>Penyusunan Pedoman, Prosedur &amp; IK berdasarkan urutan\r\nprioritas dan sesuai PTND serta hasil <span style="font-family: Arial, sans-serif;">mapping\r\n</span>secara menyeluruh – Desember 2019</p>', '6', 'Kadiv PKSM', '<p class="MsoNormal" style="margin-left: 18pt;"><!--[if !supportLists]-->•<span style="font-variant-numeric: normal; font-variant-east-asian: normal; font-stretch: normal; line-height: normal;">&nbsp;&nbsp;&nbsp;&nbsp;&nbsp;&nbsp;\r\n</span><!--[endif]--><span lang="FI" style="">Rapat Persiapan Sosialiasisi Pedoman Tata Naskah Dinas\r\n(PTND) &amp; Pros. Penomoran dengan Sekper Cq. Bidang Layanan Hukum pada M-</span>3 &amp; M4 Februari\r\n<span lang="FI" style="">2019<br></span>•<span style="font-variant-numeric: normal; font-variant-east-asian: normal; font-stretch: normal; line-height: normal;">&nbsp;&nbsp;&nbsp;&nbsp;&nbsp;&nbsp;\r\n</span><span lang="FI">Sosialiasi PTND dan Pros Penomoran pada M-</span>1 Maret <span lang="FI">2019<br></span>•<span style="font-variant-numeric: normal; font-variant-east-asian: normal; font-stretch: normal; line-height: normal;">&nbsp;&nbsp;&nbsp;&nbsp;&nbsp;&nbsp;\r\n</span><span lang="FI">Ekspose kepada Direksi Prosedur Penyusunan Naskah Dinas\r\npada M-</span>3 Maret<span lang="FI"> 2019<br></span>•<span style="font-variant-numeric: normal; font-variant-east-asian: normal; font-stretch: normal; line-height: normal;">&nbsp;&nbsp;&nbsp;&nbsp;&nbsp;&nbsp;\r\n</span><span lang="FI">Pembahasan Lanjutan Revisi Pros 06 dan Pros 10 pada M-</span>2<span lang="FI"> Maret 2019\r\n</span>(apabila\r\nSOTK baru sudah ditetapkan)<br>•<span style="font-variant-numeric: normal; font-variant-east-asian: normal; font-stretch: normal; line-height: normal;">&nbsp;&nbsp;&nbsp;&nbsp;&nbsp;&nbsp;\r\n</span>Penyusunan Pedoman, Prosedur &amp; IK berdasarkan urutan\r\nprioritas dan sesuai PTND serta hasil <span style="font-family: Arial, sans-serif;">mapping</span>\r\nsecara menyeluruh</p>', NULL, '<p class="MsoListParagraphCxSpFirst" style="margin-left: 18.85pt;"><!--[if !supportLists]-->·<span style="font-variant-numeric: normal; font-variant-east-asian: normal; font-stretch: normal; line-height: normal;">&nbsp;&nbsp;&nbsp;&nbsp;&nbsp;&nbsp;&nbsp;&nbsp;\r\n</span><!--[endif]-->Sosialisasi PTND sudah dilaksanakan pada Maret 2019<br>·<span style="font-variant-numeric: normal; font-variant-east-asian: normal; font-stretch: normal; line-height: normal;">&nbsp;&nbsp;&nbsp;&nbsp;&nbsp;&nbsp;&nbsp;&nbsp;\r\n</span>Prosedur Penomoran sudah ditetapkan oleh Direksi pada 31\r\nDesember 2018 dan sudah disosialisasikan pada Maret 2019<br>·<span style="font-variant-numeric: normal; font-variant-east-asian: normal; font-stretch: normal; line-height: normal;">&nbsp;&nbsp;&nbsp;&nbsp;&nbsp;&nbsp;&nbsp;&nbsp;\r\n</span>Revisi Prosedur 06 sudah ditandatangani Direksi pada Mei\r\n2019. Namun akan disesuaikan kembali sesuai SOTK baru<br>·<span style="font-variant-numeric: normal; font-variant-east-asian: normal; font-stretch: normal; line-height: normal;">&nbsp;&nbsp;&nbsp;&nbsp;&nbsp;&nbsp;&nbsp;&nbsp;\r\n</span>Revisi Pros 10 sudah final dan akan disahkan setelah\r\nterbit SOTK Baru&nbsp;</p>', NULL, 1, 1, 0, 0, '2019-09-26 13:30:32', '2019-09-26 13:30:32'),
	(21, '<span lang="IN" style="line-height: 115%;">Penyusunan Pedoman Tata Kelola Perusahaan &amp;\r\nAP</span>', '<span lang="IN" style="line-height: 115%;">Belum adanya Pedoman yang mengatur Hubungan Tata\r\nKelola antara Induk Perusahaan dengan Anak Perusahaan</span>', '<p class="MsoNormal" style="margin-left: 18pt;"><!--[if !supportLists]--><span lang="IN" style="">•<span style="font-variant-numeric: normal; font-variant-east-asian: normal; font-stretch: normal; line-height: normal;">&nbsp;&nbsp;&nbsp;&nbsp;&nbsp;&nbsp;\r\n</span></span><!--[endif]--><span lang="FI" style="">Benchmarking</span><span lang="FI" style=""> Pedoman\r\nTata Kelola Perusahaan &amp; AP ke BUMN terkait – </span><span lang="IN" style="">RKT I &amp; RKT\r\nII </span><span lang="FI" style="">2019</span><span lang="IN" style=""><o:p></o:p></span></p>\r\n\r\n<p class="MsoNormal" style="margin-left: 18pt;"><!--[if !supportLists]--><span lang="IN" style="">•<span style="font-variant-numeric: normal; font-variant-east-asian: normal; font-stretch: normal; line-height: normal;">&nbsp;&nbsp;&nbsp;&nbsp;&nbsp;&nbsp;\r\n</span></span><!--[endif]--><span lang="FI" style="">Penyusunan Pedoman kelola Perusahaan &amp; AP – </span><span lang="IN" style="">Maret </span><span lang="FI" style="">&nbsp;2019&nbsp;&nbsp; </span><span lang="IN" style=""><o:p></o:p></span></p>\r\n\r\n<p class="MsoNormal" style="margin-left: 18pt;"><!--[if !supportLists]--><span lang="IN" style="">•<span style="font-variant-numeric: normal; font-variant-east-asian: normal; font-stretch: normal; line-height: normal;">&nbsp;&nbsp;&nbsp;&nbsp;&nbsp;&nbsp;\r\n</span></span><!--[endif]--><span lang="FI" style="">Ekspose kepada Direksi – Maret 2019 </span><span lang="IN" style=""><o:p></o:p></span></p>\r\n\r\n<p class="MsoNormal" style="margin-left: 18pt;"><!--[if !supportLists]--><span lang="IN" style="">•<span style="font-variant-numeric: normal; font-variant-east-asian: normal; font-stretch: normal; line-height: normal;">&nbsp;&nbsp;&nbsp;&nbsp;&nbsp;&nbsp;\r\n</span></span><!--[endif]--><span lang="FI" style="">Penetapan Pedoman Tata Kelola Perusahaan &amp; AP – Maret\r\n2019</span><span lang="IN" style="font-family:&quot;Arial&quot;,&quot;sans-serif&quot;;mso-ansi-language:\r\nIN"><o:p></o:p></span></p>', '<span lang="EN-US" style="line-height: 115%;">RKT III – 2019</span>', '6', '<span lang="EN-US" style="font-size:11.0pt;line-height:\r\n115%;font-family:&quot;Arial&quot;,&quot;sans-serif&quot;;mso-fareast-font-family:Calibri;\r\nmso-fareast-theme-font:minor-latin;mso-ansi-language:EN-US;mso-fareast-language:\r\nEN-US;mso-bidi-language:AR-SA">Kadiv. PKSM</span>', NULL, NULL, NULL, NULL, 1, 1, 0, 0, '2019-09-29 17:21:44', '2019-09-29 17:26:06'),
	(22, '<span style="line-height: 115%;">Belum ditetapkannya Register Risiko Perusahaan Tahun 2018</span><span lang="IN" style="line-height: 115%;"> dan 2019</span>', '<span lang="SV" style="line-height: 115%;">Terlambat dalam identifikasi, analisis dan\r\nevaluasi risiko unit-unit kerja</span>', '<p class="MsoNormal" style="margin-left: 18pt;"><!--[if !supportLists]--><span lang="IN" style="">•<span style="font-variant-numeric: normal; font-variant-east-asian: normal; font-stretch: normal; line-height: normal;">&nbsp;&nbsp;&nbsp;&nbsp;&nbsp;&nbsp;\r\n</span></span><!--[endif]--><span lang="FI" style="">Membuat draft\r\nSK Register Risiko Perusahaan</span><span lang="IN" style=""> 2018<o:p></o:p></span></p>\r\n\r\n<p class="MsoNormal" style="margin-left: 18pt;"><!--[if !supportLists]--><span lang="IN" style="">•<span style="font-variant-numeric: normal; font-variant-east-asian: normal; font-stretch: normal; line-height: normal;">&nbsp;&nbsp;&nbsp;&nbsp;&nbsp;&nbsp;\r\n</span></span><!--[endif]--><span lang="IN" style="">Penyampaian Register Risiko 2019<o:p></o:p></span></p>\r\n\r\n<p class="MsoNormal" style="margin-left: 18pt;"><!--[if !supportLists]--><span lang="IN" style="">•<span style="font-variant-numeric: normal; font-variant-east-asian: normal; font-stretch: normal; line-height: normal;">&nbsp;&nbsp;&nbsp;&nbsp;&nbsp;&nbsp;\r\n</span></span><!--[endif]--><span lang="FI" style="">Revisi Pedoman Manajemen Risiko</span><span lang="IN" style=""><o:p></o:p></span></p>\r\n\r\n<p class="MsoNormal" style="margin-left: 18pt;"><!--[if !supportLists]--><span lang="IN" style="">•<span style="font-variant-numeric: normal; font-variant-east-asian: normal; font-stretch: normal; line-height: normal;">&nbsp;&nbsp;&nbsp;&nbsp;&nbsp;&nbsp;\r\n</span></span><!--[endif]--><span lang="FI" style="">Penyusunan prosedur pengelolaan dan pengendalian risiko</span><span lang="IN" style=""><o:p></o:p></span></p>\r\n\r\n<p class="MsoNormal" style="margin-left: 18pt;"><!--[if !supportLists]--><span lang="IN" style="">•<span style="font-variant-numeric: normal; font-variant-east-asian: normal; font-stretch: normal; line-height: normal;">&nbsp;&nbsp;&nbsp;&nbsp;&nbsp;&nbsp;\r\n</span></span><!--[endif]--><span lang="FI" style="">Workshop</span><span lang="FI" style=""> dan\r\nsosialisasi aplikasi manajemen risiko</span><span lang="IN" style=""><o:p></o:p></span></p>\r\n\r\n<p class="MsoNormal" style="margin-left: 18pt;"><!--[if !supportLists]--><span lang="IN" style="">•<span style="font-variant-numeric: normal; font-variant-east-asian: normal; font-stretch: normal; line-height: normal;">&nbsp;&nbsp;&nbsp;&nbsp;&nbsp;&nbsp;\r\n</span></span><!--[endif]--><span lang="FI" style="">Monitoring dan evaluasi register risiko Unit Kerja</span><span lang="IN" style=""><o:p></o:p></span></p>\r\n\r\n<p class="MsoNormal" style="margin-left: 18pt;"><!--[if !supportLists]--><span lang="IN" style="">•<span style="font-variant-numeric: normal; font-variant-east-asian: normal; font-stretch: normal; line-height: normal;">&nbsp;&nbsp;&nbsp;&nbsp;&nbsp;&nbsp;\r\n</span></span><!--[endif]--><span lang="FI" style="">Pelatihan, workshop\r\n&amp; seminar manajemen risiko</span><span lang="IN" style=""><o:p></o:p></span></p>\r\n\r\n<p class="MsoNormal" style="margin-left: 18pt;"><!--[if !supportLists]--><span lang="IN" style="">•<span style="font-variant-numeric: normal; font-variant-east-asian: normal; font-stretch: normal; line-height: normal;">&nbsp;&nbsp;&nbsp;&nbsp;&nbsp;&nbsp;\r\n</span></span><!--[endif]--><span lang="FI" style="">Mengikuti Forum Manajemen Risiko BUMN</span><span lang="IN" style="font-family:&quot;Arial&quot;,&quot;sans-serif&quot;;mso-ansi-language:IN"><o:p></o:p></span></p>', '<span lang="EN-US" style="line-height: 115%;">RKT III – 2019</span>', '6', '<span lang="EN-US" style="line-height: 115%;">Kadiv. PKSM</span>', NULL, NULL, NULL, NULL, 1, 1, 0, 0, '2019-09-29 17:25:46', '2019-09-29 17:25:46'),
	(23, '<span style="line-height: 115%;">Skor <span style="font-family: Arial, sans-serif; font-size: 11pt;">GCG</span> tahun 2018 tidak\r\nsesuai target yang ditetapkan sebesar 90</span>', '<p class="MsoNormal" style="">Implementasi proses bisnis Perusahaan belum sesuai\r\ndengan Peraturan Menteri BUMN Nomor 01 tahun 2011 dan Surat Keputusan Menteri\r\nBUMN Nomor 16 tahun 2012<span lang="SV" style="font-family:&quot;Arial&quot;,&quot;sans-serif&quot;;\r\nmso-ansi-language:SV"><o:p></o:p></span></p>', '<p class="MsoNormal" style="margin-left: 18pt;"><!--[if !supportLists]--><span lang="IN" style="">•<span style="font-variant-numeric: normal; font-variant-east-asian: normal; font-stretch: normal; line-height: normal;">&nbsp;&nbsp;&nbsp;&nbsp;&nbsp;&nbsp;\r\n</span></span><!--[endif]--><span lang="FI" style="">Monitoring dan evaluasi hasil assessment GCG.</span><span lang="IN" style=""><o:p></o:p></span></p>\r\n\r\n<p class="MsoNormal" style="margin-left: 18pt;"><!--[if !supportLists]--><span lang="IN" style="">•<span style="font-variant-numeric: normal; font-variant-east-asian: normal; font-stretch: normal; line-height: normal;">&nbsp;&nbsp;&nbsp;&nbsp;&nbsp;&nbsp;\r\n</span></span><!--[endif]--><span lang="FI" style="">Melaksanakan hasil rekomendasi hasil assessment GCG</span><span lang="IN" style=""><o:p></o:p></span></p>\r\n\r\n<p class="MsoNormal" style="margin-left: 18pt;"><!--[if !supportLists]--><span lang="IN" style="">•<span style="font-variant-numeric: normal; font-variant-east-asian: normal; font-stretch: normal; line-height: normal;">&nbsp;&nbsp;&nbsp;&nbsp;&nbsp;&nbsp;\r\n</span></span><!--[endif]--><span lang="FI" style="">Review dan revisi pedoman GCG</span><span lang="IN" style=""><o:p></o:p></span></p>\r\n\r\n<p class="MsoNormal" style="margin-left: 18pt;"><!--[if !supportLists]--><span lang="IN" style="">•<span style="font-variant-numeric: normal; font-variant-east-asian: normal; font-stretch: normal; line-height: normal;">&nbsp;&nbsp;&nbsp;&nbsp;&nbsp;&nbsp;\r\n</span></span><!--[endif]--><span lang="FI" style="">Sosialisasi GCG</span><span lang="IN" style="font-family:&quot;Arial&quot;,&quot;sans-serif&quot;;mso-ansi-language:IN"><o:p></o:p></span></p>', '<span lang="EN-US" style="line-height: 115%;">RKT III – 2019</span>', '6', '<p class="MsoNormal"><span lang="EN-US" style="">Kadiv.\r\nPKSM<span style="font-family: Arial, sans-serif;"><o:p></o:p></span></span></p>', NULL, NULL, NULL, NULL, 1, 1, 0, 0, '2019-09-29 17:27:18', '2019-09-29 17:27:18'),
	(24, '<span lang="IN" style="line-height: 115%;">Penyesuiaan atas PROS 06 tentang Penyusunan\r\nRencana Kerja</span>', '<ul><li style="margin-left: 15.9pt;"><span lang="IN" style="">Perubahan\r\nSOTK mengakibatkan perubahan proses bisnis</span>.</li><li style="margin-left: 15.9pt;">P<span lang="IN">erlu\r\nSinkronisasi SOTK dengan PROS 6 dan Prosedur Lainnya</span>.</li><li style="margin-left: 15.9pt;">Isi Pros\r\n6 sudah tidak relevan dengan kondisi yang ada</li><li style="margin-left: 15.9pt;"><span lang="IN" style="">Belum\r\nJelas Wewenang Direksi untuk persetujuan pengalihan atau perubahan sasaran.</span><span lang="EN-US" style="font-family:&quot;Arial&quot;,&quot;sans-serif&quot;"><o:p></o:p></span></li></ul>', '<p class="MsoListParagraphCxSpFirst" style="margin-left: 17.1pt;"><!--[if !supportLists]--><span lang="EN-US" style="">•<span style="font-variant-numeric: normal; font-variant-east-asian: normal; font-stretch: normal; line-height: normal;">&nbsp;&nbsp;&nbsp;&nbsp;&nbsp;\r\n</span></span><!--[endif]--><span lang="IN" style="">Melakukan penyesuian atas PROS 6 dengan SOTK, PP 7 dan\r\nprosedur serta pedoman lainnya.<br></span><span lang="EN-US">•<span style="font-variant-numeric: normal; font-variant-east-asian: normal; font-stretch: normal; line-height: normal;">&nbsp;&nbsp;&nbsp;&nbsp;&nbsp;\r\n</span></span><span lang="IN">Pada masa transisi perlu adanya kebijakan terkait\r\nkewenangan persetujuan pengalihan atau perubahan sasar</span><span lang="EN-US">a</span><span lang="IN">n sebelum\r\npenetapan revisi Pros 6 Baru.</span></p>', '<p class="MsoNormal"><span lang="EN-US" style="">Minggu\r\nke 1 April 2019<span style="font-family: Arial, sans-serif;"><o:p></o:p></span></span></p>', '6,10', '<p class="MsoListParagraphCxSpFirst" style="margin-left: 8.8pt;"><!--[if !supportLists]--><span lang="EN-US" style="">•<span style="font-variant-numeric: normal; font-variant-east-asian: normal; font-stretch: normal; line-height: normal;">&nbsp;&nbsp;\r\n</span></span><!--[endif]--><span lang="EN-US" style="">Kadiv.\r\nR/L<br></span><span lang="EN-US">•<span style="font-variant-numeric: normal; font-variant-east-asian: normal; font-stretch: normal; line-height: normal;">&nbsp;&nbsp;\r\n</span></span><span lang="EN-US">Kadiv.\r\nPKSM</span></p>', NULL, NULL, NULL, NULL, 1, 1, 0, 0, '2019-09-29 17:33:57', '2019-09-29 17:33:57'),
	(25, '<span lang="IN" style="line-height: 115%;">Unit Kerja belum menyampaikan Data RJPP 2020 sd\r\n2024</span><span lang="EN-US" style="line-height: 115%;"> (</span><span lang="IN" style="line-height: 115%;">Surat Permintaan Data sudah disampaikan oleh Kepala Divisi Renstra &amp;\r\nLitbang</span><span lang="EN-US" style="line-height: 115%;">)</span>', '<ul><li style="margin-left: 15.9pt;"><span lang="IN" style="">Penyesuaian\r\nAtas SOTK Baru</span>.</li><li style="margin-left: 15.9pt;">D<span lang="IN">ata RJPP\r\nmasih disusun oleh Unit Kerja</span>.</li></ul>', '<p class="MsoNormal"><span lang="IN" style="">Berkoordinasi dengan Unit Kerja agar Data segera\r\ndisampaikan sebagai bahan awal penyusunan RJPP</span><span lang="EN-US" style="font-family:&quot;Arial&quot;,&quot;sans-serif&quot;"><o:p></o:p></span></p>', '<p class="MsoNormal"><span lang="EN-US" style="">Minggu\r\nke 2 Maret 2019<span style="font-family: Arial, sans-serif;"><o:p></o:p></span></span></p>', '1,2,3,4,5,6,7,8,9,10,11,12,13,14,15,16,17,18,19', '<ul><li style="margin-left: 8.8pt;"><span lang="EN-US" style="">Kadiv. R/L</span></li><li style="margin-left: 8.8pt;">Seluruh <span lang="IN">Unit\r\nkerja</span>.</li><li style="margin-left: 8.8pt;">AP</li></ul>', NULL, NULL, NULL, NULL, 1, 1, 0, 0, '2019-09-29 17:48:53', '2019-09-29 17:48:53'),
	(26, '<p class="MsoNormal"><span lang="EN-US" style="">Perubahan\r\nsasaran dan pengalihan anggaran RKT I tidak ada dalam usulan RKAP 2019 dan\r\nbelum teregistrasi di dalam manajemen risiko<u style="font-family: Arial, sans-serif;"><o:p></o:p></u></span></p>', '<p class="MsoNormal"><span lang="EN-US" style="">Urgensi\r\npekerjaan tersebut<span style="font-family: Arial, sans-serif;"><o:p></o:p></span></span></p>', '<p class="MsoNormal"><span lang="EN-US" style="">Unit\r\nkerja agar segera menyiapkan dokumen kelengkapan seperti :&nbsp;</span>LKTS,\r\nKAK dan RAB</p>', '<p class="MsoNormal"><span lang="EN-US" style="">Minggu\r\nke 2 Maret 2019<span style="font-family: Arial, sans-serif;"><o:p></o:p></span></span></p>', '5,9,10', '<ul><li style="margin-left: 8.8pt;"><span lang="EN-US" style="">Kadiv. R/L</span></li><li style="margin-left: 8.8pt;">Kadiv. Keu &amp; Akt</li><li style="margin-left: 8.8pt;">Kadiv. PSDA/L</li></ul>', NULL, NULL, NULL, NULL, 1, 1, 0, 0, '2019-09-29 19:46:48', '2019-09-29 19:46:48'),
	(27, '<ul><li style="margin-left: 10.5pt; text-indent: -10.5pt;"><span lang="IN" style="font-family:&quot;Arial&quot;,&quot;sans-serif&quot;;\r\nmso-ansi-language:IN">&nbsp; Progress&nbsp;\r\nPenyerapan Investasi RKAP Tahun 2019 Belum ada Realisasi</span></li><li style="margin-left: 10.5pt; text-indent: -10.5pt;">&nbsp; Perubahan <span lang="EN-US" style="text-indent: -10.5pt;"><span style="font-family: Arial, sans-serif;">SOTK terhadap proses bisnis :<br></span></span><span style="font-family: Arial, sans-serif;">-&nbsp;</span>Divisi R/L : Investasi\r\nusaha dan pengembangan<br>- Divisi PSDA/L : Investasi\r\nrehabilitasi</li></ul>', '<p class="MsoNormal"><span lang="EN-US" style="font-family:&quot;Arial&quot;,&quot;sans-serif&quot;">Perlu\r\ndilakukan kajian atas program investasi sebagai dasar pelelangan<o:p></o:p></span></p>\r\n\r\n<p class="MsoNormal"><i><span lang="EN-US" style="font-family:&quot;Arial&quot;,&quot;sans-serif&quot;">Outpu</span></i><span lang="EN-US" style="font-family:&quot;Arial&quot;,&quot;sans-serif&quot;">t nya : - FS<o:p></o:p></span></p>\r\n\r\n<p class="MsoNormal"><span lang="EN-US" style="font-family:&quot;Arial&quot;,&quot;sans-serif&quot;">&nbsp;&nbsp;&nbsp;&nbsp;&nbsp;&nbsp;&nbsp;&nbsp;&nbsp;&nbsp;&nbsp; &nbsp;&nbsp;&nbsp;&nbsp;&nbsp;&nbsp;&nbsp;&nbsp; - DED<o:p></o:p></span></p>\r\n\r\n<p class="MsoNormal"><span lang="EN-US" style="font-family:&quot;Arial&quot;,&quot;sans-serif&quot;">&nbsp;&nbsp;&nbsp;&nbsp;&nbsp;&nbsp;&nbsp;&nbsp;&nbsp;&nbsp;&nbsp; &nbsp;&nbsp;&nbsp;&nbsp;&nbsp;&nbsp;&nbsp;&nbsp; - EE<o:p></o:p></span></p>', '<ul><li style="margin-left: 17.1pt;"><span lang="EN-US" style="">Pembahasan sumber anggaran\r\nuntuk kajian dalam rangka evaluasi lebih detail untuk perencanaan program\r\ninvestasi</span></li><li style="margin-left: 17.1pt;">Melakukan kajian oleh\r\nkonsultan</li></ul>', '<p class="MsoNormal"><span lang="EN-US" style="">Juni\r\n2019<span style="font-family: Arial, sans-serif;"><o:p></o:p></span></span></p>', '8,9,10', '<ul><li style="margin-left: 8.8pt;"><span lang="EN-US" style="">Kadiv. R/L</span></li><li style="margin-left: 8.8pt;">Kadiv. PSDA/L</li><li style="margin-left: 8.8pt;">Kadiv. PP</li></ul>', NULL, NULL, NULL, NULL, 1, 1, 0, 0, '2019-09-29 19:51:22', '2019-09-29 19:51:22'),
	(28, '<span lang="EN-US" style="line-height: 115%;">Belum terealisasinya&nbsp; pengembangan SPAM Non Regional&nbsp; (Balongan&nbsp;\r\n(400 lpd), Curug (100 lpd), Pamanukan (200 lpd))</span>', '<span lang="EN-US" style="line-height: 115%;">Belum selesainya pembahasan dalam <span style="font-family: Arial, sans-serif; font-size: 11pt;">joint study&nbsp; dan masih adanya perbedaan persepsi terhadap financial\r\nprojection </span>dan negosiasi tarif</span>', '<span lang="EN-US" style="line-height: 115%;">Pembahasan Bersama Finalisasi hasil <span style="font-family: Arial, sans-serif; font-size: 11pt;">joint\r\nstudy dan finalisasi&nbsp; </span>opsi kerjasama\r\nterpilih</span>', '<span lang="EN-US" style="line-height: 115%;">Akhir Maret 2019 (Balongan); Akhir Mei 2019\r\n(Curug &amp; Pamanukan)</span>', '10', '<ul><li style="margin-left: 8.8pt;"><span lang="EN-US" style="">Kadiv. R/L</span></li><li style="margin-left: 8.8pt;">SE Tk. I R/L</li></ul>', NULL, NULL, NULL, NULL, 1, 1, 0, 0, '2019-09-29 19:53:06', '2019-09-29 19:53:06'),
	(29, '<p class="MsoNoSpacing"><span lang="EN-US" style="font-weight: bold;">Paket Pekerjaan Bidang Investasi RKT I/2019:</span></p><ol><li>Pembangunan SPAM Balongan Lanjutan</li><li>Lahan SPAM Regional Jatiluhur I</li><li>Rehabilitasi Bendung Walahar UUW II</li><li>Rehabilitasi Bendung Bekasi UUW I</li><li>Rehabilitasi\r\nBendung Salamdrama UUW III</li><li>Penataan Lingkungan\r\nkantor UUW IV</li><li>Pembangunan\r\nKantor Sie Binong UUW III</li><li>Pembangunan\r\nKantor Seksi Patrol UUW III</li><li>Rehabilitasi\r\nBangunan Sta. PAB UUW I</li><li>Pembangunan Kantor Seksi Telagasari UUW II</li><li>Rehabilitasi Bendungan Djuanda UUW IV</li><li>Rehabilitasi Bendung Curug UUW IV</li><li>Rehabilitasi ME Pompa Curug UUW IV</li><li>Rehabilitasi Citarum Hulu UUW IV</li><li>Rehabilitasi fasilitas Pembangkit PLTA</li><li>Rehabilitasi Control Building PLTA</li><li>Rehabilitasi Gardu Induk Jatiluhur PLTA</li><li>Rehabilitasi Gardu Curug PLTA</li><li>Rehabilitasi Sistem ME Pompa Sta.PAB UUW I</li><li>Rehabilitasi Fasilitas Intake Buaran\r\nUUW I</li><li>Rehabilitasi Fasilitas Intake\r\nPulogadung UUW I</li><li>Rehabilitasi Fasilitas Water Meter\r\nUUW IV</li><li> Rehabiltasi PETT PLTA</li><li>Rehabilitasi Fasilitas Water Meter UUW\r\nIII</li><li>Pengembangan SPAM Curug</li><li>Pengembangan SPAM Tambun</li><li>Pengembangan SPAM Pamanukan</li><li>Rehabilitasi Jaringan Distribusi PLTA</li><li> Insfrastruktur IT</li><li>Alat Kantor</li><li>Alat Rumah Tangga</li><li> Alat Laboratorium</li><li>Alat Komputer</li></ol>', '<p class="MsoNormal"><span lang="FI" style="">Belum ada instruksi dari\r\npelaksana anggaran</span><span lang="EN-US" style="font-family:&quot;Arial&quot;,&quot;sans-serif&quot;"><o:p></o:p></span></p>', '<span lang="FI" style="line-height: 115%;">Koordinasi dengan\r\nkepala unit kerja agar segera menyampaikan instruksi pengadaan barang/jasa</span>', '<span lang="EN-US" style="line-height: 115%;">s.d 31 Maret 2019</span>', '1,2,3,4,5,6,7,8,9,10,11,12,13,14,15,16,17,18,19', '<p class="MsoNormal"><span lang="FI" style="">Unit Kerja terkait / Pelaksana\r\nAnggaran</span><span lang="EN-US" style="font-family:&quot;Arial&quot;,&quot;sans-serif&quot;"><o:p></o:p></span></p>', NULL, NULL, NULL, NULL, 1, 1, 0, 0, '2019-09-29 19:57:08', '2019-09-29 19:57:08'),
	(30, '<span lang="EN-US" style="line-height: 115%;">Monitoring dan Evaluasi Rumah &nbsp;Perusahaan</span>', '<p class="MsoNormal">Tindak lanjut temuan BPK RI tahun 2015\r\nbahwa perlu dilakukan pengelolaan yang baik terhadap rumah perusahaan meliputi pengawasan\r\ndan pengendalian terhadap : </p><ol><li>Rumah\r\nJabatan</li><li>Rumah\r\nDinas</li><li>Mess</li><li>Rumah Komersil</li></ol>', '<span lang="EN-US" style="line-height: 115%;">Pelaksanaan monitoring dan evaluasi terhadap rumah\r\nperusahaan dalam rangka penertiban dan penerbitan Surat Izin Penghunian (SIP)</span>', '<p class="MsoNormal"><span lang="EN-US" style="">Juni\r\n2019<span style="font-family: Arial, sans-serif;"><o:p></o:p></span></span></p>', '1', '<p class="MsoNormal"><span lang="EN-US" style="">Kadiv.\r\nIPA<span style="font-family: Arial, sans-serif;"><o:p></o:p></span></span></p>', NULL, NULL, NULL, NULL, 1, 1, 0, 0, '2019-09-29 19:59:59', '2019-09-29 19:59:59'),
	(31, '<span lang="IN" style="line-height: 115%;">Rencana Operasi Bendungan Kaskade Citarum</span>', '<div style="text-align: justify;">Sesuai dengan analisis dari BMKG tentang adanya\r\nperistiwa elnino di Samudra Pasifik (sebelah timur Indonesia) telah\r\nmempengaruhi kondisi cuaca di Indonesia bagian barat, diantaranya DAS Citarum\r\ndan sekitarnya. Hal ini ditunjukan dengan berkurangnya curah hujan dari bulan\r\nOktober 2018 sampai dengan saat ini dan diprediksi hal ini akan berlangsung\r\nsampai dengan bulan Juli 2019</div>', '<span lang="IN" style="line-height: 115%;">Melaksanakan Teknologi Modifikasi Cuaca (TMC) di\r\nDAS Citarum</span>', '<span lang="EN-US" style="line-height: 115%;">Dasarian II Maret 2019 s/d 31 Desember 2019</span>', '9', '<span lang="EN-US" style="line-height: 115%;">Kadiv.</span><span lang="IN" style="line-height: 115%;"> PSDA/L</span>', NULL, NULL, NULL, NULL, 1, 1, 0, 0, '2019-09-29 20:01:46', '2019-09-29 20:01:46'),
	(32, '<span lang="IN" style="line-height: 115%;">Sosialisasi Rencana Tanam Padi pada Musim Tanam\r\n2018/2019 di Daerah Irigasi Jatiluhur</span>', '<span lang="IN" style="line-height: 115%;">Aktivitas tanam tidak sesuai dengan rencana\r\ntanam yang telah ditetapkan</span>', '<span lang="IN" style="line-height: 115%;">Melaksanakan sosialisasi rencana tanam kepada\r\nDinas Pertanian di masing-masing Kabupaten di Daerah Irigasi Jatiluhur</span>', '<span lang="EN-US" style="line-height: 115%;">Maret 2019</span>', '9', '<span lang="EN-US" style="line-height: 115%;">Kadiv.</span><span lang="IN" style="line-height: 115%;"> PSDA/L</span>', NULL, NULL, NULL, NULL, 1, 1, 0, 0, '2019-09-29 20:02:43', '2019-09-29 20:02:43'),
	(33, '<span lang="IN" style="line-height: 115%;">Assesment</span><span lang="IN" style="line-height: 115%;"> Integritas Aset</span><span lang="EN-US" style="line-height: 115%;"> Sumber Daya Air</span>', '<span lang="IN" style="line-height: 115%;">Belum tersedianya database integritas aset\r\nprasarana sumber daya air dan banyaknya asset yang dibangun puluhan tahun lalu\r\nyang belum terdata</span>', '<span lang="IN" style="line-height: 115%;">Dilakukan kajain aset integritas dengan\r\nkonsultan</span>', '<span lang="IN" style="line-height: 115%;">RKT I s/d RKT IV</span><span lang="EN-US" style="line-height: 115%;"> 2019</span>', '9', '<span lang="EN-US" style="line-height: 115%;">Kadiv.</span><span lang="IN" style="line-height: 115%;"> PSDA/L</span>', NULL, NULL, NULL, NULL, 1, 1, 0, 0, '2019-09-29 20:03:45', '2019-09-29 20:03:45'),
	(34, '<div style="text-align: justify;">Adanya permohonan Bupati Subang untuk\r\nnormalisasi Situ Nagrog/ Saradan sebagai salah satu penyebab banjir di Subang\r\ndan sebagai tampungan air untuk kebutuhan irigasi seluas 510 Ha yang sering\r\nmenyebabkan konflik di masyarakat</div>', '<div style="text-align: justify;"><span lang="IN" style="font-size: 11pt; line-height: 115%; font-family: Arial, sans-serif;">Menurunnya daya tampung air situ akibat\r\nsedimentasi, berkurangnya lahan situ dari luas awal DIB </span><span lang="EN-US" style="font-size: 11pt; line-height: 115%; font-family: Arial, sans-serif;">±</span><span lang="IN" style="font-size: 11pt; line-height: 115%; font-family: Arial, sans-serif;"> 80 Ha (termasuk luas\r\ntanggul) menjadi &lt; 30 Ha (luas daerah genangan eksisting) akibat adanya\r\nfungsi lahan menjadi sawah tanah dan darat, adanya informasi terdapat\r\nsertifikat hak milik di lahan Situ Saradan / Nagrog dengan alas hak yang belum\r\ndiketahui keabsahannya</span></div>', '<div style="text-align: justify;">Melakukan pengukuran dan pematokan lahan situ\r\nbersama-sama melibatkan BBWS Citarum, BPN dan Pemerintah Daerah setempat,\r\nmembuat komitmen bersama antara BBWS, PJT II BPN/ATR dan Pemda Subang untuk\r\nmenjaga dan menyelematkan lahan situ berdasarkan hasil pengukuran bersama\r\ntersebut agar tidak lagi terjadi penyerobotan ataupun penerbitan sertifikat,\r\nkarya bakti penataan Situ Saradan / Nagrog untuk mengoptimalisasikan fungsi\r\nsitu (pengerukan sedimentasi), mengusulkan anggaran tambahan dalam RKAP tahun\r\n2019, untuk kegiatan pengukuran / pematokan dan karya bakti penataan Situ\r\nSaradan / Nagrog</div>', '<span lang="EN-US" style="line-height: 115%;">April 2019</span>', '17', '<span lang="EN-US" style="line-height: 115%;">GM UUW III</span>', NULL, NULL, NULL, NULL, 1, 1, 0, 0, '2019-09-29 20:05:01', '2019-09-29 20:05:01'),
	(35, '<div style="text-align: justify;">Dalam rangka penanaman pohon di sebagian ruas\r\nSaluran Tarum Timur dengan melibatkan partisipasi seluruh BUMN di Kabupaten\r\nSubang sebagai realisasi 100 hari program kerja Bupati Subang</div>', '<div style="text-align: justify;"><span lang="IN" style="line-height: 115%;">Untuk meningkatkan kepedulian masyarakat\r\nterhadap Saluran Tarum Timur sebagai prasarana irigasi, Sinergitas seluruh <span style="font-family: Arial, sans-serif; font-size: 11pt;">stake holder di Kabupaten Subang melalui\r\n100 hari kerja program Bupati Subang, Penunjukan GM UUW III sebagai ketua\r\npelaksana penanaman pohon di STT dan PJT II sebagai ketua</span></span><span lang="IN" style="line-height: 115%;"> </span><span lang="IN" style="line-height: 115%;">pelaksana penanaman\r\npohon di STT dan PJT II sebagai tuan rumah acara 100 hari program kerja Bupati\r\noleh Bupati Subang</span></div>', '<span lang="IN" style="line-height: 115%;">Mengusulkan anggaran tambahan kegiatan acara\r\npenanaman pohon di STT dengan lokasi antara BTT. 21-53</span>', '<span lang="EN-US" style="line-height: 115%;">Maret 2019</span>', '17', '<span lang="EN-US" style="line-height: 115%;">GM UUW III</span>', NULL, NULL, NULL, NULL, 1, 1, 0, 0, '2019-09-29 20:09:10', '2019-09-29 20:09:10'),
	(36, '<p class="MsoNormal"><span lang="IN" style="">Belum terealisasinya pembayaran iuran BJPSDA oleh PDAM\r\nTirta Rangga Subang untuk pengambilan air di mata Air&nbsp; Cibulakan dan Cipondok yang merupakan target\r\npotensi pendapatan wilayah III dalam RKAP 2019</span><u><span lang="EN-US" style="font-family:&quot;Arial&quot;,&quot;sans-serif&quot;"><o:p></o:p></span></u></p>', '<p class="MsoNormal" style="text-align: justify; "><span lang="IN" style="">PDAM Tirta Rangga belum bersedia membayar iuran BJPSDA\r\nmeskipun hasil pembahasan dengan BBWS Citarum diputuskan oleh BBWS Citarum\r\nbahwa PDAM Tirta Rangga harus memenuhi kewajiban sesuai dengan ketentuan yang\r\nberlaku, sebagai konsekuensi berdasarkan dengan SIPSDA yang sudah diterbitkan</span><span lang="EN-US" style="font-family:&quot;Arial&quot;,&quot;sans-serif&quot;"><o:p></o:p></span></p>', '<p class="MsoNormal"><span lang="IN" style="">Melakukan pertemuan dengan Bupati Subang sebagai tindak\r\nlanjut terhadap rapat pembahasan antara BBW Citarum, PJT II dan PDAM Tirta\r\nSubang</span><span lang="EN-US" style="font-family:&quot;Arial&quot;,&quot;sans-serif&quot;"><o:p></o:p></span></p>', '<span lang="EN-US" style="line-height: 115%;">Mei 2019</span>', '11,17', '<span lang="EN-US" style="line-height: 115%;">Kadiv PPP &amp; GM UUW III</span>', NULL, NULL, NULL, NULL, 1, 1, 0, 0, '2019-09-29 20:11:43', '2019-09-29 20:11:43'),
	(37, '<span lang="EN-US" style="line-height: 115%;">Ada beberapa permasalahan terkait pemasangan <span style="font-family: Arial, sans-serif; font-size: 11pt;">water meter</span> yang sudah diselesaikan oleh\r\nDPP</span>', '<span lang="DE" style="line-height: 115%;">Hasil pengukuran <span style="font-family: Arial, sans-serif; font-size: 11pt;">water\r\nmeter&nbsp; </span>dipasang oleh DPP belum bisa\r\ndijadikan acuan untuk alat ukur pembayaran dikarenakan belum ada payung\r\nhukumnya</span>', '<span lang="DE" style="line-height: 115%;">Dibuat aturan atau prosedur untuk amandemen kontrak</span>', '<span lang="EN-US" style="line-height: 115%;">RKT I 2019</span>', '6,11,16', '<span lang="EN-US" style="line-height: 115%;">Kadiv PPP, PKSM, Sekper, GM UUW IV</span>', NULL, NULL, NULL, NULL, 1, 1, 0, 0, '2019-09-29 20:13:10', '2019-09-29 20:13:10'),
	(38, '<span lang="DE" style="line-height: 115%;">Adanya <span style="font-family: Arial, sans-serif; font-size: 11pt;">booming</span>\r\neceng gondok berkala yang tidak dapat diselesaikan dengan OP rutin</span>', '<span lang="IN" style="line-height: 115%;">Perubahan kondisi perairan dan musim sehingga\r\npertumbuhan Eceng Gondok semakin pesat. Biaya OP rutin kebersihan terbatas</span>', '<span lang="DE" style="line-height: 115%;">Usulan investasi alat/mesin pembersih eceng gondok.\r\nHal ini sewaktu-waktu juga bermanfaat untuk pembersihan di Hulu apabila\r\nSLA/BJPSDA PLTA diterapkan</span>', '<span lang="EN-US" style="line-height: 115%;">RKT II 2019</span>', '16', '<span lang="EN-US" style="line-height: 115%;">GM UUW IV</span>', NULL, NULL, NULL, NULL, 1, 1, 0, 0, '2019-09-29 20:14:09', '2019-09-29 20:14:09'),
	(39, '<span lang="EN-US" style="line-height: 115%;">Menurunnya tingkat kunjungan, dan hunian hotel\r\ndan bungalow</span>', '<ul><li style="margin-left: 15.9pt;"><span lang="EN-US" style="">Adanya\r\npesaing baik wisata maupun hotel di Purwakarta dan sekitarnya</span></li><li style="margin-left: 15.9pt;">Kurangnya\r\ndestinasi wisata air dan alam</li></ul>', '<ul><li style="margin-left: 15.9pt;"><span lang="EN-US" style="">Membenahi\r\nlingkungan hotel maupun bungalow</span></li><li style="margin-left: 15.9pt;">Menambah\r\ndestinasi baru dan wahana</li><li style="margin-left: 15.9pt;">Memperbanyak\r\nevent (internal &amp; kerjasama) dan meningkatkan promosi kepariwisataan</li></ul>', '<span lang="EN-US" style="line-height: 115%;">Maret 2019</span>', '14', '<span lang="EN-US" style="line-height: 115%;">GM Pariwisata &amp; AMDK</span>', NULL, NULL, NULL, NULL, 1, 1, 0, 0, '2019-09-29 20:15:45', '2019-09-29 20:15:45'),
	(40, '<span lang="EN-US" style="line-height: 115%;">Kinerja personal sumber daya manusia di\r\noperasional pariwisata rendah</span>', '<ul><li style="margin-left: 15.9pt;"><span lang="EN-US" style="">Pengawasan\r\nrendah</span></li><li style="margin-left: 15.9pt;">Sistem\r\nbelum terbangun</li></ul>', '<ul><li style="margin-left: 15.9pt;"><span lang="EN-US" style="">Rotasi\r\nsumber daya manusia</span></li><li style="margin-left: 15.9pt;">Menyempurnakan\r\nstandar operasional prosedur</li></ul>', '<p class="MsoNormal"><span lang="EN-US" style="">Maret\r\n2019<span style="font-family: Arial, sans-serif;"><o:p></o:p></span></span></p>', '14', '<p class="MsoNormal"><span lang="EN-US" style="">GM\r\nPariwisata &amp; AMDK<span style="font-family: Arial, sans-serif;"><o:p></o:p></span></span></p>', NULL, NULL, NULL, NULL, 1, 1, 0, 0, '2019-09-29 20:17:02', '2019-09-29 20:17:02'),
	(41, '<span lang="EN-US" style="line-height: 115%;">Prediksi pencapaian Produksi AMDK tidak tercapai</span>', '<span lang="EN-US" style="line-height: 115%;">Mesin AMDK 2 masih dalam pelaksanaan pekerjaan</span>', '<span lang="EN-US" style="line-height: 115%;">Melakukan perbaikan dan koordinasi dengan Divisi\r\nPP</span>', '<span lang="EN-US" style="line-height: 115%;">Maret 2019</span>', '8,14', '<ul><li style="margin-left: 8.8pt;"><span lang="EN-US" style="">Kadiv.\r\nPP</span></li><li style="margin-left: 8.8pt;">GM\r\nPariwisata &amp; AMDK</li></ul>', NULL, NULL, NULL, NULL, 1, 1, 0, 0, '2019-09-29 20:18:23', '2019-09-29 20:18:23'),
	(42, '<span lang="FI" style="line-height: 115%;">Pelaksanaan Pengadaan\r\nuntuk Pekerjaan Pendampingan Bantuan Hukum dan Perlindungan Hukum Saksi-Saksi</span>', '<span lang="FI" style="line-height: 115%;">Belum ada instruksi\r\ndari pelaksana anggaran</span>', '<span lang="FI" style="line-height: 115%;">Koordinasi dengan\r\nSekretaris Perusahaan agar segera menyampaikan instruksi pengadaan barang/jasa\r\nbeserta kelengkapannya</span>', '<span lang="EN-US" style="line-height: 115%;">s.d. 31 Maret 2019</span>', '2', NULL, NULL, NULL, NULL, NULL, 1, 1, 0, 0, '2019-09-29 20:19:17', '2019-09-29 20:19:17'),
	(43, '<span lang="FI" style="line-height: 115%;">Rencana perubahan\r\nPeraturan Direksi Perum Jasa Tirta II Nomor: 1/DIR/41/PRT/2017 tentang Pedoman Pelaksanaan\r\nBarang/Jasa di Lingkungan Perum Jasa Tirta II</span>', '<span lang="EN-US" style="line-height: 115%;">Peraturan yang berlaku\r\nsudah tidak relevan dengan kondisi di lapangan</span>', '<p><span lang="EN-US" style="line-height: 115%;">Akan dibentuk Tim\r\nPerubahan Peraturan tersebut</span>&nbsp;</p>', '<span lang="EN-US" style="line-height: 115%;">April 2019</span>', '2,6,18', '<span lang="EN-US" style="line-height: 115%;">Kadiv. PKSM, Sekper, Ka. ULP</span>', NULL, NULL, NULL, NULL, 1, 1, 0, 0, '2019-09-29 20:20:19', '2019-09-29 20:20:19'),
	(44, '<span lang="EN-US" style="line-height: 115%;">Pencatatan aset kedalam Sistem Informasi Manajemen\r\ndan Akuntansi Barang Milik Negara (SIMAK BMN)</span>', '<span lang="EN-US" style="line-height: 115%;">Belum tercatatnya sebagian aset BMN/Serah Operasi\r\nPerum Jasa Tirta II kedalam SIMAK BMN Kementerian PUPR</span>', '<span lang="EN-US" style="line-height: 115%;">Pelaksanaan sinkronisasi data aset BMN yang tercatat\r\npada perusahaan dengan pihak kementerian PUPR sebagai pengelola BMN</span>', '<span lang="EN-US" style="line-height: 115%;">Juni 2019</span>', '1', '<span lang="EN-US" style="line-height: 115%;">Kadiv. IPA</span>', NULL, NULL, NULL, NULL, 1, 1, 0, 0, '2019-09-29 20:21:13', '2019-09-29 20:21:13'),
	(45, '<span lang="EN-US" style="line-height: 115%;">PPh Badan Lebih Bayar untuk SPT pajak tahun 2017</span>', '<span lang="EN-US" style="line-height: 115%;">Terjadinya kewajiban pembayaran pajak Pph Badan\r\nterhadap pengakuan pendapatan BJPSDA PLTA yang belum terealisasi Surat\r\nPerjanjiannya RKAP tahun 2017</span>', '<span lang="EN-US" style="line-height: 115%;">Menunggu hasil pemeriksaan pajak</span>', '<p class="MsoNormal"><span lang="EN-US" style="">Maret\r\n2019<span style="font-family: Arial, sans-serif;"><o:p></o:p></span></span></p>', '5', '<span lang="EN-US" style="line-height: 115%;">Kadiv. Keu &amp; Akt</span>', NULL, NULL, NULL, NULL, 1, 1, 0, 0, '2019-09-29 20:22:18', '2019-09-29 20:22:18'),
	(46, '<span lang="EN-US" style="line-height: 115%;">Crane</span><span lang="EN-US" style="line-height: 115%;"> Utama Bendung Walahar\r\ntidak berfungsi dengan baik</span>', '<span lang="DE" style="line-height: 115%;">Terjadi kerusakan pada sistem elektrik dan mekanik</span>', '<span lang="DE" style="line-height: 115%;">Diperbaiki secara permanen</span>', '<span lang="DE" style="line-height: 115%;">RKAP 2019</span>', '12', '<p class="MsoNormal"><span lang="EN-US" style="">GM\r\nWilayah II<span style="font-family: Arial, sans-serif;"><o:p></o:p></span></span></p>', NULL, NULL, NULL, NULL, 1, 1, 0, 0, '2019-09-29 20:23:23', '2019-09-29 20:23:23'),
	(47, '<p class="MsoNormal" style="text-align: justify; "><span lang="EN-US" style="">Prosedur\r\n20 revisi 3 tahun 2017 terkait pengusahaan SDA terdapat point yang hilang\r\napabila dibandingkan dengan prosedur 20 revisi 4 tahun 2018 terkait penetapan\r\nvolume maksimum dan minimum sementara dalam SPPSDA masih menyebutkan volume\r\nmaksimum – minimum sehingga kesulitan untuk mengaplikasikan di unit wilayah\r\nterutama kontrak (pemohon baru)</span><span lang="EN-US" style="font-family:&quot;Arial&quot;,&quot;sans-serif&quot;"><o:p></o:p></span></p>', '<p class="MsoNormal" style="text-align: justify; "><span lang="EN-US" style="">Masih\r\nbanyak pemanfaat air baku yang pemakaiannya di bawah volume minimum</span><span lang="EN-US" style="font-family:&quot;Arial&quot;,&quot;sans-serif&quot;;mso-bidi-font-weight:bold"><o:p></o:p></span></p>', '<p class="MsoNormal"><span lang="DE" style="">Dilakukan revisi DSM</span><span lang="EN-US" style="font-family:&quot;Arial&quot;,&quot;sans-serif&quot;"><o:p></o:p></span></p>', '<p class="MsoNormal"><span lang="EN-US" style="">April\r\n2019<span style="font-family: Arial, sans-serif;"><o:p></o:p></span></span></p>', '6', '<span lang="EN-US" style="line-height: 115%;">Kadiv. PKSM</span>', NULL, NULL, NULL, NULL, 1, 1, 0, 0, '2019-09-29 20:24:36', '2019-09-29 20:24:36'),
	(48, '<p class="MsoNormalCxSpFirst" style="text-align: justify; "><span lang="EN-US" style="">Peraturan Direksi terkait dengan pemanfaatan\r\nlahan</span></p><ul><li style="text-align: justify;">Nomor :\r\n1/DIR/26/PRT/2017 tanggal 31 Mei 2017</li><li style="text-align: justify;">Nomor :\r\n1/DIR/34/PRD-PED/2017 tanggal 22 September 2017 Perubahan peraturan Direksi\r\nNomor : 1/DIR/26/PRT/2017</li><li style="text-align: justify;">Nomor :\r\n1/DIR/38/PRD-PED/2017 tanggal 27 November 2017 Perubahan Kedua atas Peraturan\r\nDireksi tentang Pedoman Pemanfaatan Lahan</li></ul>', '<p class="MsoNormal">Dalam peraturan tersebut masih terdapat tugas dan\r\ntanggung jawab Manager PTU sementara dalam SOTK tidak ada Manajer PTU</p>', '<p class="MsoNormal"><span lang="DE" style="">Dilakukan revisi DSM</span><span lang="EN-US" style="font-family:&quot;Arial&quot;,&quot;sans-serif&quot;"><o:p></o:p></span></p>', '<span lang="EN-US" style="line-height: 115%;">April 2019</span>', '6', '<p class="MsoNormal"><span lang="EN-US" style="">Kadiv.\r\nPKSM<span style="font-family: Arial, sans-serif;"><o:p></o:p></span></span></p>', NULL, NULL, NULL, NULL, 1, 1, 0, 0, '2019-09-29 20:26:17', '2019-09-29 20:26:17'),
	(49, '<p class="MsoNormalCxSpFirst" style=""><span lang="EN-US" style="font-weight: bold;">Prosedur terkait dengan Perencanaan Teknik dan\r\nOperasional</span><span lang="IN" style=""><o:p></o:p></span></p>\r\n\r\n\r\n\r\n\r\n\r\n\r\n\r\n<ul><li style="margin-left: 10.5pt;"><span lang="EN-US" style="">Pros. 06\r\nPenyusunan&nbsp; Rencana Kerja PJT II</span><span lang="IN" style=""><o:p></o:p></span></li><li style="margin-left: 10.5pt;"><span lang="EN-US" style="">Pros. 11\r\nPosedur Pemeliharaan Prasarana SDA</span><span lang="IN" style=""><o:p></o:p></span></li><li style="margin-left: 10.5pt;"><span lang="EN-US" style="">Pros. 13\r\nPosedur Realisasi Produk</span><span lang="IN" style=""><o:p></o:p></span></li><li style="margin-left: 10.5pt;"><span lang="EN-US" style="">Pros. 24 Posedur Kalibrasi</span><b><span lang="IN" style="font-size:9.0pt;\r\nline-height:115%;font-family:&quot;Arial&quot;,&quot;sans-serif&quot;;mso-bidi-font-family:&quot;Times New Roman&quot;;\r\nmso-bidi-theme-font:minor-bidi;mso-ansi-language:IN"><o:p></o:p></span></b></li></ul>', '<p class="MsoNormal"><span lang="DE" style="">Dalam peraturan tersebut masih terdapat tugas dan\r\ntanggung jawab Manajer PTU sementara dalam SOTK tidak ada Manajer PTU</span><span lang="EN-US" style="font-family:&quot;Arial&quot;,&quot;sans-serif&quot;;mso-bidi-font-weight:bold"><o:p></o:p></span></p>', '<p><span lang="DE" style="line-height: 115%;">Dilakukan revisi DSM</span>&nbsp;&nbsp;&nbsp;&nbsp; </p>', '<span lang="EN-US" style="line-height: 115%;">April 2019</span>', '6', '<span lang="EN-US" style="line-height: 115%;">Kadiv. PKSM</span>', NULL, NULL, NULL, NULL, 1, 1, 0, 0, '2019-09-29 20:27:46', '2019-09-29 20:27:46'),
	(50, '<span lang="EN-US" style="line-height: 115%;">Pengukuran dan Penentuan Batas Tanah dalam rangka\r\nProyek Strategis Nasional (PSN)</span>', '<p class="MsoNormal" style="text-align: justify; "><span lang="EN-US" style="">Dalam\r\nrangka mendukung yang menjadi program Pemerintah. Beberapa obyek PSN berbatasan\r\ndengan lahan milik/serahoperasi Perum Jasa Tirta II. Dimana pelaksanaannya\r\nharus sesuai dengan data dan hasil pengukuran bersama antara PJT II, BPN dan pelaksana\r\nPSN<span style="font-family: Arial, sans-serif;"><o:p></o:p></span></span></p>', '<span lang="EN-US" style="line-height: 115%;">Pengukuran batas lahan dalam rangka PSN terdiri dari\r\n3 obyek yaitu PSN Pelindo, PSN PT Jawa Satu Power dan PSN Jalur Tol Japek II\r\nSelatan</span>', '<span lang="EN-US" style="line-height: 115%;">Desember 2019</span>', '1', '<p class="MsoNormal"><span lang="EN-US" style="">Kadiv.\r\nIPA<span style="font-family: Arial, sans-serif;"><o:p></o:p></span></span></p>', NULL, NULL, NULL, NULL, 1, 1, 0, 0, '2019-09-29 20:29:23', '2019-09-29 20:29:23'),
	(51, '<span lang="EN-US" style="line-height: 115%;">Penyesuaian tarif BJPSDA Kabupaten Kota dan Industri</span>', '<p class="MsoNormal"><span lang="EN-US" style="">Masih dalam proses Konsultasi Publik</span><span lang="EN-US" style="font-family:&quot;Arial&quot;,&quot;sans-serif&quot;"><o:p></o:p></span></p>', '<span lang="EN-US" style="line-height: 115%;">Diadakan Konsultasi\r\nPublik dengan mengundang PDAM Kab / Kota dan Industri termasuk Pemanfaat Air\r\ndan <span style="font-family: Arial, sans-serif; font-size: 11pt;">Stake holder</span> terkait</span>', '<span lang="EN-US" style="line-height: 115%;">Maret 2019</span>', '11', '<p class="MsoNormal"><span lang="EN-US" style="">Kadiv.\r\nPPP<span style="font-family: Arial, sans-serif;"><o:p></o:p></span></span></p>', NULL, NULL, NULL, NULL, 1, 1, 0, 0, '2019-09-29 20:30:52', '2019-09-29 20:30:52'),
	(52, '<span lang="IN" style="line-height: 115%;">Belum dilakukan kalibrasi <span style="font-family: Arial, sans-serif; font-size: 11pt;">water</span></span><span lang="IN" style="line-height: 115%;"> </span><span lang="IN" style="line-height: 115%;">meter</span><span lang="IN" style="line-height: 115%;"> PJT II di PDAM Karawang</span>', '<span lang="IN" style="line-height: 115%;">Sudah habis masa berlaku sertifikat kalibrasi\r\npada bulan November </span><span lang="EN-US" style="line-height: 115%;">2018 </span><span lang="IN" style="line-height: 115%;">milik PJT II</span>', '<span lang="IN" style="line-height: 115%;">Akan dilakukan kalibrasi oleh pihak met</span><span lang="EN-US" style="line-height: 115%;">e</span><span lang="IN" style="line-height: 115%;">rologi dan geofisika</span>', '<span lang="EN-US" style="line-height: 115%;">Maret 2019</span>', '9,12', '<span lang="EN-US" style="line-height: 115%;">Kadiv. PSDA/L &amp; GM Wilayah II</span>', NULL, NULL, NULL, NULL, 1, 1, 0, 0, '2019-09-29 20:32:29', '2019-09-29 20:32:29'),
	(53, '<p class="MsoNoSpacing" style="margin-left: -2.1pt;"><span lang="IN" style="">Bidang\r\nSDM 1 temuan<br></span><span lang="IN" style="">Divisi Sumber\r\nDaya Manusia (Temuan SPI 2016)</span><span lang="EN-US" style="">\r\n:</span></p><ul><li style="margin-left: -2.1pt;"><span lang="IN" style="line-height: 115%;">Belum\r\n</span><span lang="EN-US" style="line-height: 115%;">terdapat </span><span lang="IN" style="line-height: 115%;">hasil penyempurnaan Analisa\r\nJabatan dan Evaluasi Direktori Diklat</span></li></ul>', '<span lang="EN-US" style="line-height: 115%;">Analisa Jabatan dan\r\nEvaluasi Direktori Diklat masih belum dilaksanakan</span>', 'Melakukan Monitoring dan Evaluasi kepada entitas untuk tindak lanjut hasil pemeriksaan', 'April 2019', '3,7', 'Kepala SPI dan Kepala Unit Kerja terkait', NULL, NULL, NULL, NULL, 1, 1, 0, 0, '2019-09-29 20:37:48', '2019-09-29 20:37:48'),
	(54, '<p style="text-align: justify;"><span lang="IN" style="">Bidang Pengadaan\r\nBarang &amp; Jasa 5 temuan (Temuan SPI 2017)</span><span lang="EN-US" style=""> :<br><br></span><span style="font-weight: bold;"><span lang="IN">1)<span style="font-variant-numeric: normal; font-variant-east-asian: normal; font-stretch: normal; line-height: normal;">&nbsp;\r\n</span></span></span><span lang="IN"><span style="font-weight: bold;">Divisi Pengelolaan Proyek</span><span style="font-weight: 700;"><br></span></span>Terdapat\r\npembelian lahan seluas 49 m² untuk Pekerjaan Tower Sisipan antara Tower no.26-27\r\nLine 70 kV Jatiluhur Curug yang belum disertakan Bukti Kepemilikan.</p>', '<p class="MsoNormal"><span lang="EN-US" style="">Pembuatan sertifikat masih dalam proses</span><span lang="EN-US" style="font-family:&quot;Arial&quot;,&quot;sans-serif&quot;"><o:p></o:p></span></p>', 'Melakukan Monitoring dan Evaluasi kepada entitas untuk tindak lanjut hasil pemeriksaan', 'April 2019', '7,8', NULL, NULL, NULL, NULL, NULL, 1, 1, 0, 0, '2019-09-29 20:43:58', '2019-09-29 20:43:58'),
	(55, '<p class="MsoNoSpacing" style="margin-left: 14.45pt;"><div style="text-align: justify;">Bidang Pengadaan Barang &amp; Jasa 5 temuan (Temuan SPI 2017) :</div><!--[if !supportLists]--><span lang="IN" style=""><div style="text-align: justify;"><span lang="IN"><span style="font-weight: bold;">1)<span style="font-variant-numeric: normal; font-variant-east-asian: normal; font-stretch: normal; line-height: normal;">&nbsp;\r\n</span></span></span><span lang="IN"><span style="font-weight: bold;">Divisi Renstra &amp; Litbang</span></span></div></span><div style="text-align: justify;">Terdapat kekurangan\r\npekerjaan yang belum dipenuhi oleh PT. BMEC dalam pekerjaan Perencanan\r\nPengembangan Komprehensif SDM PJT II sebagai Antisipasi Pengembangan Usaha\r\nPerusahaan.</div></p>', '<span lang="EN-US" style="line-height: 115%;">Proses pengadaan dan pelaksanaan pekerjaannya\r\nsedang dalam proses penyidikan KPK</span>', '<div>Melakukan Monitoring dan Evaluasi kepada entitas untuk tindak lanjut hasil pemeriksaan</div>', 'April 2019', '7,10', NULL, NULL, NULL, NULL, NULL, 1, 1, 0, 0, '2019-09-29 20:45:29', '2019-09-29 20:45:29'),
	(56, '<p class="MsoNoSpacing" style="margin-left: 14.45pt;"><!--[if !supportLists]--><span lang="IN" style="">Bidang Pengadaan Barang &amp; Jasa 5 temuan (Temuan SPI 2017) :<br><span style="font-weight: bold;">1)<span style="font-variant-numeric: normal; font-variant-east-asian: normal; font-stretch: normal; line-height: normal;">&nbsp;\r\n</span></span></span><!--[endif]--><span lang="IN" style=""><span style="font-weight: bold;">Divisi Renstra &amp; Litbang </span><o:p></o:p></span></p>\r\n\r\n<p class="MsoNoSpacing" style="margin-left: 14.45pt;"><span lang="EN-US" style="">Terdapat\r\nkekurangan volume yang tidak sesuai dengan kontrak dalam pekerjaan Penyusunan Blue Print PJT II dan Revisi RJPP\r\n2015-2019.&nbsp;</span><span lang="IN" style="font-family:&quot;Arial&quot;,&quot;sans-serif&quot;;\r\nmso-ansi-language:IN"><o:p></o:p></span></p>', '<span lang="EN-US" style="line-height: 115%;">Belum melengkapi jumlah\r\nlaporan sesuai KAK</span>', 'Melakukan Monitoring dan Evaluasi kepada entitas untuk tindak lanjut hasil pemeriksaan', 'April 2019', '7,10', NULL, NULL, NULL, NULL, NULL, 1, 1, 0, 0, '2019-09-29 20:47:05', '2019-09-29 20:47:05'),
	(57, '<p class="MsoNoSpacing" style="margin-left: 14.45pt;"><!--[if !supportLists]--><span lang="IN" style="">Bidang Pengadaan Barang &amp; Jasa 5 temuan (Temuan SPI 2017) :<br><span style="font-weight: bold;">1)<span style="font-variant-numeric: normal; font-variant-east-asian: normal; font-stretch: normal; line-height: normal;">&nbsp;\r\n</span></span></span><!--[endif]--><span lang="IN" style=""><span style="font-weight: bold;">Divisi Renstra &amp; Litbang </span><o:p></o:p></span></p>\r\n\r\n<p class="MsoNoSpacing" style="margin-left: 14.45pt;"><span lang="EN-US" style="">Terdapat\r\nhasil pekerjaan PT BMEC yang tidak sesuai dengan kontrak dalam Pekerjaan Perencanaan\r\nPengembangan Komprehensif SDM PJT II Sebagai Antisipasi Pengembangan Usaha\r\nPerusahaan.</span><span lang="IN" style="font-family:&quot;Arial&quot;,&quot;sans-serif&quot;;\r\nmso-ansi-language:IN"><o:p></o:p></span></p>', '<p class="MsoNormal"><span lang="EN-US" style="">Proses\r\npengadaan dan pelaksanaan pekerjaannya sedang dalam proses penyidikan KPK<span style="font-family: Arial, sans-serif;"><o:p></o:p></span></span></p>', 'Melakukan Monitoring dan Evaluasi kepada entitas untuk tindak lanjut hasil pemeriksaan', 'April 2019', '7,10', NULL, NULL, NULL, NULL, NULL, 1, 1, 0, 0, '2019-09-29 20:48:34', '2019-09-29 20:48:34'),
	(58, '<p class="MsoNoSpacing" style="margin-left: 14.45pt;"><!--[if !supportLists]--><span lang="IN" style="">Bidang Pengadaan Barang &amp; Jasa 5 temuan (Temuan SPI 2017) :<br><span style="font-weight: bold;">1)<span style="font-variant-numeric: normal; font-variant-east-asian: normal; font-stretch: normal; line-height: normal;">&nbsp;\r\n</span></span></span><!--[endif]--><span lang="IN" style=""><span style="font-weight: bold;">Divisi Renstra &amp; Litbang </span><o:p></o:p></span></p>\r\n\r\n<span lang="EN-US" style="line-height: 115%;">Terdapat hasil pekerjaan jasa konsultansi yang tidak sesuai dengan\r\nkontrak pada Pekerjaan Perencanaan Strategis Korporat dan Proses Bisnis PJT II.</span>', '<span lang="EN-US" style="line-height: 115%;">Proses pengadaan dan pelaksanaan pekerjaannya\r\nsedang dalam proses penyidikan KPK</span>', 'Melakukan Monitoring dan Evaluasi kepada entitas untuk tindak lanjut hasil pemeriksaan', 'April 2019', '7,10', NULL, NULL, NULL, NULL, NULL, 1, 1, 0, 0, '2019-09-29 20:50:32', '2019-09-29 20:50:32'),
	(59, '<p class="MsoNoSpacing" style=""><div style="text-align: justify;"><span lang="IN">(Temuan SPI</span><span lang="EN-US"> Semester I</span><span lang="IN"> 201</span><span lang="EN-US">8</span><span lang="IN">)</span></div><span lang="IN" style="font-weight: bold;"><div style="text-align: justify;"><span lang="IN">1)<span style="font-variant-numeric: normal; font-variant-east-asian: normal; font-stretch: normal; line-height: normal;">&nbsp;</span></span><span lang="EN-US">Unit\r\nUsaha Wilayah I</span></div></span><span lang="EN-US"><div style="text-align: justify;"><span lang="EN-US">Terd</span><span lang="IN">apat perhitungan kekurangan tagihan jumlah volume\r\npengambilan air maksimum yang diakibatkan dari alat ukur/ water meter tidak berfungsi/rusak.</span></div></span></p>', '<span lang="EN-US" style="line-height: 115%;">B</span><span lang="IN" style="line-height: 115%;">elum\r\nada bukti setor </span><span lang="EN-US" style="line-height: 115%;">dari </span><span lang="IN" style="line-height: 115%;">PT.\r\nCahaya Pelangi Utama &amp; PDAM Tirta Patriot Kota Bekasi ke kas perusahaan</span>', 'Melakukan Monitoring dan Evaluasi kepada entitas untuk tindak lanjut hasil pemeriksaan', 'April 2019', '7,15', NULL, NULL, NULL, NULL, NULL, 1, 1, 0, 0, '2019-09-29 20:52:36', '2019-09-29 20:52:36'),
	(60, '<p class="MsoNoSpacing" style="margin-left: 14.45pt;"><!--[if !supportLists]--><span lang="IN" style="">Bidang Pendapatan\r\n2 temuan<br><span style="font-weight: bold;">1)<span style="font-variant-numeric: normal; font-variant-east-asian: normal; font-stretch: normal; line-height: normal;">&nbsp;\r\n</span></span></span><!--[endif]--><span lang="EN-US" style="font-weight: bold;">Divisi\r\nKeuangan dan Akuntansi&nbsp;&nbsp;&nbsp;&nbsp; </span><span lang="IN" style=""><o:p></o:p></span></p>\r\n\r\n<p class="MsoNoSpacing" style="margin-left:14.45pt"><span lang="EN-US" style="">Terdapat piutang\r\npendapatan usaha perusahaan yang berpotensi merugikan perusahaan sebesar Rp.\r\n34.475.382.171,- pada semester I 2018.</span><span lang="IN" style="font-family:\r\n&quot;Arial&quot;,&quot;sans-serif&quot;;mso-ansi-language:IN"><o:p></o:p></span></p>', '<div style="text-align: justify;">Pembentukan Tim\r\nPenyelesaian Piutang hanya terhadap piutang kepada PDAM Kab Karawang saja, belum&nbsp; mencakup penyelesaian piutang usaha secara\r\nmenyeluruh</div>', 'Melakukan Monitoring dan Evaluasi kepada entitas untuk tindak lanjut hasil pemeriksaan', 'April 2019', '5,7', NULL, NULL, NULL, NULL, NULL, 1, 1, 0, 0, '2019-09-29 21:00:43', '2019-09-29 21:00:43'),
	(61, '<p class="MsoListParagraph" style="margin-left:17.55pt;mso-add-space:auto;\r\ntext-indent:-17.55pt;mso-list:l0 level1 lfo1"><span lang="EN-US" style="font-family:&quot;Arial&quot;,&quot;sans-serif&quot;">Kinerja\r\npenyedia eksternal<o:p></o:p></span></p>', '<p class="MsoNormal"><span lang="EN-US" style="">Kinerja\r\npenyedia eksternal belum bisa dievaluasi sehubungan dengan belum adanya\r\ninstruksi dari pelaksana anggaran&nbsp;<span style="font-family: Arial, sans-serif;"><o:p></o:p></span></span></p>', '<p class="MsoNormal"><span lang="FI" style="">Koordinasi dengan kepala unit\r\nkerja agar segera menyampaikan instruksi pengadaan barang/jasa</span><span lang="EN-US" style="font-family:&quot;Arial&quot;,&quot;sans-serif&quot;"><o:p></o:p></span></p>', '<span lang="EN-US" style="line-height: 115%;">31 Maret 2019</span>', '1,2,3,4,5,6,7,8,9,10,11,12,13,14,15,16,17,18,19', NULL, NULL, NULL, NULL, NULL, 1, 1, 0, 0, '2019-09-29 21:02:13', '2019-09-29 21:02:13'),
	(62, '<ul><li style="margin-left: 13.85pt;"><span lang="EN-US" style="">Pemberian Upah tenaga kerja outsourcing bidang pengamanan, kebersihan dan pengemudi masih dibawah\r\nUMK <o:p></o:p></span></li><li style="margin-left: 13.85pt;"><span lang="EN-US" style=""><span style="font-variant-numeric: normal; font-variant-east-asian: normal; font-stretch: normal; line-height: normal;">K</span></span><span lang="EN-US" style="">ekurangan jumlah tenaga kerja outsourcing bidang pengamanan<span style="font-family: Arial, sans-serif;"><o:p></o:p></span></span></li></ul>', '<ol><li style="text-align: justify; margin-left: 13.45pt;"><span lang="EN-US" style="">Pengalihan Tugas wewenang dan Tanggung Jawab semula\r\ndi Divisi SDM Beralih ke Divisi Umum dan PKBL sesuai peraturan Direksi PJT II\r\nnomor : 1/DIR/41/KPTS/2017 tanggal15&nbsp;\r\nDesember 2017</span></li><li style="margin-left: 13.45pt;"><div style="text-align: justify;">PT. Raharja Putra Perkasa mengajukan surat permohonan\r\nAddendum kedua surat perjanjian nomor 12/DI/01/Surat Perjanjian/2018 (bidang pengamanan,\r\nkebersihan dan pengemudi) dilingkungan Perum Jasa Tirta II</div><div style="text-align: justify;">- Kenaikan UMK sesuai Peraturan Pemerintah Daerah mengenai UMK Kabupaten &amp;\r\nPropinsi tahun 2019</div><div style="text-align: justify;">- Kekurangan tenaga kerja bidang pengamanan dimana berdasarkan surat\r\nperjanjian sebanyak 300 orang, sedangkan realisasinya sampai dengan saat ini\r\nsebanyak 243 orang sehingga masih terdapat kekurangan tenaga kerja sebanyak 57\r\norang.</div></li></ol>', '<ul><li style="margin-left: 10.85pt;"><span lang="EN-US" style="">Diadakan\r\nrapat pembahasan bersama antara Divisi SDM dengan Divisi Umum &amp; PKBL sesuai\r\nrisalah rapat tanggal 08 Februari 2019 dan telah disampaikan pemberitahuan kepada\r\nPT. Raharja Putra Perkasa terkait proses administrasi selanjutnya merupakan\r\nkewenangan Divisi Umum &amp; PKBL</span></li><li style="margin-left: 10.85pt;">PT.\r\nRaharja Putra Perkasa akan mengajukan secara tertulis kepada Direksi PJT II\r\nterkait dengan kenaikan UMK tenaga kerja Outsourcing&nbsp; untuk mendapatkan persetujuan</li><li style="margin-left: 10.85pt;">Akan\r\ndiadakan rapat koordinasi antara Divisi Umum &amp; PKBL, Divisi SDM, Divisi\r\nKeuangan, SPI &amp; Bidang Hukum membahas ketentuan kenaikan UMK dan kekurangan\r\njumlah tenaga Outsourcing</li></ul>', '<span lang="EN-US" style="line-height: 115%;">31 Maret 2019</span>', '3,4', '<ul><li style="margin-left: 8.8pt;"><span lang="EN-US" style="">Kadiv Umum &amp; PKBL<o:p></o:p></span></li><li style="margin-left: 8.8pt;"><span lang="EN-US" style="">Kadiv SDM<span style="font-family: Arial, sans-serif;"><o:p></o:p></span></span></li></ul>', NULL, NULL, NULL, NULL, 1, 1, 0, 0, '2019-09-29 21:24:41', '2019-09-29 21:24:41'),
	(63, '<span lang="EN-US" style="line-height: 115%;">Kurangnya SDM di UUW II</span>', '<span lang="EN-US" style="line-height: 115%;">Terdapat kekosongan staff perencanaan teknik dan\r\npetugas jaringan pengairan</span>', '<span lang="EN-US" style="line-height: 115%;">Segera mengisi kekosongan</span>', '<span lang="EN-US" style="line-height: 115%;">Maret 2019</span>', '3', '<span lang="EN-US" style="line-height: 115%;">Kadiv. SDM</span>', NULL, NULL, NULL, NULL, 1, 1, 0, 0, '2019-09-29 21:28:28', '2019-09-29 21:28:28'),
	(64, '<span lang="DE" style="line-height: 115%;">Jumlah pemenuhan kapasitas dan kapabilitas tenaga\r\nkerja di UUW IV</span>', '<table class="MsoNormalTable" border="0" cellspacing="0" cellpadding="0" width="248">\r\n <tbody><tr style="mso-yfti-irow:0;mso-yfti-firstrow:yes;height:14.4pt">\r\n  <td width="115" nowrap="" style="width:86.5pt;border:solid windowtext 1.0pt;\r\n  border-bottom:none;mso-border-top-alt:solid windowtext .5pt;mso-border-left-alt:\r\n  solid windowtext .5pt;mso-border-right-alt:solid windowtext .5pt;background:\r\n  #D9D9D9;padding:0cm 5.4pt 0cm 5.4pt;height:14.4pt">\r\n  <p class="MsoNormal" align="center" style="text-align:center"><span lang="EN-US" style="font-size: 8pt; line-height: 115%;">Unit\r\n  Kerja<o:p></o:p></span></p>\r\n  </td>\r\n  <td width="57" nowrap="" style="width:42.55pt;border:solid windowtext 1.0pt;\r\n  border-left:none;mso-border-top-alt:solid windowtext .5pt;mso-border-bottom-alt:\r\n  solid windowtext .5pt;mso-border-right-alt:solid windowtext .5pt;background:\r\n  #D9D9D9;padding:0cm 5.4pt 0cm 5.4pt;height:14.4pt">\r\n  <p class="MsoNormal" align="center" style="margin-bottom:0cm;margin-bottom:.0001pt;\r\n  text-align:center"><span lang="EN-US" style="font-size: 8pt; line-height: 115%;">Yang Dibutuhkan<o:p></o:p></span></p>\r\n  </td>\r\n  <td width="38" nowrap="" style="width:1.0cm;border:solid windowtext 1.0pt;\r\n  border-left:none;mso-border-top-alt:solid windowtext .5pt;mso-border-bottom-alt:\r\n  solid windowtext .5pt;mso-border-right-alt:solid windowtext .5pt;background:\r\n  #D9D9D9;padding:0cm 5.4pt 0cm 5.4pt;height:14.4pt">\r\n  <p class="MsoNormal" align="center" style="margin-bottom:0cm;margin-bottom:.0001pt;\r\n  text-align:center"><span lang="EN-US" style="font-size: 8pt; line-height: 115%;">Yang Ada<o:p></o:p></span></p>\r\n  </td>\r\n  <td width="38" nowrap="" style="width:1.0cm;border:solid windowtext 1.0pt;\r\n  border-left:none;mso-border-top-alt:solid windowtext .5pt;mso-border-bottom-alt:\r\n  solid windowtext .5pt;mso-border-right-alt:solid windowtext .5pt;background:\r\n  #D9D9D9;padding:0cm 5.4pt 0cm 5.4pt;height:14.4pt">\r\n  <p class="MsoNormal" align="center" style="margin-bottom:0cm;margin-bottom:.0001pt;\r\n  text-align:center"><span lang="EN-US" style="font-size: 8pt; line-height: 115%;">Kekurangan<o:p></o:p></span></p>\r\n  </td>\r\n </tr>\r\n <tr style="mso-yfti-irow:1;height:14.4pt">\r\n  <td width="115" nowrap="" style="width:86.5pt;border:solid windowtext 1.0pt;\r\n  mso-border-alt:solid windowtext .5pt;padding:0cm 5.4pt 0cm 5.4pt;height:14.4pt">\r\n  <p class="MsoNormal" style="margin-bottom:0cm;margin-bottom:.0001pt"><span lang="EN-US" style="font-size: 8pt; line-height: 115%;">Sub Bidang Perencanaan Usaha<o:p></o:p></span></p>\r\n  </td>\r\n  <td width="57" nowrap="" style="width:42.55pt;border-top:none;border-left:none;\r\n  border-bottom:solid windowtext 1.0pt;border-right:solid windowtext 1.0pt;\r\n  mso-border-bottom-alt:solid windowtext .5pt;mso-border-right-alt:solid windowtext .5pt;\r\n  padding:0cm 5.4pt 0cm 5.4pt;height:14.4pt">\r\n  <p class="MsoNormal" align="center" style="text-align:center"><span lang="EN-US" style="font-size: 8pt; line-height: 115%;">4<o:p></o:p></span></p>\r\n  </td>\r\n  <td width="38" nowrap="" style="width:1.0cm;border-top:none;border-left:none;\r\n  border-bottom:solid windowtext 1.0pt;border-right:solid windowtext 1.0pt;\r\n  mso-border-bottom-alt:solid windowtext .5pt;mso-border-right-alt:solid windowtext .5pt;\r\n  padding:0cm 5.4pt 0cm 5.4pt;height:14.4pt">\r\n  <p class="MsoNormal" align="center" style="text-align:center"><span lang="EN-US" style="font-size: 8pt; line-height: 115%;">0<o:p></o:p></span></p>\r\n  </td>\r\n  <td width="38" nowrap="" style="width:1.0cm;border-top:none;border-left:none;\r\n  border-bottom:solid windowtext 1.0pt;border-right:solid windowtext 1.0pt;\r\n  mso-border-bottom-alt:solid windowtext .5pt;mso-border-right-alt:solid windowtext .5pt;\r\n  padding:0cm 5.4pt 0cm 5.4pt;height:14.4pt">\r\n  <p class="MsoNormal" align="center" style="text-align:center"><span lang="EN-US" style="font-size: 8pt; line-height: 115%;">4<o:p></o:p></span></p>\r\n  </td>\r\n </tr>\r\n <tr style="mso-yfti-irow:2;height:14.4pt">\r\n  <td width="115" nowrap="" style="width:86.5pt;border:solid windowtext 1.0pt;\r\n  border-top:none;mso-border-left-alt:solid windowtext .5pt;mso-border-bottom-alt:\r\n  solid windowtext .5pt;mso-border-right-alt:solid windowtext .5pt;padding:\r\n  0cm 5.4pt 0cm 5.4pt;height:14.4pt">\r\n  <p class="MsoNormal" style="margin-bottom:0cm;margin-bottom:.0001pt"><span lang="EN-US" style="font-size: 8pt; line-height: 115%;">Sub Bidang SDM &amp;Umum<o:p></o:p></span></p>\r\n  </td>\r\n  <td width="57" nowrap="" style="width:42.55pt;border-top:none;border-left:none;\r\n  border-bottom:solid windowtext 1.0pt;border-right:solid windowtext 1.0pt;\r\n  mso-border-bottom-alt:solid windowtext .5pt;mso-border-right-alt:solid windowtext .5pt;\r\n  padding:0cm 5.4pt 0cm 5.4pt;height:14.4pt">\r\n  <p class="MsoNormal" align="center" style="text-align:center"><span lang="EN-US" style="font-size: 8pt; line-height: 115%;">1<o:p></o:p></span></p>\r\n  </td>\r\n  <td width="38" nowrap="" style="width:1.0cm;border-top:none;border-left:none;\r\n  border-bottom:solid windowtext 1.0pt;border-right:solid windowtext 1.0pt;\r\n  mso-border-bottom-alt:solid windowtext .5pt;mso-border-right-alt:solid windowtext .5pt;\r\n  padding:0cm 5.4pt 0cm 5.4pt;height:14.4pt">\r\n  <p class="MsoNormal" align="center" style="text-align:center"><span lang="EN-US" style="font-size: 8pt; line-height: 115%;">0<o:p></o:p></span></p>\r\n  </td>\r\n  <td width="38" nowrap="" style="width:1.0cm;border-top:none;border-left:none;\r\n  border-bottom:solid windowtext 1.0pt;border-right:solid windowtext 1.0pt;\r\n  mso-border-bottom-alt:solid windowtext .5pt;mso-border-right-alt:solid windowtext .5pt;\r\n  padding:0cm 5.4pt 0cm 5.4pt;height:14.4pt">\r\n  <p class="MsoNormal" align="center" style="text-align:center"><span lang="EN-US" style="font-size: 8pt; line-height: 115%;">1<o:p></o:p></span></p>\r\n  </td>\r\n </tr>\r\n <tr style="mso-yfti-irow:3;height:14.4pt">\r\n  <td width="115" nowrap="" style="width:86.5pt;border:solid windowtext 1.0pt;\r\n  border-top:none;mso-border-left-alt:solid windowtext .5pt;mso-border-bottom-alt:\r\n  solid windowtext .5pt;mso-border-right-alt:solid windowtext .5pt;padding:\r\n  0cm 5.4pt 0cm 5.4pt;height:14.4pt">\r\n  <p class="MsoNormal" style="margin-bottom:0cm;margin-bottom:.0001pt"><span lang="EN-US" style="font-size: 8pt; line-height: 115%;">Sub Bidang Keuangan &amp; Akuntansi<o:p></o:p></span></p>\r\n  </td>\r\n  <td width="57" nowrap="" style="width:42.55pt;border-top:none;border-left:none;\r\n  border-bottom:solid windowtext 1.0pt;border-right:solid windowtext 1.0pt;\r\n  mso-border-bottom-alt:solid windowtext .5pt;mso-border-right-alt:solid windowtext .5pt;\r\n  padding:0cm 5.4pt 0cm 5.4pt;height:14.4pt">\r\n  <p class="MsoNormal" align="center" style="text-align:center"><span lang="EN-US" style="font-size: 8pt; line-height: 115%;">1<o:p></o:p></span></p>\r\n  </td>\r\n  <td width="38" nowrap="" style="width:1.0cm;border-top:none;border-left:none;\r\n  border-bottom:solid windowtext 1.0pt;border-right:solid windowtext 1.0pt;\r\n  mso-border-bottom-alt:solid windowtext .5pt;mso-border-right-alt:solid windowtext .5pt;\r\n  padding:0cm 5.4pt 0cm 5.4pt;height:14.4pt">\r\n  <p class="MsoNormal" align="center" style="text-align:center"><span lang="EN-US" style="font-size: 8pt; line-height: 115%;">0<o:p></o:p></span></p>\r\n  </td>\r\n  <td width="38" nowrap="" style="width:1.0cm;border-top:none;border-left:none;\r\n  border-bottom:solid windowtext 1.0pt;border-right:solid windowtext 1.0pt;\r\n  mso-border-bottom-alt:solid windowtext .5pt;mso-border-right-alt:solid windowtext .5pt;\r\n  padding:0cm 5.4pt 0cm 5.4pt;height:14.4pt">\r\n  <p class="MsoNormal" align="center" style="text-align:center"><span lang="EN-US" style="font-size: 8pt; line-height: 115%;">1<o:p></o:p></span></p>\r\n  </td>\r\n </tr>\r\n <tr style="mso-yfti-irow:4;height:14.4pt">\r\n  <td width="115" nowrap="" style="width:86.5pt;border:solid windowtext 1.0pt;\r\n  border-top:none;mso-border-left-alt:solid windowtext .5pt;mso-border-bottom-alt:\r\n  solid windowtext .5pt;mso-border-right-alt:solid windowtext .5pt;padding:\r\n  0cm 5.4pt 0cm 5.4pt;height:14.4pt">\r\n  <p class="MsoNormal" style="margin-bottom:0cm;margin-bottom:.0001pt"><span lang="EN-US" style="font-size: 8pt; line-height: 115%;">Seksi Monitoring Bendungan<o:p></o:p></span></p>\r\n  </td>\r\n  <td width="57" nowrap="" style="width:42.55pt;border-top:none;border-left:none;\r\n  border-bottom:solid windowtext 1.0pt;border-right:solid windowtext 1.0pt;\r\n  mso-border-bottom-alt:solid windowtext .5pt;mso-border-right-alt:solid windowtext .5pt;\r\n  padding:0cm 5.4pt 0cm 5.4pt;height:14.4pt">\r\n  <p class="MsoNormal" align="center" style="text-align:center"><span lang="EN-US" style="font-size: 8pt; line-height: 115%;">6<o:p></o:p></span></p>\r\n  </td>\r\n  <td width="38" nowrap="" style="width:1.0cm;border-top:none;border-left:none;\r\n  border-bottom:solid windowtext 1.0pt;border-right:solid windowtext 1.0pt;\r\n  mso-border-bottom-alt:solid windowtext .5pt;mso-border-right-alt:solid windowtext .5pt;\r\n  padding:0cm 5.4pt 0cm 5.4pt;height:14.4pt">\r\n  <p class="MsoNormal" align="center" style="text-align:center"><span lang="EN-US" style="font-size: 8pt; line-height: 115%;">4<o:p></o:p></span></p>\r\n  </td>\r\n  <td width="38" nowrap="" style="width:1.0cm;border-top:none;border-left:none;\r\n  border-bottom:solid windowtext 1.0pt;border-right:solid windowtext 1.0pt;\r\n  mso-border-bottom-alt:solid windowtext .5pt;mso-border-right-alt:solid windowtext .5pt;\r\n  padding:0cm 5.4pt 0cm 5.4pt;height:14.4pt">\r\n  <p class="MsoNormal" align="center" style="text-align:center"><span lang="EN-US" style="font-size: 8pt; line-height: 115%;">2<o:p></o:p></span></p>\r\n  </td>\r\n </tr>\r\n <tr style="mso-yfti-irow:5;height:14.4pt">\r\n  <td width="115" nowrap="" style="width:86.5pt;border:solid windowtext 1.0pt;\r\n  border-top:none;mso-border-left-alt:solid windowtext .5pt;mso-border-bottom-alt:\r\n  solid windowtext .5pt;mso-border-right-alt:solid windowtext .5pt;padding:\r\n  0cm 5.4pt 0cm 5.4pt;height:14.4pt">\r\n  <p class="MsoNormal" style="margin-bottom:0cm;margin-bottom:.0001pt"><span lang="EN-US" style="font-size: 8pt; line-height: 115%;">Seksi BUBU&amp;P<o:p></o:p></span></p>\r\n  </td>\r\n  <td width="57" nowrap="" style="width:42.55pt;border-top:none;border-left:none;\r\n  border-bottom:solid windowtext 1.0pt;border-right:solid windowtext 1.0pt;\r\n  mso-border-bottom-alt:solid windowtext .5pt;mso-border-right-alt:solid windowtext .5pt;\r\n  padding:0cm 5.4pt 0cm 5.4pt;height:14.4pt">\r\n  <p class="MsoNormal" align="center" style="margin-bottom:0cm;margin-bottom:.0001pt;\r\n  text-align:center"><span lang="EN-US" style="font-size: 8pt; line-height: 115%;">5<o:p></o:p></span></p>\r\n  </td>\r\n  <td width="38" nowrap="" style="width:1.0cm;border-top:none;border-left:none;\r\n  border-bottom:solid windowtext 1.0pt;border-right:solid windowtext 1.0pt;\r\n  mso-border-bottom-alt:solid windowtext .5pt;mso-border-right-alt:solid windowtext .5pt;\r\n  padding:0cm 5.4pt 0cm 5.4pt;height:14.4pt">\r\n  <p class="MsoNormal" align="center" style="margin-bottom:0cm;margin-bottom:.0001pt;\r\n  text-align:center"><span lang="EN-US" style="font-size: 8pt; line-height: 115%;">2<o:p></o:p></span></p>\r\n  </td>\r\n  <td width="38" nowrap="" style="width:1.0cm;border-top:none;border-left:none;\r\n  border-bottom:solid windowtext 1.0pt;border-right:solid windowtext 1.0pt;\r\n  mso-border-bottom-alt:solid windowtext .5pt;mso-border-right-alt:solid windowtext .5pt;\r\n  padding:0cm 5.4pt 0cm 5.4pt;height:14.4pt">\r\n  <p class="MsoNormal" align="center" style="margin-bottom:0cm;margin-bottom:.0001pt;\r\n  text-align:center"><span lang="EN-US" style="font-size: 8pt; line-height: 115%;">3<o:p></o:p></span></p>\r\n  </td>\r\n </tr>\r\n <tr style="mso-yfti-irow:6;height:14.4pt">\r\n  <td width="115" nowrap="" style="width:86.5pt;border:solid windowtext 1.0pt;\r\n  border-top:none;mso-border-left-alt:solid windowtext .5pt;mso-border-bottom-alt:\r\n  solid windowtext .5pt;mso-border-right-alt:solid windowtext .5pt;padding:\r\n  0cm 5.4pt 0cm 5.4pt;height:14.4pt">\r\n  <p class="MsoNormal" style="margin-bottom:0cm;margin-bottom:.0001pt"><span lang="EN-US" style="font-size: 8pt; line-height: 115%;">Seksi Bendung Curug &amp; PTB<o:p></o:p></span></p>\r\n  </td>\r\n  <td width="57" nowrap="" style="width:42.55pt;border-top:none;border-left:none;\r\n  border-bottom:solid windowtext 1.0pt;border-right:solid windowtext 1.0pt;\r\n  mso-border-bottom-alt:solid windowtext .5pt;mso-border-right-alt:solid windowtext .5pt;\r\n  padding:0cm 5.4pt 0cm 5.4pt;height:14.4pt">\r\n  <p class="MsoNormal" align="center" style="margin-bottom:0cm;margin-bottom:.0001pt;\r\n  text-align:center"><span lang="EN-US" style="font-size: 8pt; line-height: 115%;">17<o:p></o:p></span></p>\r\n  </td>\r\n  <td width="38" nowrap="" style="width:1.0cm;border-top:none;border-left:none;\r\n  border-bottom:solid windowtext 1.0pt;border-right:solid windowtext 1.0pt;\r\n  mso-border-bottom-alt:solid windowtext .5pt;mso-border-right-alt:solid windowtext .5pt;\r\n  padding:0cm 5.4pt 0cm 5.4pt;height:14.4pt">\r\n  <p class="MsoNormal" align="center" style="margin-bottom:0cm;margin-bottom:.0001pt;\r\n  text-align:center"><span lang="EN-US" style="font-size: 8pt; line-height: 115%;">13<o:p></o:p></span></p>\r\n  </td>\r\n  <td width="38" nowrap="" style="width:1.0cm;border-top:none;border-left:none;\r\n  border-bottom:solid windowtext 1.0pt;border-right:solid windowtext 1.0pt;\r\n  mso-border-bottom-alt:solid windowtext .5pt;mso-border-right-alt:solid windowtext .5pt;\r\n  padding:0cm 5.4pt 0cm 5.4pt;height:14.4pt">\r\n  <p class="MsoNormal" align="center" style="margin-bottom:0cm;margin-bottom:.0001pt;\r\n  text-align:center"><span lang="EN-US" style="font-size: 8pt; line-height: 115%;">4<o:p></o:p></span></p>\r\n  </td>\r\n </tr>\r\n <tr style="mso-yfti-irow:7;height:14.4pt">\r\n  <td width="115" nowrap="" style="width:86.5pt;border:solid windowtext 1.0pt;\r\n  border-top:none;mso-border-left-alt:solid windowtext .5pt;mso-border-bottom-alt:\r\n  solid windowtext .5pt;mso-border-right-alt:solid windowtext .5pt;padding:\r\n  0cm 5.4pt 0cm 5.4pt;height:14.4pt">\r\n  <p class="MsoNormal" style="margin-bottom:0cm;margin-bottom:.0001pt"><span lang="EN-US" style="font-size: 8pt; line-height: 115%;">Seksi SPAM Jatiluhur&amp;Curug<o:p></o:p></span></p>\r\n  </td>\r\n  <td width="57" nowrap="" style="width:42.55pt;border-top:none;border-left:none;\r\n  border-bottom:solid windowtext 1.0pt;border-right:solid windowtext 1.0pt;\r\n  mso-border-bottom-alt:solid windowtext .5pt;mso-border-right-alt:solid windowtext .5pt;\r\n  padding:0cm 5.4pt 0cm 5.4pt;height:14.4pt">\r\n  <p class="MsoNormal" align="center" style="margin-bottom:0cm;margin-bottom:.0001pt;\r\n  text-align:center"><span lang="EN-US" style="font-size: 8pt; line-height: 115%;">6<o:p></o:p></span></p>\r\n  </td>\r\n  <td width="38" nowrap="" style="width:1.0cm;border-top:none;border-left:none;\r\n  border-bottom:solid windowtext 1.0pt;border-right:solid windowtext 1.0pt;\r\n  mso-border-bottom-alt:solid windowtext .5pt;mso-border-right-alt:solid windowtext .5pt;\r\n  padding:0cm 5.4pt 0cm 5.4pt;height:14.4pt">\r\n  <p class="MsoNormal" align="center" style="margin-bottom:0cm;margin-bottom:.0001pt;\r\n  text-align:center"><span lang="EN-US" style="font-size: 8pt; line-height: 115%;">0<o:p></o:p></span></p>\r\n  </td>\r\n  <td width="38" nowrap="" style="width:1.0cm;border-top:none;border-left:none;\r\n  border-bottom:solid windowtext 1.0pt;border-right:solid windowtext 1.0pt;\r\n  mso-border-bottom-alt:solid windowtext .5pt;mso-border-right-alt:solid windowtext .5pt;\r\n  padding:0cm 5.4pt 0cm 5.4pt;height:14.4pt">\r\n  <p class="MsoNormal" align="center" style="margin-bottom:0cm;margin-bottom:.0001pt;\r\n  text-align:center"><span lang="EN-US" style="font-size: 8pt; line-height: 115%;">6<o:p></o:p></span></p>\r\n  </td>\r\n </tr>\r\n <tr style="mso-yfti-irow:8;height:14.4pt">\r\n  <td width="115" nowrap="" style="width:86.5pt;border:solid windowtext 1.0pt;\r\n  border-top:none;mso-border-left-alt:solid windowtext .5pt;mso-border-bottom-alt:\r\n  solid windowtext .5pt;mso-border-right-alt:solid windowtext .5pt;padding:\r\n  0cm 5.4pt 0cm 5.4pt;height:14.4pt">\r\n  <p class="MsoNormal" style="margin-bottom:0cm;margin-bottom:.0001pt"><span lang="EN-US" style="font-size: 8pt; line-height: 115%;">Seksi Citarum Hulu Timur &amp; Barat<o:p></o:p></span></p>\r\n  </td>\r\n  <td width="57" nowrap="" style="width:42.55pt;border-top:none;border-left:none;\r\n  border-bottom:solid windowtext 1.0pt;border-right:solid windowtext 1.0pt;\r\n  mso-border-bottom-alt:solid windowtext .5pt;mso-border-right-alt:solid windowtext .5pt;\r\n  padding:0cm 5.4pt 0cm 5.4pt;height:14.4pt">\r\n  <p class="MsoNormal" align="center" style="margin-bottom:0cm;margin-bottom:.0001pt;\r\n  text-align:center"><span lang="EN-US" style="font-size: 8pt; line-height: 115%;">11<o:p></o:p></span></p>\r\n  </td>\r\n  <td width="38" nowrap="" style="width:1.0cm;border-top:none;border-left:none;\r\n  border-bottom:solid windowtext 1.0pt;border-right:solid windowtext 1.0pt;\r\n  mso-border-bottom-alt:solid windowtext .5pt;mso-border-right-alt:solid windowtext .5pt;\r\n  padding:0cm 5.4pt 0cm 5.4pt;height:14.4pt">\r\n  <p class="MsoNormal" align="center" style="margin-bottom:0cm;margin-bottom:.0001pt;\r\n  text-align:center"><span lang="EN-US" style="font-size: 8pt; line-height: 115%;">0<o:p></o:p></span></p>\r\n  </td>\r\n  <td width="38" nowrap="" style="width:1.0cm;border-top:none;border-left:none;\r\n  border-bottom:solid windowtext 1.0pt;border-right:solid windowtext 1.0pt;\r\n  mso-border-bottom-alt:solid windowtext .5pt;mso-border-right-alt:solid windowtext .5pt;\r\n  padding:0cm 5.4pt 0cm 5.4pt;height:14.4pt">\r\n  <p class="MsoNormal" align="center" style="margin-bottom:0cm;margin-bottom:.0001pt;\r\n  text-align:center"><span lang="EN-US" style="font-size: 8pt; line-height: 115%;">11<o:p></o:p></span></p>\r\n  </td>\r\n </tr>\r\n <tr style="mso-yfti-irow:9;mso-yfti-lastrow:yes;height:14.4pt">\r\n  <td width="115" nowrap="" style="width:86.5pt;border:solid windowtext 1.0pt;\r\n  border-top:none;mso-border-left-alt:solid windowtext .5pt;mso-border-bottom-alt:\r\n  solid windowtext .5pt;mso-border-right-alt:solid windowtext .5pt;padding:\r\n  0cm 5.4pt 0cm 5.4pt;height:14.4pt">\r\n  <p class="MsoNormal" style="margin-bottom:0cm;margin-bottom:.0001pt"><span lang="EN-US" style="font-size: 8pt; line-height: 115%; font-weight: bold;">Jumlah<o:p></o:p></span></p>\r\n  </td>\r\n  <td width="57" nowrap="" style="width:42.55pt;border-top:none;border-left:none;\r\n  border-bottom:solid windowtext 1.0pt;border-right:solid windowtext 1.0pt;\r\n  mso-border-bottom-alt:solid windowtext .5pt;mso-border-right-alt:solid windowtext .5pt;\r\n  padding:0cm 5.4pt 0cm 5.4pt;height:14.4pt">\r\n  <p class="MsoNormal" align="center" style="margin-bottom:0cm;margin-bottom:.0001pt;\r\n  text-align:center"><span lang="EN-US" style="font-size: 8pt; line-height: 115%; font-weight: bold;">51<o:p></o:p></span></p>\r\n  </td>\r\n  <td width="38" nowrap="" style="width:1.0cm;border-top:none;border-left:none;\r\n  border-bottom:solid windowtext 1.0pt;border-right:solid windowtext 1.0pt;\r\n  mso-border-bottom-alt:solid windowtext .5pt;mso-border-right-alt:solid windowtext .5pt;\r\n  padding:0cm 5.4pt 0cm 5.4pt;height:14.4pt">\r\n  <p class="MsoNormal" align="center" style="margin-bottom:0cm;margin-bottom:.0001pt;\r\n  text-align:center"><span lang="EN-US" style="font-size: 8pt; line-height: 115%; font-weight: bold;">19<o:p></o:p></span></p>\r\n  </td>\r\n  <td width="38" nowrap="" style="width:1.0cm;border-top:none;border-left:none;\r\n  border-bottom:solid windowtext 1.0pt;border-right:solid windowtext 1.0pt;\r\n  mso-border-bottom-alt:solid windowtext .5pt;mso-border-right-alt:solid windowtext .5pt;\r\n  padding:0cm 5.4pt 0cm 5.4pt;height:14.4pt">\r\n  <p class="MsoNormal" align="center" style="margin-bottom:0cm;margin-bottom:.0001pt;\r\n  text-align:center"><span lang="EN-US" style="font-size: 8pt; line-height: 115%;"><span style="font-weight: bold;">32</span><o:p></o:p></span></p>\r\n  </td>\r\n </tr>\r\n</tbody></table>', '<span lang="DE" style="line-height: 115%;">Mengusulkan penambahan karyawan sesuai bidang tugas\r\nyang dibutuhkan</span>', '-', '3,16', '<span lang="EN-US" style="line-height: 115%;">Kadiv. SDM, GM UUW IV</span>', NULL, NULL, NULL, NULL, 1, 1, 0, 0, '2019-09-29 21:30:02', '2019-10-01 09:08:21'),
	(65, '<span lang="EN-US" style="line-height: 115%;">Pekerja Waktu Tertentu di Unit Usaha Pariwisata\r\n&amp; AMDK</span>', '<p class="MsoNormal" style="text-align: justify; "><span lang="EN-US" style="">Waktu\r\nperjanjian Pekerja Waktu Tertentu di Unit Usaha Pariwisata &amp; AMDK masa\r\nkerja berakhir sampai dengan 31 Maret 2019 (2 orang Asmen Marketing)<o:p></o:p></span></p>\r\n\r\n<span lang="EN-US" style="line-height: 115%;"><div style="text-align: justify;">8 April 2019 (1 orang\r\nManajer AMDK)</div></span>', '<span lang="EN-US" style="line-height: 115%;">Diusulkan untuk dilakukan evaluasi kinerja dan\r\ntindaklanjut Pekerja Waktu Tertentu (perpanjang/ tidak diperpanjang)</span>', '<span lang="EN-US" style="line-height: 115%;">Minggu ke-2 Maret 2019</span>', '3,14', '<ul><li style="margin-left: 8.8pt;"><span lang="EN-US" style="">Divisi\r\nSDM<o:p></o:p></span></li><li style="margin-left: 8.8pt;"><span lang="EN-US" style="">GM\r\nPariwisata &amp; AMDK<span style="font-family: Arial, sans-serif;"><o:p></o:p></span></span></li></ul>', NULL, NULL, NULL, NULL, 1, 1, 0, 0, '2019-09-29 21:31:43', '2019-09-29 21:31:43'),
	(66, '<ul><li style="margin-left: 17.55pt;"><span lang="EN-US" style="">Pelatihan<o:p></o:p></span></li><li style="margin-left: 31.75pt;"><span lang="EN-US" style="">Keterampilan<o:p></o:p></span></li><li style="margin-left: 31.75pt;"><span lang="EN-US" style="">Keahlian<o:p></o:p></span></li><li style="margin-left: 31.75pt;"><span lang="EN-US" style="">K3<o:p></o:p></span></li><li style="margin-left: 17.55pt;"><span lang="EN-US" style="">Sertifikasi\r\nKompetensi/K3<u style="font-family: Arial, sans-serif;"><o:p></o:p></u></span></li></ul>', '<ul><li style="margin-left: 21.15pt;"><span lang="EN-US" style="">Peningkatan\r\nkualitas SDM<o:p></o:p></span></li><li style="margin-left: 21.15pt;"><span lang="EN-US" style="">Persyaratan\r\nKerja/K3 SDM<span style="font-family: Arial, sans-serif;"><o:p></o:p></span></span></li></ul>', '<span lang="EN-US" style="line-height: 115%;">Pelatihan &amp; Sertifikasi SDM</span>', '<span lang="EN-US" style="line-height: 115%;">Juli 2019</span>', '3,13', '<ul><li style="margin-left: 15.85pt;"><span lang="EN-US" style="">GM\r\nPLTA<o:p></o:p></span></li><li style="margin-left: 15.85pt;"><span lang="EN-US" style="">Kadiv.\r\nSDM<span style="font-family: Arial, sans-serif;"><o:p></o:p></span></span></li></ul>', NULL, NULL, NULL, NULL, 1, 1, 0, 0, '2019-09-29 21:33:43', '2019-09-29 21:33:43'),
	(67, '<span lang="EN-US" style="line-height: 115%;">Pemberian fasilitas\r\nbahan bakar kendaraan dinas perusahaan</span>', '<div style="text-align: justify;">Pemberian fasilitas\r\nbahan bakar kendaraan dinas perusahaan guna mendukung kelancaran tugas\r\noperasional dalam pelaksanaannya diperlakukan sebagai tambahan penghasilan\r\npengguna kendaraan dinas dan pada akhir tahun takwim pajak terdapat kurang\r\nbayar pajak Pph yang membebani karyawan pengguna kendaraan dinas</div>', '<p class="MsoNormal"><span lang="EN-US" style="">Melakukan <span style="font-family: Arial, sans-serif;">review</span>\r\ndan membuat standar kebijakan atas perlakuan terhadap pelaksanaan pemberian\r\nfasilitas bahan bakar kendaraan dinas perusahaan</span><span lang="EN-US" style="font-family:&quot;Arial&quot;,&quot;sans-serif&quot;"><o:p></o:p></span></p>', '<p class="MsoNormal"><span lang="EN-US" style="">31 Maret 2019<span style="font-family: Arial, sans-serif;"><o:p></o:p></span></span></p>', '4', '<span lang="EN-US" style="line-height: 115%;">Kadiv Umum &amp; PKBL</span>', NULL, NULL, NULL, NULL, 1, 1, 0, 0, '2019-09-29 21:34:58', '2019-09-29 21:34:58'),
	(68, '<span lang="IN" style="line-height: 115%;">Adanya barang bekas dilapangan sisa pekerjaan\r\n(proyek) yang masih bisa digunakan</span>', '<p><span lang="IN" style="line-height: 115%;">DPP tidak mempunyai gudang penyimpanan barang\r\nbekas/sisa pekerjaan</span>&nbsp;&nbsp;&nbsp;&nbsp; </p>', '<ul><li style="margin-left: 8.8pt;"><span lang="IN" style="">Mempunyai gudang penyimpan sendiri<o:p></o:p></span></li><li style="margin-left: 8.8pt;"><span lang="IN" style="">Menyerahterimakan barang bekas/sisa kepada unit wilayah\r\nbersangkutan<span style="font-family: Arial, sans-serif;"><o:p></o:p></span></span></li></ul>', '<span lang="EN-US" style="line-height: 115%;">Tentative</span>', '1,8', '<span lang="EN-US" style="line-height: 115%;">Kadiv. PP, Kadiv. IPA &amp; UUW Terkait</span>', NULL, NULL, NULL, NULL, 1, 1, 0, 0, '2019-09-29 21:36:09', '2019-09-29 21:36:09'),
	(69, '<span lang="EN-US" style="line-height: 115%;">Penataan Lingkungan sesuai kaidah K3</span>', '<span lang="EN-US" style="line-height: 115%;">Persyaratan SMK3</span>', '<span lang="EN-US" style="line-height: 115%;">Continues Improvement </span><span lang="EN-US" style="line-height: 115%;">Penataan lingkungan sesuai\r\nkaidah K3</span>', '<span lang="EN-US" style="line-height: 115%;">Berkelanjutan, setiap RKT</span>', '9,13', '<ul><li style="margin-left: 8.8pt;"><span lang="EN-US" style="">GM\r\nPLTA<o:p></o:p></span></li><li style="margin-left: 8.8pt;"><span lang="EN-US" style="">Kadiv.\r\nPSDA/L<span style="font-family: Arial, sans-serif;"><o:p></o:p></span></span></li></ul>', NULL, NULL, NULL, NULL, 1, 1, 0, 0, '2019-09-29 21:37:38', '2019-09-29 21:37:38'),
	(70, '<p class="MsoNormal"><span lang="IN" style="">Terjadi kerusakan pada Bangunan Talang SS Bulak Mangga\r\nantara B.Ma 7-8</span><span lang="IN" style="font-size:8.0pt;line-height:115%;\r\nfont-family:&quot;Arial&quot;,&quot;sans-serif&quot;;mso-ansi-language:IN"><o:p></o:p></span></p>', '<p class="MsoNormal"><span lang="IN" style="">Karena adanya pergeseran pada <span style="font-family: Arial, sans-serif;">abutment talang sehingga menyebabkan ambruknya segment</span> udik talang</span><span lang="EN-US" style="font-family:&quot;Arial&quot;,&quot;sans-serif&quot;"><o:p></o:p></span></p>', '<p class="MsoNormal"><span lang="IN" style="">Sudah dilaksanakan pekerjaan dengan EHBO pada Bulan\r\nNovember, akan dilaksanakan kembali perkuatan dan perbaikan talang sebelah\r\nselatan dan sebelah utara pada RKT I 2019</span><span lang="EN-US" style="font-family:&quot;Arial&quot;,&quot;sans-serif&quot;"><o:p></o:p></span></p>', '<p class="MsoNormal"><span lang="IN" style="">RKT I 2019</span><span lang="EN-US" style="font-family:\r\n&quot;Arial&quot;,&quot;sans-serif&quot;"><o:p></o:p></span></p>', '15', '<p class="MsoNormal"><span lang="EN-US" style="">GM\r\nWilayah I<span style="font-family: Arial, sans-serif;"><o:p></o:p></span></span></p>', NULL, NULL, NULL, NULL, 1, 1, 0, 0, '2019-09-29 21:38:47', '2019-09-29 21:38:47'),
	(71, '<span lang="IN" style="line-height: 115%;">Terjadi bocoran pada titik baru pipa peyaluran\r\nair baku <span style="font-family: Arial, sans-serif; font-size: 11pt;">Manhole</span> 11-12</span>', '<span lang="IN" style="line-height: 115%;">Struktur pipa beton yang berumur tua dan tonase\r\nyang melintas pada bagian atas struktur melebihi kapasitas layan</span>', '<span lang="IN" style="line-height: 115%;">Akan diusulkan melalui EHBO RKT I&nbsp; 2019 untuk penanganan sementara dilakukan\r\ndengan melokalisir air akibat bocoran tersebut</span>', '<span lang="EN-US" style="line-height: 115%;">RKT I 2019</span>', '15', '<span lang="EN-US" style="line-height: 115%;">GM Wilayah I</span>', NULL, NULL, NULL, NULL, 1, 1, 0, 0, '2019-09-29 21:39:36', '2019-09-29 21:39:36'),
	(72, '<span lang="IN" style="line-height: 115%;">Pintu utama nomor 3 Bendung Bekasi saat ini\r\ntidak bisa beroperasi (macet)</span>', '<span lang="IN" style="line-height: 115%;">Tidak terpasangnya penggerak <span style="font-family: Arial, sans-serif; font-size: 11pt;">i</span></span><span lang="EN-US" style="line-height: 115%;">n</span><span lang="IN" style="line-height: 115%;">venter</span><span lang="IN" style="line-height: 115%;">, penggantian <span style="font-family: Arial, sans-serif; font-size: 11pt;">seal</span> dan roda\r\nsudah dilakukan tetapi tidak berfungsi maksimal</span>', '<span lang="IN" style="line-height: 115%;">Perlu adanya penggantian penggerak <span style="font-family: Arial, sans-serif; font-size: 11pt;">inventer</span> dan pekerjaan akan dilakukan\r\npada RKT I 2019</span>', '<span lang="EN-US" style="line-height: 115%;">Tahun 2019</span>', '15', '<span lang="EN-US" style="line-height: 115%;">GM Wilayah I</span>', NULL, NULL, NULL, NULL, 1, 1, 0, 0, '2019-09-29 21:40:40', '2019-09-29 21:40:40'),
	(73, '<span lang="IN" style="line-height: 115%;">Pasok air irigasi DI Cipamingkis kurang</span>', '<span lang="IN" style="line-height: 115%;">Kerusakan pada Bendung Cipamingkis dan sering\r\njebolnya Bendung darurat pada saat debit besar atau banjir</span>', '<div style="text-align: justify;"><span lang="IN" style="line-height: 115%;">Sudah dibuatkan Bendung darurat</span><span lang="IN" style="line-height: 115%;"> </span><span lang="EN-US" style="line-height: 115%;">(± 400 meter) dari\r\nBendung yang rusak dan dibuatkan saluran (Sodetan) ke <span style="font-family: Arial, sans-serif; font-size: 11pt;">intake</span> SI Cibarusah, membuat saluran suplesi dari air dengan\r\nmembuat Bendung darurat sungai alam Cihieum saluran pembawanya SS Mengker</span></div>', '<span lang="EN-US" style="line-height: 115%;">Tahun 2019</span>', '15', '<span lang="EN-US" style="line-height: 115%;">GM Wilayah I</span>', NULL, NULL, NULL, NULL, 1, 1, 0, 0, '2019-09-29 21:41:33', '2019-09-29 21:41:33'),
	(74, '<span lang="EN-US" style="line-height: 115%;">Banyak pelanggan sewa lahan yang tidak\r\nmemperpanjang kontak</span>', '<span lang="DE" style="line-height: 115%;">Tingginya harga satuan tarif sewa lahan, menyebabkan\r\nkontrak tidak di perpanjang karena tidak terjadi kesepakatan</span>', '<span lang="DE" style="line-height: 115%;">Adanya petunjuk pelaksana dari manajemen cq Divisi\r\nPembina untuk segera ada penyelesaian tanpa ada risiko hukum</span>', '<p class="MsoNormal"><span lang="EN-US" style="">RKT\r\nI 2019<span style="font-family: Arial, sans-serif;"><o:p></o:p></span></span></p>', '1,2,11', '<span lang="EN-US" style="line-height: 115%;">Sekper, Kadiv PPP, Kadiv IPA</span>', NULL, NULL, NULL, NULL, 1, 1, 0, 0, '2019-09-29 21:42:29', '2019-09-29 21:42:29'),
	(75, 'uraian permasalahan 1', 'analisis 1', 'uraian 1', 'target 1', '2,9', 'test', NULL, NULL, NULL, NULL, 1, 1, 0, 0, '2019-10-03 19:00:28', '2019-10-03 19:00:28'),
	(76, 'test 1', 'test 2', 'test 3', 'januari 2020', '2', 'Divisi PKSM', 'test 4', 'akan dilakukan', 'sudah dilakukan', NULL, 1, 1, 0, 0, '2019-10-03 19:16:53', '2019-10-03 19:37:25');
/*!40000 ALTER TABLE `uraian` ENABLE KEYS */;

-- Dumping structure for table rtmdb.users
CREATE TABLE IF NOT EXISTS `users` (
  `id` bigint(20) unsigned NOT NULL AUTO_INCREMENT,
  `name` varchar(255) COLLATE utf8mb4_unicode_ci NOT NULL,
  `email` varchar(255) COLLATE utf8mb4_unicode_ci NOT NULL,
  `email_verified_at` timestamp NULL DEFAULT NULL,
  `password` varchar(255) COLLATE utf8mb4_unicode_ci NOT NULL,
  `remember_token` varchar(100) COLLATE utf8mb4_unicode_ci DEFAULT NULL,
  `departemen_id` int(5) DEFAULT NULL,
  `created_at` timestamp NULL DEFAULT NULL,
  `updated_at` timestamp NULL DEFAULT NULL,
  PRIMARY KEY (`id`),
  UNIQUE KEY `users_email_unique` (`email`)
) ENGINE=InnoDB AUTO_INCREMENT=21 DEFAULT CHARSET=utf8mb4 COLLATE=utf8mb4_unicode_ci;

-- Dumping data for table rtmdb.users: ~20 rows (approximately)
/*!40000 ALTER TABLE `users` DISABLE KEYS */;
INSERT INTO `users` (`id`, `name`, `email`, `email_verified_at`, `password`, `remember_token`, `departemen_id`, `created_at`, `updated_at`) VALUES
	(1, 'Divisi Inventarisasi dan Pengendalian Aset', 'ipa', '2019-07-29 16:42:00', '$2y$10$c57iAqV4J37/gx6AsUaOeuq2m/fzMM6Hgw2zPkW9W/noh6U5DYs8i', '', 1, '2019-07-29 16:42:00', '2019-07-29 16:42:00'),
	(2, 'Sekretariat Perusahaan', 'sekper', '2019-07-29 16:42:00', '$2y$10$5M0X5XM3ljhBQ/lG/7fwAuO0ZojCVFxSRwF3Kd65aoDWXNT/t9zhm', '', 2, '2019-07-29 16:42:01', '2019-07-29 16:42:01'),
	(3, 'Divisi Sumber Daya Manusia', 'sdm', '2019-07-29 16:42:01', '$2y$10$W17ALurAVFYMD6KZNG5zpu.x/Em2OfLc0c9c2Ubfv2FMCNtrnMsYK', '', 3, '2019-07-29 16:42:01', '2019-07-29 16:42:01'),
	(4, 'Divisi Umum dan PKBL', 'umum', '2019-07-29 16:42:01', '$2y$10$ePMxDtGzMn/yCF3AMV4pS.wDAMGjJXevP8c9nhkcto2rG0gFc/6lq', '', 4, '2019-07-29 16:42:01', '2019-07-29 16:42:01'),
	(5, 'Divisi Keuangan dan Akuntansi', 'akuntansi', '2019-07-29 16:42:01', '$2y$10$rblgLvhOICWjAWYgVfmz2.Vmw4XZfftX0IMlIO9mJoJszZatx1CWW', '', 5, '2019-07-29 16:42:01', '2019-07-29 16:42:01'),
	(6, 'Divisi Pengendalian Kinerja dan Sistem Manajemen', 'pksm', '2019-07-29 16:42:01', '$2y$10$Qw9sDg4QS6IP8etBz6ASSu5NUPaGAHjiWxPLeWO7E0rERq0UBjNKm', '', 6, '2019-07-29 16:42:01', '2019-07-29 16:42:01'),
	(7, 'Satuan Pengawasan Intern', 'spi', '2019-07-29 16:42:01', '$2y$10$8oFS2JVVPyGTY9Dxj6W0deJqcUD7Rc7ReQVDhLQjZtyYUwi8NL23S', '', 7, '2019-07-29 16:42:01', '2019-07-29 16:42:01'),
	(8, 'Divisi Pengelolaan Proyek', 'dpp', '2019-07-29 16:42:01', '$2y$10$J60R1Z.PqtUAy1a6IhuWVecl3kMNG9q8IjDq1VIXC4gGXvnuCk0.y', '', 8, '2019-07-29 16:42:01', '2019-07-29 16:42:01'),
	(9, 'Divisi SDA dan SDL', 'sdasdl', '2019-07-29 16:42:02', '$2y$10$oPDOwumhg9TizAh5jPu63ueB18X5NeDm4vbmM76Oo1ooripNPPcQG', '', 9, '2019-07-29 16:42:02', '2019-07-29 16:42:02'),
	(10, 'Divisi Rencana Strategis dan Litbang', 'renstra', '2019-07-29 16:42:02', '$2y$10$J7FEmRFqatzBgMafryDNKuNIuXWyjr20K3/7PhVgvBotiBVS/lyH.', '', 10, '2019-07-29 16:42:02', '2019-07-29 16:42:02'),
	(11, 'Divisi Pengusahaan dan Pelayanan Pelanggan', 'p3', '2019-07-29 16:42:02', '$2y$10$GctnIUblLrq/Wk0lIzw4ReZ3k.oylLv1Zm6XtECSeEvqvzqMoMnWa', '', 11, '2019-07-29 16:42:02', '2019-07-29 16:42:02'),
	(12, 'Unit Usaha Wilayah II', 'uuw2', '2019-07-29 16:42:02', '$2y$10$IoIW72dPFZwWJest3yO9p.5MkeeHb85LlgC3M.S667wvdZCkA1QJO', '', 12, '2019-07-29 16:42:02', '2019-07-29 16:42:02'),
	(13, 'Unit Usaha PLTA', 'plta', '2019-07-29 16:42:02', '$2y$10$W2tQMOF41jg5kZXJLOgpnufVNYQ5PM85RvmauQ7YFjQAHShLjsj6y', '', 13, '2019-07-29 16:42:02', '2019-07-29 16:42:02'),
	(14, 'Unit Usaha Pariwisata dan AMDK', 'pariwisata', '2019-07-29 16:42:02', '$2y$10$Vt2vtcDZT94a9KknRS0yHecUktGsaZTwrpQIHQalfT2OpInFMMb1i', '', 14, '2019-07-29 16:42:02', '2019-07-29 16:42:02'),
	(15, 'Unit Usaha Wilayah I', 'uuw1', '2019-07-29 16:42:02', '$2y$10$Q8mvWRyNDKk3Zify7Fw6MuZiIXVVBPHsqM2UySIxtjj/DwusnpTeW', '', 15, '2019-07-29 16:42:03', '2019-07-29 16:42:03'),
	(16, 'Unit Usaha Wilayah IV', 'uuw4', '2019-07-29 16:42:03', '$2y$10$eIeR8z/EK./.ClURBqicQutWS0P4wXGD0Dvd.Q/d99sXMwjRqqF.W', '', 16, '2019-07-29 16:42:03', '2019-07-29 16:42:03'),
	(17, 'Unit Usaha Wilayah III', 'uuw3', '2019-07-29 16:42:03', '$2y$10$rtkqmiTT0fm3OHnrkEgkp.YoElrYpQKsQoVHRi8qVJw1rtOxfdvSm', '', 17, '2019-07-29 16:42:03', '2019-07-29 16:42:03'),
	(18, 'Unit Layanan Pengadaan', 'ulp', '2019-07-29 16:42:03', '$2y$10$22ZwB6P6ehENujRgQcRF/ucR6sAHEk5gylnAn/466L2TDztEfjfhG', '', 18, '2019-07-29 16:42:03', '2019-07-29 16:42:03'),
	(19, 'Anak Perusahaan', 'ap', '2019-07-29 16:42:03', '$2y$10$wia1/WKg6A0.iQ3.WQgJjelVO.L60/4j5H8KjsH1XcH1J1BJ2vFMu', NULL, 19, '2019-07-29 16:42:03', '2019-07-29 16:42:03'),
	(20, 'Administrator', 'admin', '2019-07-29 16:42:03', '$2y$10$wia1/WKg6A0.iQ3.WQgJjelVO.L60/4j5H8KjsH1XcH1J1BJ2vFMu', '', 0, '2019-07-29 16:42:03', '2019-07-29 16:42:03');
/*!40000 ALTER TABLE `users` ENABLE KEYS */;

/*!40101 SET SQL_MODE=IFNULL(@OLD_SQL_MODE, '') */;
/*!40014 SET FOREIGN_KEY_CHECKS=IF(@OLD_FOREIGN_KEY_CHECKS IS NULL, 1, @OLD_FOREIGN_KEY_CHECKS) */;
/*!40101 SET CHARACTER_SET_CLIENT=@OLD_CHARACTER_SET_CLIENT */;
